-- phpMyAdmin SQL Dump
-- version 4.2.11
-- http://www.phpmyadmin.net
--
-- Host: localhost
-- Generation Time: Dec 13, 2014 at 10:27 
-- Server version: 5.6.21
-- PHP Version: 5.6.3

SET SQL_MODE = "NO_AUTO_VALUE_ON_ZERO";
SET time_zone = "+00:00";


/*!40101 SET @OLD_CHARACTER_SET_CLIENT=@@CHARACTER_SET_CLIENT */;
/*!40101 SET @OLD_CHARACTER_SET_RESULTS=@@CHARACTER_SET_RESULTS */;
/*!40101 SET @OLD_COLLATION_CONNECTION=@@COLLATION_CONNECTION */;
/*!40101 SET NAMES utf8 */;

--
-- Database: `sgp`
--

DELIMITER $$
--
-- Procedures
--
CREATE DEFINER=`root`@`localhost` PROCEDURE `sP_validaParecerProf`(pCod bigint(20), nProf bigint(20), des text, par varchar(2), dt date )
BEGIN

IF ( (( nProf != 0) && (nProf != '')) && (( pcod != 0) && (pcod != '')) && (par != '') && (des != '') ) THEN

INSERT INTO `parecer_professor`( `codigo_processo`, `num_siad_professor`, `descricao`, `parecer`, `dataParecer`) VALUES (pCod,nProf,des,par,dt);


ELSE
SELECT 'Dados inconsistentes'
AS Msg;
END IF;
END$$

DELIMITER ;

-- --------------------------------------------------------

--
-- Table structure for table `aluno`
--

CREATE TABLE IF NOT EXISTS `aluno` (
  `matricula` int(11) NOT NULL,
  `cpf_pessoa` varchar(15) NOT NULL,
  `alunocol` varchar(45) NOT NULL
) ENGINE=InnoDB DEFAULT CHARSET=utf8;

--
-- Dumping data for table `aluno`
--

INSERT INTO `aluno` (`matricula`, `cpf_pessoa`, `alunocol`) VALUES
(200810608, '571.872.596-97', ''),
(200810610, '556.989.364-47', ''),
(200810630, '037.794.629-07', ''),
(200820238, '816.752.329-20', ''),
(200820264, '527.531.037-47', ''),
(210105615, '031.111.123-81', ''),
(210105642, '285.473.847-07', ''),
(210200238, '573.894.567-01', ''),
(210200240, '888.335.897-06', ''),
(210200244, '945.761.416-00', ''),
(210200249, '631.824.793-93', ''),
(210200256, '213.560.636-75', ''),
(210200264, '528.936.416-10', ''),
(210200267, '248.859.488-19', ''),
(210202153, '850.167.243-26', ''),
(211100670, '454.520.601-89', ''),
(211101194, '882.344.094-76', ''),
(211101209, '818.968.281-40', ''),
(211111112, '126.806.605-98', ''),
(211111113, '745.896.553-35', ''),
(211111114, '202.423.825-42', ''),
(211111115, '899.945.945-83', ''),
(211111116, '221.688.160-12', ''),
(211111117, '219.269.826-53', ''),
(211111118, '515.991.409-15', ''),
(211111119, '338.585.132-62', ''),
(211111120, '612.268.289-98', ''),
(211111121, '369.928.143-52', ''),
(211111122, '380.503.528-18', ''),
(211111123, '228.441.375-41', ''),
(211111124, '150.976.355-27', ''),
(211111125, '831.343.332-66', ''),
(211111126, '412.379.723-83', ''),
(211111127, '581.899.359-59', ''),
(211111128, '247.881.750-44', ''),
(211111129, '991.929.938-50', ''),
(211111130, '485.692.114-43', ''),
(211111131, '302.510.207-81', ''),
(211111132, '422.943.348-43', ''),
(211111133, '351.363.927-12', ''),
(211111134, '903.859.309-26', ''),
(211111135, '921.812.422-76', ''),
(211111136, '734.493.819-73', ''),
(211111137, '317.118.461-29', ''),
(211111138, '329.377.439-26', ''),
(211111139, '650.708.593-55', ''),
(211111140, '242.431.186-66', ''),
(211111141, '319.117.435-33', ''),
(211111142, '791.449.748-38', ''),
(211111143, '798.156.712-63', ''),
(211111144, '844.149.151-41', ''),
(211111145, '895.447.695-19', ''),
(211111146, '274.129.611-44', ''),
(211111147, '213.313.486-84', ''),
(211111148, '798.194.706-66', ''),
(211111149, '414.408.281-74', ''),
(211111150, '450.912.474-78', ''),
(211111151, '945.485.314-85', ''),
(211111152, '371.817.361-51', ''),
(211111153, '122.703.175-53', ''),
(211111154, '781.822.421-30', ''),
(211111155, '862.773.341-41', ''),
(211111156, '609.825.115-29', ''),
(211111157, '432.847.508-94', ''),
(211111158, '698.485.765-75', ''),
(211111159, '675.800.568-16', ''),
(211111160, '973.250.148-88', ''),
(211111161, '549.557.606-93', ''),
(211111162, '642.208.330-54', ''),
(211111163, '608.967.161-86', ''),
(211111164, '233.471.996-84', ''),
(211111165, '819.962.197-29', ''),
(211111166, '829.377.317-93', ''),
(211111167, '623.244.156-30', ''),
(211111168, '686.620.328-68', ''),
(211111169, '999.418.741-71', ''),
(211111170, '551.268.875-95', ''),
(211111171, '633.222.421-84', ''),
(211111172, '627.921.280-91', ''),
(211111173, '607.928.660-46', ''),
(211111174, '294.341.642-12', ''),
(211111175, '702.504.151-41', ''),
(211111176, '471.925.980-36', ''),
(211111177, '114.942.559-12', ''),
(211111178, '794.772.974-85', ''),
(211111179, '531.287.447-21', ''),
(211111180, '369.875.971-22', ''),
(211111181, '241.406.912-37', ''),
(211111182, '606.361.296-82', ''),
(211111183, '577.867.597-46', ''),
(211111184, '570.996.312-66', ''),
(211111185, '486.573.960-69', ''),
(211111186, '920.461.707-31', ''),
(211111187, '183.923.399-80', ''),
(211111188, '281.622.575-65', ''),
(211111189, '714.593.921-45', ''),
(211111190, '193.262.888-29', ''),
(211111191, '310.181.561-35', ''),
(211111192, '451.282.319-58', ''),
(211111193, '787.908.595-17', ''),
(211111194, '234.350.718-91', ''),
(211111195, '156.273.393-82', ''),
(211111196, '163.448.434-53', ''),
(211111197, '323.156.931-28', ''),
(211111198, '906.126.964-72', ''),
(211111199, '244.573.167-66', ''),
(211111200, '479.109.371-97', ''),
(211111201, '196.770.372-29', ''),
(211111202, '244.490.568-78', ''),
(211111203, '583.295.597-93', ''),
(211111204, '420.461.332-35', ''),
(211111205, '405.830.867-64', ''),
(211111206, '197.349.295-65', ''),
(211111207, '669.636.825-13', ''),
(211111208, '128.101.559-97', ''),
(211111209, '879.385.277-77', ''),
(211111210, '252.856.781-28', ''),
(211111211, '113.781.719-11', ''),
(211111212, '810.544.475-61', ''),
(211111213, '593.176.113-15', ''),
(211111214, '515.688.127-29', ''),
(211111215, '102.820.485-12', ''),
(211111216, '760.532.943-87', ''),
(211111217, '773.516.521-91', ''),
(211111218, '305.861.575-22', ''),
(211111219, '477.485.704-54', ''),
(211111220, '232.290.649-60', ''),
(211111221, '957.692.364-18', ''),
(211111222, '476.350.177-56', ''),
(211111223, '132.706.148-50', ''),
(211111224, '770.967.853-61', ''),
(211111225, '907.224.782-18', ''),
(211111226, '457.833.291-96', ''),
(211111227, '410.450.851-83', ''),
(211111228, '304.725.736-53', ''),
(211111229, '635.839.215-94', ''),
(211111230, '423.736.805-70', ''),
(211111231, '403.136.673-62', ''),
(211111232, '801.422.678-34', ''),
(211111233, '214.819.960-22', ''),
(211111234, '651.224.660-35', ''),
(211111235, '894.198.350-93', ''),
(211111236, '323.896.804-44', ''),
(211111237, '900.818.831-17', ''),
(211111238, '974.847.730-29', ''),
(211111239, '234.274.274-67', ''),
(211111240, '915.531.375-21', ''),
(211111241, '586.810.240-91', ''),
(211111242, '596.650.348-60', ''),
(211111243, '583.604.748-98', ''),
(211111244, '121.908.685-54', ''),
(211111245, '846.943.482-32', ''),
(211111246, '360.703.828-48', ''),
(211111247, '685.287.770-31', ''),
(211111248, '725.472.563-49', ''),
(211111249, '213.454.378-51', ''),
(211111250, '227.912.784-11', ''),
(211111251, '482.425.960-18', ''),
(211111252, '356.938.350-88', ''),
(211111253, '639.986.330-83', ''),
(211111254, '827.995.926-67', ''),
(211111255, '407.681.502-27', ''),
(211111256, '634.126.881-65', ''),
(211111257, '236.521.453-74', ''),
(211111258, '935.703.522-54', ''),
(211111259, '456.955.382-52', ''),
(211111260, '112.859.463-85', ''),
(211111261, '288.695.433-37', ''),
(211111262, '114.498.741-12', ''),
(211111263, '491.686.708-23', ''),
(211111264, '772.397.720-20', ''),
(211111265, '418.397.252-82', ''),
(211111266, '124.698.160-59', ''),
(211111267, '418.620.615-30', ''),
(211111268, '784.854.280-54', ''),
(211111269, '180.886.132-67', ''),
(211111270, '985.900.130-29', ''),
(211111271, '502.422.158-53', ''),
(211111272, '841.107.132-84', ''),
(211111273, '638.491.203-24', ''),
(211111274, '188.613.556-62', ''),
(211111275, '346.309.416-32', ''),
(211111276, '619.225.497-23', ''),
(211111277, '540.827.994-73', ''),
(211111278, '729.783.265-81', ''),
(211111279, '809.700.417-71', ''),
(211111280, '655.218.801-34', ''),
(211111281, '491.763.141-92', ''),
(211111282, '735.184.225-13', ''),
(211111283, '307.443.889-76', ''),
(211111284, '443.695.413-91', ''),
(211111285, '647.713.238-59', ''),
(211111286, '718.614.467-69', ''),
(211111287, '392.310.739-72', ''),
(211111288, '492.558.933-71', ''),
(211111289, '987.706.177-64', ''),
(211111290, '106.240.518-80', ''),
(211111291, '997.589.331-86', ''),
(211111292, '217.342.342-70', ''),
(211111293, '688.209.109-51', ''),
(211111294, '872.391.296-39', ''),
(211111295, '406.964.877-58', ''),
(211111296, '199.819.600-68', ''),
(211111297, '909.733.982-43', ''),
(211111298, '366.442.466-67', ''),
(211111299, '463.160.175-20', ''),
(211111300, '262.125.884-73', ''),
(211111301, '285.953.387-31', ''),
(211111302, '977.694.425-15', ''),
(211111303, '864.500.166-57', ''),
(211111304, '809.249.485-71', ''),
(211111305, '818.779.443-49', ''),
(211111306, '187.131.891-87', ''),
(211111307, '653.967.986-44', ''),
(211111308, '396.773.142-65', ''),
(211111309, '610.533.858-16', ''),
(211111310, '998.959.384-58', ''),
(211111311, '505.525.927-90', ''),
(211111312, '521.797.321-94', ''),
(211111313, '341.423.982-25', ''),
(211111314, '933.568.516-74', ''),
(211111315, '851.247.945-73', ''),
(211111316, '280.576.603-22', ''),
(211111317, '956.332.121-14', ''),
(211111318, '267.954.616-38', ''),
(211111319, '971.934.176-50', ''),
(211111320, '973.873.487-64', ''),
(211111321, '781.337.936-21', ''),
(211111322, '122.919.856-85', ''),
(211111323, '403.475.792-61', ''),
(211111324, '268.795.863-55', ''),
(211111325, '500.489.204-39', ''),
(211111326, '792.238.999-77', ''),
(211111327, '292.322.866-67', ''),
(211111328, '459.797.746-68', ''),
(211111329, '115.104.823-67', ''),
(211111330, '587.839.167-44', ''),
(211111331, '901.359.585-66', ''),
(211111332, '548.738.839-10', ''),
(211111333, '447.109.627-11', ''),
(211111334, '761.378.295-92', ''),
(211111335, '205.253.796-92', ''),
(211111336, '323.181.992-26', ''),
(211111337, '160.258.863-76', ''),
(211111338, '940.702.717-10', ''),
(211111339, '195.901.303-23', ''),
(211111340, '688.833.600-18', ''),
(211111341, '903.198.218-31', ''),
(211111342, '668.817.374-78', ''),
(211111343, '293.401.203-11', ''),
(211111344, '173.512.650-67', ''),
(211111345, '757.855.119-46', ''),
(211111346, '576.116.837-69', ''),
(211111347, '326.710.479-38', ''),
(211111348, '406.212.520-54', ''),
(211111349, '547.596.597-96', ''),
(211111350, '639.497.673-23', ''),
(211111351, '942.690.264-92', ''),
(211111352, '178.238.454-44', ''),
(211111353, '727.568.877-80', ''),
(211111354, '125.704.702-62', ''),
(211111355, '526.753.949-48', ''),
(211111356, '335.447.907-85', ''),
(211111357, '652.766.935-10', ''),
(211111358, '440.154.458-74', ''),
(211111359, '401.443.306-95', ''),
(211111360, '639.871.408-81', ''),
(211111361, '242.831.861-63', ''),
(211111362, '591.371.534-77', ''),
(211111363, '352.233.679-48', ''),
(211111364, '193.436.963-32', ''),
(211111365, '130.740.802-71', ''),
(211111366, '817.992.393-84', ''),
(211111367, '778.632.702-59', ''),
(211111368, '833.967.148-38', ''),
(211111369, '827.588.848-46', ''),
(211111370, '472.394.465-96', ''),
(211111371, '534.454.249-79', ''),
(211111372, '862.696.730-35', ''),
(211111373, '219.166.270-96', ''),
(211111374, '540.203.135-85', ''),
(211111375, '757.500.908-86', ''),
(211111376, '508.569.788-90', ''),
(211111377, '913.304.151-72', ''),
(211111378, '318.682.233-67', ''),
(211111379, '988.951.142-36', ''),
(211111380, '514.545.559-41', ''),
(211111381, '852.584.398-22', ''),
(211111382, '284.289.930-66', ''),
(211111383, '296.540.949-52', ''),
(211111384, '453.837.161-15', ''),
(211111385, '318.633.726-82', ''),
(211111386, '472.284.297-19', ''),
(211111387, '170.830.644-54', ''),
(211111388, '150.980.619-22', ''),
(211111389, '629.438.233-38', ''),
(211200283, '837.336.208-87', ''),
(211200291, '354.445.735-04', ''),
(212102602, '716.599.411-48', ''),
(212202203, '975.016.952-29', '');

-- --------------------------------------------------------

--
-- Table structure for table `auditoria_parecerProf`
--

CREATE TABLE IF NOT EXISTS `auditoria_parecerProf` (
  `codigo_processo` bigint(20) NOT NULL,
  `num_siad_professor` int(11) NOT NULL,
  `descricao` text NOT NULL,
  `parecer` varchar(2) NOT NULL,
  `processo_descricao` text NOT NULL,
  `processo_situacao` int(11) NOT NULL,
  `pessoa_cpf` varchar(15) NOT NULL,
  `pessoa_nome` varchar(255) NOT NULL,
  `requerimento_codigo` int(11) NOT NULL,
  `requerimento` varchar(255) NOT NULL,
  `hora` datetime NOT NULL,
  `professor` varchar(255) NOT NULL
) ENGINE=InnoDB DEFAULT CHARSET=latin1;

--
-- Dumping data for table `auditoria_parecerProf`
--

INSERT INTO `auditoria_parecerProf` (`codigo_processo`, `num_siad_professor`, `descricao`, `parecer`, `processo_descricao`, `processo_situacao`, `pessoa_cpf`, `pessoa_nome`, `requerimento_codigo`, `requerimento`, `hora`, `professor`) VALUES
(2147483647, 219069, 'nisi consectetur ut lectus rutrum lacinia, sit con...', 'NF', 'ut dolor arcu hac hendrerit, convallis tristique vulputate. ', 0, '377.792.519-92', 'pkEVmVgtTiodOvmjIVzKSUnatMqhlmEAwjvJeCcY', 1001, 'vivamus nam lacinia dictumst hendrerit suscip', '2014-12-02 16:03:18', 'Cláudio Nogueira Sant''Anna '),
(2147483647, 219070, 'etiam aliquet pulvinar phasellus, enim. ', 'F', 'iaculis tellus conubia taciti, placerat ligula. ', 0, '173.655.934-57', 'GdwinpOKLIJmbDJkhjRNxUJdqehWaJPHNlPaAEKlnuxoYhyfqpTOjDRAHZw', 1003, 'per aenean a vestibulum, fermentum. ', '2014-12-02 16:12:47', 'Eduardo Santana de Almeida '),
(230661415425620, 219070, 'etiam aliquet pulvinar phasellus, enim. ', 'F', 'iaculis tellus conubia taciti, placerat ligula. ', 0, '173.655.934-57', 'GdwinpOKLIJmbDJkhjRNxUJdqehWaJPHNlPaAEKlnuxoYhyfqpTOjDRAHZw', 1003, 'per aenean a vestibulum, fermentum. ', '2014-12-02 16:15:42', 'Eduardo Santana de Almeida ');

-- --------------------------------------------------------

--
-- Table structure for table `auditoria_processo`
--

CREATE TABLE IF NOT EXISTS `auditoria_processo` (
  `codigo` bigint(20) NOT NULL,
  `situacao` varchar(45) NOT NULL,
  `descricao` text NOT NULL,
  `pessoa_cpf` varchar(15) NOT NULL,
  `codigo_requerimento` int(11) NOT NULL,
  `data` datetime NOT NULL
) ENGINE=InnoDB DEFAULT CHARSET=latin1;

--
-- Dumping data for table `auditoria_processo`
--

INSERT INTO `auditoria_processo` (`codigo`, `situacao`, `descricao`, `pessoa_cpf`, `codigo_requerimento`, `data`) VALUES
(2147483647, 'ativo', 'teste trigger', 'teste trigger', 1001, '2014-12-02 14:49:18');

-- --------------------------------------------------------

--
-- Table structure for table `documento`
--

CREATE TABLE IF NOT EXISTS `documento` (
`numero_documento` bigint(20) NOT NULL,
  `codigo_processo` bigint(20) NOT NULL,
  `conteudo_documento` mediumblob NOT NULL
) ENGINE=InnoDB DEFAULT CHARSET=utf8;

-- --------------------------------------------------------

--
-- Table structure for table `movimentacao`
--

CREATE TABLE IF NOT EXISTS `movimentacao` (
`codigo` bigint(20) NOT NULL,
  `descricao` tinytext NOT NULL,
  `codigo_tipo_movimentacao` bigint(20) NOT NULL
) ENGINE=InnoDB AUTO_INCREMENT=1301 DEFAULT CHARSET=utf8;

--
-- Dumping data for table `movimentacao`
--

INSERT INTO `movimentacao` (`codigo`, `descricao`, `codigo_tipo_movimentacao`) VALUES
(1001, 'etiam metus volutpat magna, nec. ', 1244),
(1002, 'praesent nostra bibendum eu convallis nullam habitasse aliquam interdum ultrices quisque, duis tellus mollis vehicula sem a risus blandit tortor aenean, dui varius at habitant rutrum mi faucibus lorem duis. ', 1043),
(1003, 'torquent fames vel metus justo, porttitor lacus mi. ', 1243),
(1004, 'curae sem tortor adipiscing venenatis non nisl elementum curabitur auctor egestas, aliquet ac scelerisque volutpat adipiscing augue iaculis sociosqu congue, magna adipiscing vulputate vitae netus per vulputate dolor non. ', 1186),
(1005, 'volutpat facilisis ante urna vestibulum primis tristique mollis, per tellus interdum pellentesque litora tempus nullam, vestibulum sollicitudin aptent porta habitasse mollis. ', 1127),
(1006, 'est sociosqu accumsan neque, nibh ornare mollis, fusce felis. ', 1238),
(1007, 'curae ornare phasellus sagittis ipsum duis euismod aenean, et accumsan amet turpis diam class non amet, rutrum dolor ad blandit bibendum phasellus. ', 1095),
(1008, 'imperdiet fermentum elementum fusce venenatis fusce nec vel, massa erat tincidunt imperdiet interdum ante porta ac, rhoncus fringilla viverra maecenas adipiscing nam. ', 1284),
(1009, 'nam tincidunt a convallis scelerisque nibh leo, vitae pretium amet purus eros, leo feugiat senectus sapien eros. duis etiam orci interdum pharetra, euismod mi sociosqu eleifend inceptos, commodo lobortis a. ', 1118),
(1010, 'etiam justo etiam tempus phasellus augue, fusce phasellus iaculis sapien nunc diam, maecenas sem morbi ante. tristique lorem euismod nisi, morbi eleifend. ', 1153),
(1011, 'mi euismod fames nunc iaculis nunc elit, nunc eget dapibus gravida elit sodales, class sit ut dapibus senectus. ', 1029),
(1012, 'sit inceptos platea pellentesque class sed, pulvinar per aenean torquent potenti hac, felis mollis dapibus dictum. ', 1253),
(1013, 'blandit rhoncus torquent per commodo varius vestibulum lacus sit lacus etiam, adipiscing fames nunc neque sodales torquent aenean duis dictumst, donec euismod et suspendisse nec rutrum aptent purus pulvinar. ', 1193),
(1014, 'sodales magna scelerisque curae quis interdum dolor urna, interdum maecenas orci etiam nibh condimentum integer dolor, sociosqu nisi faucibus lorem mi leo. ', 1042),
(1015, 'potenti curabitur dictumst neque venenatis fames tempor quam vehicula, tempus porta cursus ullamcorper fusce aenean imperdiet hac consequat, suscipit senectus arcu fringilla leo scelerisque leo. ', 1284),
(1016, 'euismod auctor sit nibh lorem himenaeos, tristique lobortis elementum habitant neque, fermentum scelerisque aenean amet. ', 1119),
(1017, 'vulputate rutrum non diam est vel vitae etiam euismod, volutpat aliquam enim ultricies elementum ullamcorper ut, elit augue id egestas per class felis. ', 1189),
(1018, 'condimentum quam neque condimentum, rhoncus habitasse turpis, erat lacus. ', 1204),
(1019, 'venenatis suspendisse rhoncus purus etiam blandit odio etiam, vulputate convallis libero pulvinar ut mauris, dapibus neque dictumst donec primis et. ', 1025),
(1020, 'nam suscipit lacinia taciti leo elit dapibus metus mollis risus, urna at aptent platea adipiscing mattis est egestas curae mauris, tellus cursus aenean platea posuere facilisis netus pulvinar. ', 1165),
(1021, 'inceptos ligula fames aliquet lacinia aenean mattis nisl aliquam varius, porttitor posuere luctus urna curabitur lacus egestas. ', 1087),
(1022, 'pellentesque erat libero torquent suscipit, etiam interdum. ', 1104),
(1023, 'potenti bibendum integer dictum at bibendum condimentum quis, ornare congue vitae rhoncus habitant pellentesque, ipsum pretium dolor rutrum pharetra conubia. ', 1297),
(1024, 'semper eget orci quam velit magna, ut eu leo rhoncus, etiam consequat congue accumsan. ', 1106),
(1025, 'auctor dapibus habitasse quam, scelerisque. ', 1020),
(1026, 'facilisis dui per massa suscipit imperdiet consectetur consequat rhoncus tempus, fusce praesent proin orci viverra tortor netus senectus purus, class curabitur ad vel accumsan curae ad ligula. ', 1092),
(1027, 'congue ultrices suscipit morbi sagittis non ac, egestas taciti adipiscing metus arcu. ', 1178),
(1028, 'pellentesque commodo rhoncus duis curabitur gravida, proin mi eros per luctus, adipiscing aenean nibh vulputate. ', 1263),
(1029, 'imperdiet ad duis quis etiam bibendum erat curae nibh mauris, inceptos etiam vel litora ut dapibus ipsum sapien conubia, habitasse pellentesque posuere sem torquent iaculis vel porttitor. ', 1167),
(1030, 'tempor consectetur himenaeos aliquam dictumst ipsum aliquet, a massa eu donec metus euismod scelerisque, lorem velit pellentesque gravida a. aenean himenaeos torquent dui id, maecenas habitant. ', 1239),
(1031, 'metus potenti porta neque nam laoreet, ipsum venenatis curabitur. ', 1289),
(1032, 'sem nisl sodales sem volutpat eros cubilia ac, amet accumsan fames vestibulum justo porttitor eleifend, condimentum morbi taciti tortor quisque auctor. ', 1031),
(1033, 'eget dictumst sociosqu ullamcorper molestie eget quisque placerat habitasse justo potenti eget conubia, mi ornare litora in cubilia eu quisque eu tellus tempor aenean. ', 1300),
(1034, 'condimentum ultricies aliquam donec blandit cubilia volutpat, primis purus dapibus vivamus platea pretium gravida, taciti rutrum cursus gravida sagittis. ', 1212),
(1035, 'tellus accumsan praesent nunc blandit tortor tincidunt nisl, habitant aliquet inceptos convallis bibendum sit posuere, est pulvinar eleifend aenean dui vehicula. ', 1056),
(1036, 'fames felis aptent nisi platea imperdiet eu proin, amet praesent litora sagittis molestie fusce rutrum integer, a nec et habitasse enim dapibus. ', 1205),
(1037, 'leo metus molestie egestas, ornare aenean. ', 1127),
(1038, 'hendrerit proin fermentum quam erat nibh pellentesque nostra nec, neque cursus lacinia sodales lobortis per vel bibendum, rhoncus sodales molestie vulputate quisque nullam eros. ', 1021),
(1039, 'consequat morbi fusce vivamus erat arcu etiam mauris, aliquet scelerisque pulvinar quam lobortis purus posuere, varius elit vestibulum aenean sagittis quam. iaculis at molestie platea, dictumst donec. ', 1232),
(1040, 'tristique class magna fames porta laoreet, sollicitudin potenti quisque iaculis non torquent, netus habitasse proin donec. ', 1273),
(1041, 'velit sit et quisque augue neque ornare pretium rutrum, senectus fermentum cras dictumst class condimentum velit neque id, tellus bibendum nibh ad interdum pharetra sagittis. in fringilla ad sollicitudin, pharetra. ', 1009),
(1042, 'risus integer curabitur at mollis porttitor imperdiet facilisis integer gravida, eros non quisque aenean ut per posuere sollicitudin. ', 1199),
(1043, 'eros mi mauris mollis diam euismod curabitur torquent vitae habitant, placerat ac blandit libero faucibus nisl justo ipsum suspendisse adipiscing, aliquam ad aliquam auctor netus condimentum morbi augue. ', 1298),
(1044, 'leo tortor nisi consectetur ipsum mi, a conubia leo semper vulputate, erat euismod convallis mauris. ', 1098),
(1045, 'condimentum pulvinar amet euismod facilisis massa posuere porta, libero ante pulvinar semper ligula odio hac, felis urna magna elit imperdiet aliquam. pellentesque aliquam elit aenean, placerat. ', 1167),
(1046, 'felis bibendum porttitor dictumst torquent hendrerit potenti, leo vivamus adipiscing mi orci. ', 1088),
(1047, 'laoreet quam ut metus pretium, libero bibendum hac. ', 1042),
(1048, 'nunc aenean rhoncus sed ligula lectus blandit accumsan eleifend sagittis, risus et vulputate eros integer per sodales aliquam, habitant urna mollis ac aenean dui hac odio. ', 1166),
(1049, 'nunc aliquam aptent suscipit fames tempus lacinia rhoncus, cursus vulputate metus mauris elementum ipsum curabitur consectetur, diam vestibulum bibendum purus dictumst condimentum. dapibus aenean suspendisse augue himenaeos, fames vel. ', 1292),
(1050, 'eget tortor tincidunt laoreet conubia ad, mauris congue venenatis id maecenas inceptos, duis quis accumsan himenaeos. ', 1135),
(1051, 'odio consequat volutpat rhoncus donec nulla nostra volutpat curabitur velit enim vivamus elit, facilisis lobortis aliquam orci cursus turpis fusce aptent lacinia vel. dictum euismod sem aliquam, per sit. ', 1192),
(1052, 'lacinia etiam nunc imperdiet lobortis ac interdum malesuada quam tempor, euismod consequat elit malesuada id ac dictumst. ', 1119),
(1053, 'eros taciti etiam pellentesque sit taciti habitasse magna, phasellus integer lectus aptent vel. ', 1048),
(1054, 'aliquet faucibus ornare orci faucibus habitant quis vivamus fermentum pharetra sapien, hendrerit integer mauris massa donec duis ipsum eget. ', 1218),
(1055, 'suspendisse pretium sollicitudin feugiat viverra aenean orci, ipsum suspendisse lectus mattis lacus. ', 1060),
(1056, 'etiam tortor class eget libero inceptos metus eu ad quam, cursus quis cras pretium semper donec est fusce amet, ad sem proin curabitur nam primis sollicitudin fames. ', 1023),
(1057, 'pulvinar netus class pharetra donec ut, id porttitor tristique felis. ', 1247),
(1058, 'ac volutpat suscipit lacinia curae, pretium ante hendrerit. ', 1017),
(1059, 'taciti luctus diam torquent iaculis pellentesque diam, vestibulum litora enim etiam vivamus morbi maecenas, class enim vulputate faucibus sapien. ', 1268),
(1060, 'fames eros morbi ut ad ullamcorper faucibus et, massa iaculis diam nunc velit molestie, eu varius rhoncus fermentum scelerisque pharetra. ', 1263),
(1061, 'ut consectetur phasellus pharetra erat velit odio ligula in, nostra ut tincidunt vitae metus et nunc ad augue, hendrerit odio primis a dapibus vestibulum eleifend. sociosqu elit lectus proin, libero. ', 1026),
(1062, 'nam est tempor nulla turpis id felis orci, per sapien ultrices dictumst pharetra per, justo et tempor primis tincidunt integer. ', 1157),
(1063, 'lacus himenaeos viverra duis hendrerit malesuada litora malesuada dolor sociosqu, platea hac vivamus tempus morbi sociosqu convallis sapien. ', 1229),
(1064, 'pharetra ut nullam ullamcorper cubilia vulputate, potenti purus adipiscing dictum metus, lobortis vitae sagittis torquent. donec orci semper dapibus vel primis sodales, libero donec urna elementum turpis. ', 1233),
(1065, 'aenean orci litora augue erat nostra ornare ut purus, integer mi aenean iaculis ut venenatis facilisis, potenti venenatis bibendum nulla odio nulla mi. magna ullamcorper imperdiet, magna. ', 1047),
(1066, 'pharetra nulla felis praesent sit donec, praesent malesuada lacinia. ', 1048),
(1067, 'id neque augue quisque sit a enim lorem, etiam eu quisque est mattis cursus, eleifend torquent sapien ante sit laoreet. ', 1211),
(1068, 'porta libero eu aenean morbi cubilia augue, donec curae aliquam id vestibulum, donec rutrum luctus proin senectus. ', 1179),
(1069, 'risus molestie vulputate luctus tortor eget vivamus ad amet eu cubilia sed, eu rutrum porta etiam integer tempus cras facilisis pretium ut. ', 1275),
(1070, 'auctor ultrices primis luctus convallis pellentesque tempor aliquam, ornare donec venenatis quam phasellus mattis enim molestie, enim egestas quis eleifend cubilia fermentum. cras auctor sagittis vivamus vulputate, nullam dolor. ', 1265),
(1071, 'condimentum consequat etiam tincidunt cubilia tincidunt mollis eget, quisque hac adipiscing leo ligula felis class, per aenean pellentesque tortor vivamus felis. ', 1138),
(1072, 'augue suscipit vulputate leo quisque ad, tellus nisi elementum nullam adipiscing, quisque auctor etiam leo. ', 1239),
(1073, 'tincidunt eleifend malesuada cras neque, urna primis. ', 1228),
(1074, 'elit magna sociosqu etiam mattis hac morbi sit eros neque primis senectus blandit, magna praesent justo pharetra pretium volutpat porttitor primis libero gravida. ', 1020),
(1075, 'fermentum cras sociosqu rutrum orci vehicula tempor dolor nam, justo nisl posuere fermentum porttitor magna placerat netus aliquam, adipiscing malesuada facilisis lacinia maecenas egestas curabitur. ullamcorper pharetra ut, nunc. ', 1248),
(1076, 'placerat tincidunt diam sodales lacinia lobortis laoreet tellus etiam, eleifend nulla sapien porta elit pharetra non, consectetur turpis pretium volutpat aliquam posuere scelerisque. ', 1216),
(1077, 'conubia bibendum varius eget nunc, eros cursus in. ', 1238),
(1078, 'donec feugiat tortor per ut, et morbi cras, ligula habitant dolor. ', 1068),
(1079, 'lacus dolor torquent quisque, cubilia. ', 1269),
(1080, 'vestibulum platea pharetra blandit consequat rutrum faucibus, hac nisl ac torquent himenaeos. ', 1289),
(1081, 'varius feugiat imperdiet euismod id eros turpis venenatis euismod nisi arcu quisque, convallis tellus pretium adipiscing sollicitudin sagittis aliquam sapien fusce. ', 1279),
(1082, 'mollis pharetra inceptos vivamus lorem aliquam morbi tincidunt, etiam consectetur sodales eleifend magna feugiat vitae, non ullamcorper condimentum vel aptent per. ', 1125),
(1083, 'lorem felis vivamus velit torquent netus, dictum at torquent aptent luctus, per placerat potenti dictumst. ', 1006),
(1084, 'inceptos dictumst a duis maecenas scelerisque morbi netus, dapibus laoreet rhoncus dictumst aenean. ', 1283),
(1085, 'adipiscing feugiat sed vitae primis platea justo eros vestibulum curabitur semper, cubilia ut auctor consequat diam aliquam nisi primis vehicula ultrices, ornare ipsum elit eget litora ipsum nulla iaculis libero. ', 1049),
(1086, 'nibh proin dapibus mollis ornare leo cursus ipsum potenti, curae maecenas phasellus consectetur hac himenaeos tincidunt eros tincidunt, habitasse sodales odio non phasellus cras fermentum. viverra venenatis tellus, eu. ', 1207),
(1087, 'sed proin congue nisl quisque maecenas, imperdiet felis tristique congue hendrerit, imperdiet augue curae ipsum. ', 1294),
(1088, 'ac morbi fames ultrices, torquent mi. ', 1228),
(1089, 'nostra rhoncus dui euismod torquent felis eleifend odio est orci nostra non diam arcu pretium vulputate, inceptos volutpat suspendisse urna proin ante taciti blandit risus quam turpis in habitasse. ', 1186),
(1090, 'turpis lectus aliquam felis sodales eros, etiam tincidunt at nisi. lacinia curabitur condimentum hac dictumst viverra lacinia luctus facilisis, enim eleifend sociosqu tellus felis malesuada. ', 1005),
(1091, 'congue fermentum sollicitudin mattis sagittis elementum euismod, suspendisse facilisis suscipit quam blandit ut viverra, massa ornare ut fusce fames. ', 1090),
(1092, 'per viverra metus venenatis eros lacus per, platea sit lacus facilisis aenean, ipsum elit nec ligula vulputate. ', 1197),
(1093, 'phasellus quisque augue sociosqu donec urna, felis odio pellentesque vel, venenatis per vulputate sagittis. ', 1094),
(1094, 'egestas aliquam sem ac lacus nunc sem nostra pharetra, ac tempor egestas aliquet aptent morbi rutrum. ', 1005),
(1095, 'mauris magna praesent aliquam elementum tempor enim lacus, ac conubia non eu nam urna. ', 1178),
(1096, 'inceptos nullam nostra volutpat lectus, varius nostra fusce himenaeos habitant, nulla fames faucibus. ', 1173),
(1097, 'urna suspendisse pulvinar ad placerat gravida duis, sociosqu pharetra faucibus aliquet conubia. ', 1261),
(1098, 'metus praesent posuere ipsum nec gravida dui, litora velit non in aliquet, eros quis curae placerat non. ', 1225),
(1099, 'metus vehicula netus aliquam orci adipiscing lacus suscipit neque, imperdiet sem non aenean conubia sapien pharetra, nibh nisi cras fermentum platea inceptos erat. ', 1201),
(1100, 'quam nibh sodales enim, nibh facilisis. ', 1188),
(1101, 'fusce turpis ut condimentum aliquet odio non, massa sit donec ante varius ut, cubilia enim justo porttitor nam. ', 1289),
(1102, 'primis lacinia fusce aliquam at rhoncus ut nec lectus, amet tempus curabitur vehicula augue libero blandit praesent, hendrerit fusce quisque orci leo torquent taciti. ', 1157),
(1103, 'aliquam vestibulum cubilia netus iaculis semper ultricies posuere hac, pretium nunc at id libero tellus dui vestibulum nisl, proin hendrerit ultricies duis libero sociosqu arcu. ', 1283),
(1104, 'eget tristique odio tempor habitasse dolor litora nec fringilla sodales, primis euismod et aenean potenti nullam luctus netus a ornare, turpis ut tristique mattis eros porta diam nisl. ', 1108),
(1105, 'conubia nec quisque praesent justo morbi, malesuada turpis sagittis. ', 1030),
(1106, 'orci aptent luctus adipiscing congue dolor proin, placerat lacus gravida commodo amet rhoncus, dictum interdum ornare dictum amet. ', 1116),
(1107, 'urna cubilia sem venenatis vivamus felis conubia mauris elementum molestie lacinia ad, dictumst magna nostra nunc hac lorem nunc mattis eros. facilisis fusce ullamcorper aliquam, ullamcorper ante. ', 1271),
(1108, 'orci massa sapien habitasse nam, metus quis integer aptent per, mollis fusce risus. ', 1264),
(1109, 'odio lorem odio potenti ultricies elementum, in justo auctor nostra inceptos, convallis conubia vel neque. ', 1179),
(1110, 'vestibulum interdum nunc mauris nostra suscipit tellus suscipit, nostra neque dictumst amet suspendisse vitae, justo lectus ut facilisis morbi enim. ', 1204),
(1111, 'quisque sit sagittis vel ornare consequat urna, nec venenatis taciti praesent placerat inceptos interdum, adipiscing per porta sed orci. duis vestibulum quam per, class urna. ', 1124),
(1112, 'mattis cursus dictumst faucibus semper ultricies porttitor sit molestie semper aliquet sed senectus, proin diam eros sapien suspendisse semper ad habitasse augue facilisis netus. ', 1195),
(1113, 'morbi maecenas dictum massa aptent tempor nam aenean risus, nibh nullam orci conubia vestibulum porta fringilla a, lacus purus per commodo suspendisse posuere malesuada. ', 1109),
(1114, 'tristique laoreet est rutrum semper ante cursus consequat, cubilia pulvinar turpis hendrerit facilisis. ', 1289),
(1115, 'per quis aenean lorem enim purus aliquam inceptos, quam massa potenti fusce ultrices habitant, netus aenean nullam aliquam ac luctus. ', 1046),
(1116, 'urna ornare ac sit non donec ultricies aliquam urna pharetra hendrerit pulvinar curabitur blandit sodales, sed quisque vehicula lacinia fringilla eget nunc pharetra convallis tempus mollis etiam sapien. ', 1282),
(1117, 'odio hac per etiam platea at id litora, maecenas ornare quis ornare torquent. ', 1215),
(1118, 'justo commodo curabitur velit purus viverra nam molestie quam a eros, dapibus fusce et sollicitudin ultricies tincidunt ut nibh. ', 1179),
(1119, 'nisi fermentum lorem vulputate, duis. ', 1151),
(1120, 'inceptos sagittis cubilia ultrices mauris molestie sodales, porta himenaeos tortor eget. ', 1019),
(1121, 'massa aenean aptent nostra nullam fermentum quisque curabitur, primis etiam ipsum luctus mi urna. ', 1255),
(1122, 'pharetra ligula quisque potenti volutpat quisque volutpat potenti mi hendrerit diam lectus, habitasse per pellentesque nostra hac eleifend ullamcorper mauris nunc faucibus. ', 1295),
(1123, 'eros quisque eros primis dictumst, curabitur pretium tempus. ', 1159),
(1124, 'eu pharetra inceptos aenean litora rhoncus fringilla tristique, ultricies adipiscing donec per quis gravida ultricies nostra, primis sagittis curabitur vivamus scelerisque at. id aliquam suscipit posuere, nisl dolor. ', 1235),
(1125, 'rutrum vehicula dictum libero egestas amet tortor, at vehicula aenean id metus, nulla porta class iaculis pulvinar. quisque congue auctor bibendum mauris pulvinar mattis, duis ut orci sem ipsum. ', 1040),
(1126, 'libero fermentum cubilia ut blandit sodales phasellus, donec orci porttitor per. ', 1253),
(1127, 'maecenas lobortis lectus ipsum ac primis dictum, eget ac non mollis ut. ', 1133),
(1128, 'laoreet potenti scelerisque nulla nisl, felis maecenas ligula lorem massa, metus nisl nisi. ', 1153),
(1129, 'quis mattis ut platea accumsan rhoncus duis consectetur, curabitur commodo varius vestibulum ad sociosqu. ', 1079),
(1130, 'sed feugiat varius et, platea. ', 1051),
(1131, 'potenti ut dictumst aenean velit per sollicitudin lacus molestie, eget gravida enim nam egestas semper nec, eleifend torquent phasellus lacinia ultrices lorem dictumst. ', 1254),
(1132, 'cubilia tortor conubia feugiat bibendum senectus sapien dui libero suscipit, justo amet senectus accumsan dictumst nec quam. tempus leo vehicula etiam, mattis. ', 1105),
(1133, 'vulputate habitant justo habitant euismod, netus viverra. ', 1006),
(1134, 'porttitor malesuada nec nam dictum adipiscing vulputate, vestibulum tellus ultrices phasellus dapibus etiam, nec velit auctor nullam id. tempus a facilisis gravida suspendisse, aliquam platea fermentum, blandit at id. ', 1076),
(1135, 'consequat nec augue hac egestas donec etiam cras ipsum suspendisse dui aliquet, rhoncus pretium commodo dictumst senectus urna tempor sodales nec. curabitur augue rutrum hendrerit volutpat sapien, potenti dui sociosqu. ', 1155),
(1136, 'aenean quis suspendisse etiam dapibus dictum ligula, rutrum inceptos curabitur sagittis aptent duis aliquam, porttitor iaculis hac purus elit. nec gravida massa, donec. ', 1285),
(1137, 'blandit dictum ante posuere eget, in ante cras. ', 1038),
(1138, 'integer dictumst tempor velit aliquet risus ac neque, tellus curabitur fermentum lacus egestas consectetur vulputate, metus tellus feugiat urna diam pulvinar. luctus rutrum pretium habitant primis curabitur, nisi praesent habitasse. ', 1224),
(1139, 'platea nunc hac etiam consectetur, mattis luctus feugiat. ', 1286),
(1140, 'hac vitae elementum neque accumsan diam nisl, egestas tincidunt ut sem lorem vivamus, feugiat potenti magna cursus sit. ', 1149),
(1141, 'congue sapien eget ipsum, tortor eu. ', 1229),
(1142, 'ante scelerisque justo diam, vestibulum. ', 1271),
(1143, 'mollis odio lobortis et porttitor pulvinar donec class feugiat, porta vel justo commodo diam mi. ', 1005),
(1144, 'blandit senectus erat quisque nam pulvinar placerat nullam augue venenatis etiam, elit primis quis felis elit netus bibendum curabitur ut, phasellus dui praesent aliquet placerat commodo aenean ornare fames. ', 1068),
(1145, 'ante ad amet pharetra faucibus blandit faucibus consequat mauris, aliquet class quis quisque eleifend porta. ', 1151),
(1146, 'erat vivamus cursus nunc mattis, venenatis turpis tristique. ', 1245),
(1147, 'pulvinar bibendum tortor dolor ultrices facilisis velit, sollicitudin magna suscipit auctor lorem, rutrum porta torquent tempus hac. ', 1016),
(1148, 'tellus potenti ultricies aliquet ut, porttitor integer euismod. ', 1183),
(1149, 'lacus sem potenti eros habitant sollicitudin, bibendum egestas metus ultricies, pharetra cursus scelerisque mi. ', 1026),
(1150, 'dui volutpat sagittis feugiat ultricies tempor elementum interdum nisl, fames accumsan eleifend etiam condimentum molestie venenatis pretium, ornare aenean erat at cubilia augue in. ', 1090),
(1151, 'rutrum gravida himenaeos per metus, cubilia tellus. ', 1186),
(1152, 'taciti elementum feugiat sagittis suspendisse interdum, egestas dictumst inceptos sollicitudin orci, viverra scelerisque lorem elementum. ', 1278),
(1153, 'mauris potenti consequat risus quisque sed massa, ultrices scelerisque congue primis convallis enim, aenean ipsum mauris curae auctor. ', 1009),
(1154, 'curabitur in congue dolor viverra, orci proin. ', 1057),
(1155, 'fusce aliquam proin per ad justo libero neque, tempus suspendisse dolor in metus nulla tincidunt, odio sociosqu taciti feugiat primis sagittis. ', 1225),
(1156, 'a nibh nostra platea duis ac cubilia lacinia hac ante vel diam, lacus diam etiam porttitor dapibus ultricies dictum eu tortor. ', 1144),
(1157, 'dictum mattis arcu donec aliquam litora erat viverra urna habitasse, faucibus ut suscipit est leo potenti blandit vestibulum libero blandit, facilisis imperdiet vulputate aliquet feugiat urna congue suscipit. ', 1244),
(1158, 'purus proin quisque odio gravida libero id, iaculis scelerisque quam ornare urna accumsan himenaeos, vel aptent quisque laoreet nec. pellentesque platea est convallis, fames netus. ', 1001),
(1159, 'ante ligula eros aenean porttitor morbi velit vestibulum sed in, urna egestas primis a mattis risus urna quisque nec vivamus, aenean ut facilisis platea potenti ligula lacus facilisis. ', 1078),
(1160, 'mattis hac dui libero eu porttitor felis egestas, risus metus justo inceptos bibendum. ', 1231),
(1161, 'leo sodales praesent mollis, sagittis etiam. ', 1073),
(1162, 'morbi suspendisse scelerisque mollis libero fusce aenean vitae, tincidunt phasellus per aenean cras mi. ', 1180),
(1163, 'ornare vulputate euismod tortor bibendum himenaeos, porta libero duis ultricies curabitur rhoncus, integer aliquet felis iaculis. ', 1274),
(1164, 'quisque facilisis mi donec nisl porttitor, consequat magna justo felis tellus, facilisis curabitur curae commodo. ', 1155),
(1165, 'aenean dolor class odio vehicula et eu aliquet nullam quis ullamcorper inceptos quis vehicula orci, ante vulputate nostra inceptos integer eget pellentesque lobortis tortor nullam euismod nullam eleifend. ', 1247),
(1166, 'urna nam ipsum lobortis tempus dui aliquam fames arcu, iaculis primis donec pretium hendrerit erat sed taciti, nisi sapien quam felis urna posuere maecenas. ', 1198),
(1167, 'arcu odio sed arcu lorem odio quam posuere at nisl, placerat bibendum fringilla habitant tincidunt consequat elit ut pretium consectetur, ornare proin eget taciti elementum maecenas consequat eu. ', 1025),
(1168, 'ante condimentum netus ad metus, ipsum luctus sit. ', 1168),
(1169, 'aliquam in ac adipiscing fames odio nibh, aliquam lacus mollis felis justo. ', 1234),
(1170, 'per augue nam blandit tortor, venenatis ante. ', 1274),
(1171, 'nostra pretium feugiat morbi eu eros inceptos, at cubilia elementum potenti. ', 1017),
(1172, 'malesuada conubia vestibulum imperdiet ac quis phasellus ut porttitor tristique, ad class litora consectetur consequat luctus fermentum. ', 1230),
(1173, 'varius facilisis nisl nullam felis semper a, in consectetur vehicula tincidunt. ', 1167),
(1174, 'libero auctor est libero, turpis mattis. ', 1040),
(1175, 'euismod convallis eros interdum mattis sem non, pellentesque ornare fusce conubia. ', 1008),
(1176, 'ut curae eleifend posuere, convallis leo. ', 1064),
(1177, 'nec facilisis ad ac morbi lectus, pretium morbi viverra nibh vivamus cras, porttitor aenean id ut. ', 1046),
(1178, 'nisi non justo libero cras viverra, justo purus mattis arcu. ', 1073),
(1179, 'tempor laoreet commodo ac imperdiet eget viverra, quam nisl posuere fermentum suscipit pellentesque commodo, diam habitasse blandit est turpis. vestibulum in fusce donec ultricies, curae primis neque. ', 1242),
(1180, 'pretium porta etiam mauris dictum sociosqu, volutpat eleifend luctus maecenas purus imperdiet, sed amet vitae cursus. ', 1243),
(1181, 'phasellus habitasse metus vulputate proin vitae eu congue, convallis diam praesent potenti lobortis. ', 1241),
(1182, 'condimentum nunc non sapien curabitur nostra est interdum feugiat accumsan tellus, morbi risus mattis per eros aliquam iaculis suscipit vehicula, posuere non tristique cras convallis lectus per leo a. ', 1102),
(1183, 'sem rutrum cursus curae lacinia fusce varius fermentum donec dictumst, interdum lectus etiam fermentum enim sit justo. mi felis sed quis congue dolor massa, proin taciti integer morbi cras. ', 1055),
(1184, 'enim euismod neque netus integer vitae, donec taciti sapien ultrices, vestibulum mattis tincidunt senectus. ', 1154),
(1185, 'aliquet class bibendum ac ultrices rutrum platea netus torquent nisi habitant, convallis sociosqu varius sem potenti sodales lacinia purus. cursus vitae et, laoreet. ', 1073),
(1186, 'vitae volutpat commodo fames consequat, ut magna. ', 1146),
(1187, 'diam enim consequat convallis auctor curabitur elit, lacus suscipit nam sollicitudin lectus. ', 1079),
(1188, 'cras tellus nibh libero, praesent morbi faucibus sed, sociosqu libero. ', 1163),
(1189, 'et justo rhoncus mauris curabitur risus convallis nisl ac, fringilla quisque porta quam tincidunt urna conubia. ', 1186),
(1190, 'aliquam ultrices himenaeos curabitur eros cursus, lacinia neque lacus sem. ', 1177),
(1191, 'quisque imperdiet pretium suscipit consectetur torquent aptent metus etiam tortor magna curabitur orci luctus ad metus, leo inceptos laoreet posuere in sociosqu ad tempor eleifend neque lacus at amet sociosqu. ', 1067),
(1192, 'fringilla rutrum varius accumsan ullamcorper, dapibus cursus. ', 1135),
(1193, 'bibendum ut interdum eget duis ultrices ligula tristique augue, turpis nec scelerisque suspendisse egestas morbi tempus. ', 1276),
(1194, 'erat convallis auctor cras et arcu amet, massa posuere in tempus habitant. ', 1053),
(1195, 'eget senectus dui proin nostra ipsum tortor leo, aliquet magna fusce primis imperdiet fermentum diam, aliquam porta cubilia at aliquet phasellus. ', 1059),
(1196, 'lacus ligula eu egestas, sem. ', 1077),
(1197, 'aenean faucibus purus condimentum ultrices, lacus torquent litora leo accumsan, fames nec turpis. ', 1294),
(1198, 'sollicitudin eleifend cursus eleifend in pharetra ad volutpat, mattis non quisque metus quisque semper, laoreet massa sapien vivamus hendrerit est. ', 1076),
(1199, 'sodales phasellus tellus cras convallis suscipit turpis posuere, etiam bibendum mattis tortor laoreet aliquam. ', 1081),
(1200, 'nibh pharetra tempus diam ornare scelerisque est a, dictum porttitor primis mollis aptent integer fusce platea, aenean justo convallis eros justo metus. augue in ante, nec. ', 1199),
(1201, 'per pulvinar metus congue eleifend tincidunt turpis urna, lacus ultrices dapibus facilisis congue dolor at, nullam velit euismod conubia consequat magna. ', 1049),
(1202, 'dictum congue dapibus tortor netus id lacus, suscipit maecenas nullam congue ultricies, mauris ante aptent accumsan gravida. ', 1224),
(1203, 'nec commodo magna venenatis, tortor mattis. ', 1273),
(1204, 'primis pharetra tristique pharetra arcu etiam arcu mauris dictum imperdiet metus, class eleifend euismod semper risus est augue porttitor nibh. ', 1007),
(1205, 'metus semper varius a scelerisque facilisis consectetur eget magna hac diam, nunc nisi vitae elit justo taciti duis mattis in augue, quisque dictum hac ipsum semper litora maecenas massa nunc. ', 1075),
(1206, 'dictum ante donec ut cras vitae, iaculis aptent nisi curae, ultricies suspendisse donec ultricies. ', 1098),
(1207, 'iaculis phasellus molestie dictumst litora blandit duis eros elit, enim lacus lobortis imperdiet vehicula id a, sed euismod vulputate suscipit turpis aliquam fames. aliquet nisi proin cursus, tristique est. ', 1267),
(1208, 'vel dui donec convallis scelerisque, et duis. ', 1075),
(1209, 'egestas convallis ante donec mauris ut viverra scelerisque, malesuada cubilia sagittis condimentum vestibulum orci. ', 1010),
(1210, 'condimentum aliquam litora pretium venenatis in, dictumst auctor volutpat. ', 1186),
(1211, 'volutpat nostra eget eu nisi nulla scelerisque, blandit at vehicula ornare aliquam eleifend, porttitor venenatis etiam erat libero. ', 1150),
(1212, 'quisque aptent habitasse consequat nibh semper himenaeos fermentum himenaeos, faucibus class tempor ornare eu volutpat a quisque eros, fusce conubia mattis nec luctus nullam gravida. ', 1106),
(1213, 'nulla elit vivamus neque ad pretium morbi congue ultrices, bibendum fringilla vestibulum eleifend consequat platea praesent volutpat, aliquet inceptos dictum vivamus purus potenti nisl. ligula gravida quisque, varius. ', 1095),
(1214, 'posuere nullam elit mattis congue metus sagittis convallis sagittis, vivamus cursus lacus sagittis aptent pretium sem. ', 1003),
(1215, 'pellentesque ullamcorper rhoncus aliquam pretium arcu nisi dictum, sodales nisi proin fames feugiat congue phasellus, malesuada laoreet vel eget aliquam malesuada. ', 1090),
(1216, 'tempor maecenas dui pellentesque neque, sem pellentesque ut enim lacus, curabitur justo pretium. ', 1293),
(1217, 'cubilia suspendisse eu potenti cursus ad nibh, eget pellentesque taciti consequat malesuada, lorem molestie tempor inceptos aliquam. ', 1204),
(1218, 'felis morbi rutrum urna molestie iaculis nunc euismod ornare blandit, a cubilia curae etiam purus neque litora etiam, cubilia at morbi maecenas vulputate hac semper elit. ', 1196),
(1219, 'non risus habitant diam etiam himenaeos, quam consequat aptent. ', 1051),
(1220, 'diam malesuada egestas ac ipsum fermentum nostra iaculis, tristique sollicitudin magna tempus fames. ', 1261),
(1221, 'ultrices sit vel leo et platea sagittis posuere porttitor, gravida sagittis interdum porta tempor mollis feugiat, fermentum id vulputate risus pulvinar varius purus. ', 1209),
(1222, 'felis sagittis sodales etiam torquent ullamcorper taciti dolor tristique, ut sit hendrerit ad lorem porttitor netus tortor consequat, blandit porttitor class per nisl risus conubia. ', 1270),
(1223, 'dictumst velit consectetur convallis quisque curae hac platea bibendum iaculis mollis, nullam amet volutpat euismod nullam ac cras luctus ligula. ', 1205),
(1224, 'nisl litora vestibulum porttitor duis nam auctor, quis lorem dolor cras mollis. ', 1071),
(1225, 'eget mauris felis at facilisis amet adipiscing neque etiam, taciti quisque eleifend conubia donec interdum curae malesuada sit, himenaeos urna phasellus commodo adipiscing rhoncus eros. ', 1154),
(1226, 'aliquam dolor consequat ipsum mollis fames rhoncus inceptos in elit quis, gravida lorem sit sagittis enim sodales praesent lobortis donec, eros nam viverra porttitor nulla viverra fringilla cubilia pretium. ', 1010),
(1227, 'at vulputate pulvinar facilisis dui, interdum nulla suspendisse aenean ac, erat scelerisque aenean. ', 1174),
(1228, 'eu egestas quis maecenas egestas ullamcorper fermentum, aliquam sed ultricies fames ullamcorper ut curabitur, dapibus aenean vel neque nostra. ', 1111),
(1229, 'augue porta lorem donec primis donec amet nostra erat pellentesque ac aliquet imperdiet, iaculis suspendisse quam viverra purus imperdiet habitant faucibus varius erat. quis felis accumsan auctor, enim. ', 1023),
(1230, 'vel donec magna bibendum, et vel curae aptent, senectus sollicitudin. ', 1265),
(1231, 'morbi fermentum ut urna nam rhoncus, imperdiet ut duis imperdiet. ', 1131),
(1232, 'etiam fusce aenean amet commodo congue curabitur aenean commodo leo ut, vitae aenean morbi iaculis porta quisque malesuada nibh. ', 1086),
(1233, 'accumsan ac viverra ultrices lacinia nec tristique, in hendrerit metus posuere conubia. ', 1172),
(1234, 'taciti vel ante senectus auctor pretium suspendisse, convallis vehicula leo vehicula amet, semper proin pulvinar nunc aenean. luctus viverra donec fames lacus, donec a. ', 1178),
(1235, 'primis et tellus scelerisque orci, per orci nec. ', 1213),
(1236, 'potenti dictumst ac quis habitant ut metus, et id eleifend nunc elementum proin, mi duis platea iaculis fermentum. nostra donec magna primis tincidunt, dictum condimentum. ', 1266),
(1237, 'lacus amet interdum quisque ut hendrerit eros varius lectus, nunc blandit lobortis duis urna pellentesque aliquet et amet, nostra porttitor ultricies eleifend aenean vestibulum et. ', 1237),
(1238, 'rutrum aenean class tellus ut class pretium urna, lacinia cursus tempus eu venenatis libero erat, donec risus netus litora lacinia bibendum. ', 1096),
(1239, 'lobortis ut per sollicitudin quis ultricies ut platea, sed interdum porta rutrum sapien curabitur. ', 1088),
(1240, 'at sodales etiam blandit scelerisque consectetur curae vehicula, congue mattis conubia vivamus leo fusce tincidunt conubia, tortor mollis purus neque in litora. vulputate mauris quam nunc magna, conubia hendrerit. ', 1099),
(1241, 'habitant gravida aenean quis, elementum nostra. ', 1209),
(1242, 'ultrices tristique semper hendrerit ipsum arcu ut platea, libero quisque aenean sapien etiam venenatis massa, dictumst ornare et nunc curabitur aenean. ', 1119),
(1243, 'donec tempus nec feugiat aptent id, tincidunt adipiscing rutrum dui ac velit, nec cras ullamcorper nam. ', 1204),
(1244, 'donec ipsum vestibulum faucibus lobortis purus feugiat, in quisque condimentum libero tristique, facilisis lacus justo primis taciti. ', 1044),
(1245, 'himenaeos aliquam mollis proin ad purus tincidunt odio, tempor primis nostra cursus vel orci egestas, elementum morbi sodales lorem nam purus. ', 1201),
(1246, 'enim elit donec ullamcorper rutrum tellus magna dui, conubia curabitur quisque turpis lorem tellus, sodales id sem justo gravida integer. ', 1121),
(1247, 'ullamcorper tristique donec interdum aenean, iaculis accumsan eros, urna himenaeos etiam. ', 1211),
(1248, 'suscipit tempus adipiscing commodo aenean condimentum netus aliquam turpis, himenaeos purus sapien ligula scelerisque eleifend ut, aliquam mattis donec lobortis dui tellus nibh. egestas magna fermentum ad, habitasse ut. ', 1132),
(1249, 'blandit porttitor curabitur sem nam ut himenaeos luctus, quam curae phasellus mi ante etiam habitant, gravida faucibus arcu at lorem habitasse. ', 1160),
(1250, 'ultrices dictum lacinia maecenas etiam eros proin scelerisque cras, mi massa platea at lacus est. ', 1165),
(1251, 'diam orci suspendisse leo augue curabitur morbi imperdiet blandit tincidunt, phasellus purus auctor mollis accumsan himenaeos consectetur aliquam scelerisque, torquent ad donec dictumst ac per litora tellus. ', 1295),
(1252, 'fringilla mattis scelerisque metus quisque orci, consectetur accumsan vel urna auctor, feugiat erat cubilia lobortis. ', 1233),
(1253, 'vehicula consectetur vulputate potenti risus elementum ultricies lacus gravida ligula fames convallis diam vehicula, per quisque aptent commodo velit dolor quis diam enim nec praesent mollis. ', 1219),
(1254, 'platea varius ultricies erat tempor porta, potenti habitasse netus. ', 1148),
(1255, 'consequat ultrices aptent dictum integer mauris habitant nam vivamus, luctus vehicula habitant lacus aenean taciti vitae a nulla, sapien fames congue nullam erat aenean justo. ', 1096),
(1256, 'aliquam sodales sollicitudin inceptos porta auctor et ad phasellus rutrum, netus consectetur tincidunt litora convallis commodo a. ', 1172),
(1257, 'aliquet dolor nibh eu at dui, rhoncus tincidunt auctor pulvinar, condimentum elementum convallis nec. ', 1216),
(1258, 'egestas mauris interdum sed donec nibh, augue donec vel leo. ', 1154),
(1259, 'pellentesque felis tortor commodo nunc non dictum netus phasellus, platea enim quisque scelerisque morbi dictum. ', 1089),
(1260, 'condimentum mollis lorem euismod ullamcorper quis, cras vestibulum rhoncus suscipit placerat vehicula, aenean luctus vel facilisis. ', 1031),
(1261, 'leo eget fermentum dictum sodales posuere justo ornare vitae dictum, pharetra sagittis fames auctor fusce consectetur nostra. ', 1143),
(1262, 'augue orci per ut, elementum. ', 1218),
(1263, 'fames donec nunc aliquam senectus nibh, duis nostra dictum praesent. ', 1269),
(1264, 'dolor id quam habitant torquent cras, eros massa dolor. ', 1044),
(1265, 'curabitur iaculis hendrerit mauris arcu vehicula dolor, vestibulum himenaeos litora porta hendrerit, at erat eros ac dolor. ', 1198),
(1266, 'turpis donec ornare aliquam euismod eget donec aenean vulputate pellentesque, diam potenti faucibus diam dictumst sit sapien praesent imperdiet, iaculis conubia porta pulvinar sit tortor varius suspendisse. ', 1036),
(1267, 'mi metus luctus velit hendrerit, in diam tristique. ', 1011),
(1268, 'turpis diam tortor litora torquent justo inceptos aenean tincidunt, blandit aliquet integer feugiat felis dictumst aenean suspendisse in, egestas purus lacinia suspendisse augue senectus libero. ', 1269),
(1269, 'scelerisque condimentum metus netus sociosqu fames, auctor aliquet mauris neque odio varius, curae hendrerit phasellus posuere. ', 1001),
(1270, 'odio libero sodales auctor himenaeos blandit lacus felis, curabitur dui vestibulum leo nulla curabitur, leo iaculis elementum quis diam lacinia. orci egestas aliquam inceptos, semper lacinia. ', 1113),
(1271, 'mollis et hac himenaeos nec libero, dui pharetra neque. ', 1258),
(1272, 'nunc habitant amet volutpat conubia pretium ligula, sed metus orci fames himenaeos ut aliquam, turpis vehicula etiam accumsan ornare. ', 1042),
(1273, 'consectetur himenaeos neque augue proin nam etiam auctor cubilia volutpat, etiam urna eros accumsan tincidunt at convallis ultricies, dolor mollis duis accumsan ullamcorper donec faucibus dapibus. ', 1019),
(1274, 'praesent maecenas dictumst proin amet auctor aliquam in, euismod class habitant lorem hac. ', 1228),
(1275, 'placerat eleifend donec purus at aenean sit mauris, hendrerit dictumst malesuada aptent ac vulputate turpis feugiat, auctor habitant venenatis faucibus aenean dictumst. ', 1095),
(1276, 'volutpat accumsan cras nullam suscipit, nunc fringilla per. ', 1219),
(1277, 'nam eu fermentum fames posuere mi aenean pulvinar placerat scelerisque ullamcorper velit nostra felis, inceptos porttitor pellentesque quisque ligula sit praesent viverra vestibulum malesuada urna. ', 1044),
(1278, 'phasellus mattis mi phasellus pretium vestibulum eu phasellus neque tincidunt, ac aenean sodales potenti leo etiam sapien. ', 1231),
(1279, 'augue sapien venenatis elementum, sollicitudin imperdiet. ', 1055),
(1280, 'ornare aptent aenean enim sapien, vel etiam cursus, aenean leo suscipit. ', 1251),
(1281, 'velit elementum nec fermentum hendrerit ut morbi, pharetra velit taciti erat vivamus, vestibulum ac netus conubia nisi. ', 1287),
(1282, 'nostra consectetur lacus curae rhoncus quisque fames arcu, augue suspendisse himenaeos hac blandit tellus class dui, sit nostra non tortor quisque platea. ', 1177),
(1283, 'litora neque sagittis dapibus cursus cras dui eleifend lacus, dolor aliquam porta class purus quam torquent ut, nisi nibh metus mauris quisque neque ipsum. ', 1099),
(1284, 'turpis sollicitudin hendrerit class, praesent. ', 1069),
(1285, 'nostra suscipit et dui, viverra commodo taciti, dui augue. ', 1202),
(1286, 'urna neque torquent metus non rutrum lobortis orci, rhoncus curae risus feugiat imperdiet laoreet in, nibh fringilla est dapibus turpis blandit. ', 1176),
(1287, 'dui primis integer accumsan volutpat integer accumsan sagittis, aenean tellus sed in netus viverra, enim quisque nullam mattis ligula facilisis. ', 1106),
(1288, 'id duis erat pretium eget faucibus, urna nullam mattis fringilla at, class ante praesent cras. ', 1252),
(1289, 'pretium taciti sociosqu orci etiam velit vel sed accumsan dictumst nibh dui eu fames nec et, platea curae non quis nibh vitae placerat imperdiet porttitor sit porttitor hac eleifend. ', 1204),
(1290, 'diam facilisis erat commodo dui gravida blandit maecenas imperdiet, sed lorem lacinia est malesuada tellus maecenas primis lorem, curae sem etiam sodales ultricies fusce enim. ', 1209),
(1291, 'rutrum placerat aptent in pellentesque convallis imperdiet, fames dictumst etiam consectetur tristique, nullam potenti conubia pulvinar suscipit. ', 1274),
(1292, 'tempus lobortis magna litora commodo donec hendrerit ipsum, velit suscipit adipiscing sed pulvinar accumsan pretium, interdum neque magna conubia sed curae. ', 1227),
(1293, 'venenatis elit tortor convallis et lectus euismod consectetur dolor, sagittis sodales tempus dapibus leo orci donec, dolor ornare dolor erat integer molestie pharetra. ', 1010),
(1294, 'aliquam sociosqu lacinia eleifend senectus rhoncus mollis, lobortis platea sapien non odio quisque ac, cursus eros hac ad auctor. ', 1080),
(1295, 'vivamus rutrum in imperdiet quam inceptos placerat, scelerisque morbi aptent etiam gravida. ', 1190),
(1296, 'laoreet urna litora aenean vivamus eleifend, fringilla nulla porta egestas, orci a vitae varius. ', 1046),
(1297, 'et nullam lectus auctor mattis suspendisse porta, nam conubia molestie sapien nullam quisque, elit enim felis scelerisque eleifend. proin mollis curabitur nostra adipiscing ipsum odio, molestie curabitur habitant dictum. ', 1287),
(1298, 'faucibus adipiscing varius donec ad duis, euismod laoreet bibendum pulvinar. ', 1224),
(1299, 'eros ante litora in amet tincidunt duis sapien rhoncus sagittis massa nulla dui euismod ornare amet, a ipsum hendrerit primis dapibus arcu adipiscing tempor in est purus cubilia magna. ', 1131),
(1300, 'praesent quam amet sollicitudin fames, in id tortor. ', 1254);

-- --------------------------------------------------------

--
-- Table structure for table `movimentacao_has_processo`
--

CREATE TABLE IF NOT EXISTS `movimentacao_has_processo` (
  `codigo_movimentacao` bigint(20) NOT NULL,
  `codigo_processo` bigint(20) NOT NULL,
  `dataMovimentacao` date NOT NULL
) ENGINE=InnoDB DEFAULT CHARSET=utf8;

--
-- Dumping data for table `movimentacao_has_processo`
--

INSERT INTO `movimentacao_has_processo` (`codigo_movimentacao`, `codigo_processo`, `dataMovimentacao`) VALUES
(1001, 230661822455226, '0000-00-00'),
(1002, 230667649609833, '0000-00-00'),
(1003, 230663517627638, '0000-00-00'),
(1004, 230668555829365, '0000-00-00'),
(1005, 230665293018599, '0000-00-00'),
(1006, 230667087975461, '0000-00-00'),
(1007, 230668359651864, '0000-00-00'),
(1008, 230667368634075, '0000-00-00'),
(1009, 230662054885989, '0000-00-00'),
(1010, 230663992131650, '0000-00-00'),
(1011, 230668862339447, '0000-00-00'),
(1012, 23066454400149, '0000-00-00'),
(1013, 230662681486771, '0000-00-00'),
(1014, 230663283568670, '0000-00-00'),
(1015, 230664799536444, '0000-00-00'),
(1016, 230669123401618, '0000-00-00'),
(1017, 230667235965968, '0000-00-00'),
(1018, 230663237227980, '0000-00-00'),
(1019, 230663093411061, '0000-00-00'),
(1020, 230662299053576, '0000-00-00'),
(1021, 230662808423470, '0000-00-00'),
(1022, 230664095197655, '0000-00-00'),
(1023, 230666926352964, '0000-00-00'),
(1024, 230665479727453, '0000-00-00'),
(1025, 230665812301360, '0000-00-00'),
(1026, 230663172707214, '0000-00-00'),
(1027, 230668815089836, '0000-00-00'),
(1028, 230665942368570, '0000-00-00'),
(1029, 230665394697546, '0000-00-00'),
(1030, 230666210234357, '0000-00-00'),
(1031, 230667010648292, '0000-00-00'),
(1032, 23066697041159, '0000-00-00'),
(1033, 230663465833067, '0000-00-00'),
(1034, 230663850721267, '0000-00-00'),
(1035, 230666962359225, '0000-00-00'),
(1036, 230666052313654, '0000-00-00'),
(1037, 230666550022033, '0000-00-00'),
(1038, 230661794506432, '0000-00-00'),
(1039, 230662590083962, '0000-00-00'),
(1040, 230667474766546, '0000-00-00'),
(1041, 23066894773243, '0000-00-00'),
(1042, 230667310972387, '0000-00-00'),
(1043, 230662292173621, '0000-00-00'),
(1044, 230665078362325, '0000-00-00'),
(1045, 230668907631569, '0000-00-00'),
(1046, 230662198357459, '0000-00-00'),
(1047, 230665193059168, '0000-00-00'),
(1048, 230662591225073, '0000-00-00'),
(1049, 230668648215084, '0000-00-00'),
(1050, 230666328581733, '0000-00-00'),
(1051, 230661796535284, '0000-00-00'),
(1052, 230666466643255, '0000-00-00'),
(1053, 23066960680874, '0000-00-00'),
(1054, 230661112381674, '0000-00-00'),
(1055, 230669178552727, '0000-00-00'),
(1056, 230667497225790, '0000-00-00'),
(1057, 230661302191051, '0000-00-00'),
(1058, 230669375195223, '0000-00-00'),
(1059, 23066415675938, '0000-00-00'),
(1060, 230669526093248, '0000-00-00'),
(1061, 2306685028723, '0000-00-00'),
(1062, 230664713402135, '0000-00-00'),
(1063, 23066603661814, '0000-00-00'),
(1064, 230664434885059, '0000-00-00'),
(1065, 230663414563761, '0000-00-00'),
(1066, 230664522966413, '0000-00-00'),
(1067, 230664361788018, '0000-00-00'),
(1068, 230666215134022, '0000-00-00'),
(1069, 230669760036766, '0000-00-00'),
(1070, 230664092597817, '0000-00-00'),
(1071, 230667422551574, '0000-00-00'),
(1072, 23066575177278, '0000-00-00'),
(1073, 230666138205594, '0000-00-00'),
(1074, 230661062779249, '0000-00-00'),
(1075, 23066302516411, '0000-00-00'),
(1076, 230664961234373, '0000-00-00'),
(1077, 230661997087984, '0000-00-00'),
(1078, 23066434915541, '0000-00-00'),
(1079, 230661542456389, '0000-00-00'),
(1080, 23066968887434, '0000-00-00'),
(1081, 23066872697979, '0000-00-00'),
(1082, 230666842283412, '0000-00-00'),
(1083, 230666770501889, '0000-00-00'),
(1084, 230666909031525, '0000-00-00'),
(1085, 230663859709072, '0000-00-00'),
(1086, 230667748124551, '0000-00-00'),
(1087, 230665254122623, '0000-00-00'),
(1088, 23066682538205, '0000-00-00'),
(1089, 230662099141068, '0000-00-00'),
(1090, 230665753735654, '0000-00-00'),
(1091, 230669752841156, '0000-00-00'),
(1092, 230664286757823, '0000-00-00'),
(1093, 230663696971613, '0000-00-00'),
(1094, 230666876648930, '0000-00-00'),
(1095, 23066260147794, '0000-00-00'),
(1096, 230666430344133, '0000-00-00'),
(1097, 230666195707398, '0000-00-00'),
(1098, 230661940818228, '0000-00-00'),
(1099, 230667704879649, '0000-00-00'),
(1100, 23066951514873, '0000-00-00'),
(1101, 230663378625719, '0000-00-00'),
(1102, 230668346917671, '0000-00-00'),
(1103, 230669334791222, '0000-00-00'),
(1104, 230667038225156, '0000-00-00'),
(1105, 230665696712397, '0000-00-00'),
(1106, 23066454236903, '0000-00-00'),
(1107, 230665082788972, '0000-00-00'),
(1108, 230663513889036, '0000-00-00'),
(1109, 230666038242021, '0000-00-00'),
(1110, 230667934698896, '0000-00-00'),
(1111, 230662824892899, '0000-00-00'),
(1112, 230666784497510, '0000-00-00'),
(1113, 230664117292347, '0000-00-00'),
(1114, 230663479997615, '0000-00-00'),
(1115, 230661258662194, '0000-00-00'),
(1116, 230661447246586, '0000-00-00'),
(1117, 230666902559931, '0000-00-00'),
(1118, 230663075935711, '0000-00-00'),
(1119, 230663486301493, '0000-00-00'),
(1120, 230668694892366, '0000-00-00'),
(1121, 230669015818238, '0000-00-00'),
(1122, 230664466962355, '0000-00-00'),
(1123, 230664602112240, '0000-00-00'),
(1124, 230668399901449, '0000-00-00'),
(1125, 230662335698813, '0000-00-00'),
(1126, 230661142439517, '0000-00-00'),
(1127, 23066711659948, '0000-00-00'),
(1128, 230666023075184, '0000-00-00'),
(1129, 230665734769447, '0000-00-00'),
(1130, 23066487903813, '0000-00-00'),
(1131, 230666713311914, '0000-00-00'),
(1132, 230665749287716, '0000-00-00'),
(1133, 230667438055182, '0000-00-00'),
(1134, 230668279333846, '0000-00-00'),
(1135, 230668718374653, '0000-00-00'),
(1136, 23066137575557, '0000-00-00'),
(1137, 23066173838957, '0000-00-00'),
(1138, 23066776145842, '0000-00-00'),
(1139, 23066388952464, '0000-00-00'),
(1140, 23066278222893, '0000-00-00'),
(1141, 230668194224898, '0000-00-00'),
(1142, 230668851304520, '0000-00-00'),
(1143, 230663887906810, '0000-00-00'),
(1144, 230665509251520, '0000-00-00'),
(1145, 230665579243063, '0000-00-00'),
(1146, 230668719102721, '0000-00-00'),
(1147, 23066617670802, '0000-00-00'),
(1148, 230665665715986, '0000-00-00'),
(1149, 23066575756426, '0000-00-00'),
(1150, 23066222889820, '0000-00-00'),
(1151, 230662855347344, '0000-00-00'),
(1152, 230666834617673, '0000-00-00'),
(1153, 23066994613288, '0000-00-00'),
(1154, 230668541191334, '0000-00-00'),
(1155, 23066577476865, '0000-00-00'),
(1156, 230663644707860, '0000-00-00'),
(1157, 230662168681280, '0000-00-00'),
(1158, 230667884303417, '0000-00-00'),
(1159, 230665235506258, '0000-00-00'),
(1160, 230664851089575, '0000-00-00'),
(1161, 230664176056275, '0000-00-00'),
(1162, 230663936535975, '0000-00-00'),
(1163, 230668760151068, '0000-00-00'),
(1164, 230661164281382, '0000-00-00'),
(1165, 230666396777791, '0000-00-00'),
(1166, 230669564034472, '0000-00-00'),
(1167, 23066942540433, '0000-00-00'),
(1168, 230662181397285, '0000-00-00'),
(1169, 23066719973438, '0000-00-00'),
(1170, 230669252271241, '0000-00-00'),
(1171, 230663678116923, '0000-00-00'),
(1172, 230669136791935, '0000-00-00'),
(1173, 230666843281147, '0000-00-00'),
(1174, 230664222047274, '0000-00-00'),
(1175, 230668778797735, '0000-00-00'),
(1176, 230661068754251, '0000-00-00'),
(1177, 230663280048759, '0000-00-00'),
(1178, 230664013192515, '0000-00-00'),
(1179, 230663210779274, '0000-00-00'),
(1180, 23066919261202, '0000-00-00'),
(1181, 230669517409560, '0000-00-00'),
(1182, 230666327814712, '0000-00-00'),
(1183, 230661995982044, '0000-00-00'),
(1184, 230662539425870, '0000-00-00'),
(1185, 230665444611618, '0000-00-00'),
(1186, 230665598799588, '0000-00-00'),
(1187, 230665906761196, '0000-00-00'),
(1188, 230666619495590, '0000-00-00'),
(1189, 230667148069651, '0000-00-00'),
(1190, 230669414625378, '0000-00-00'),
(1191, 230663438386463, '0000-00-00'),
(1192, 23066609710221, '0000-00-00'),
(1193, 230662104887930, '0000-00-00'),
(1194, 230667780765990, '0000-00-00'),
(1195, 230669623908294, '0000-00-00'),
(1196, 23066841534992, '0000-00-00'),
(1197, 230666449058414, '0000-00-00'),
(1198, 230669225446022, '0000-00-00'),
(1199, 23066485515851, '0000-00-00'),
(1200, 230669306575599, '0000-00-00'),
(1201, 230667862493120, '0000-00-00'),
(1202, 230662507631337, '0000-00-00'),
(1203, 230669291707076, '0000-00-00'),
(1204, 230667071429564, '0000-00-00'),
(1205, 230665980939631, '0000-00-00'),
(1206, 230662572937248, '0000-00-00'),
(1207, 230662257818299, '0000-00-00'),
(1208, 230666139524661, '0000-00-00'),
(1209, 230668682527292, '0000-00-00'),
(1210, 230668033058761, '0000-00-00'),
(1211, 230662197557291, '0000-00-00'),
(1212, 23066830127902, '0000-00-00'),
(1213, 230661474123231, '0000-00-00'),
(1214, 23066196141737, '0000-00-00'),
(1215, 230663371931334, '0000-00-00'),
(1216, 230662999605570, '0000-00-00'),
(1217, 23066389438761, '0000-00-00'),
(1218, 230663661402783, '0000-00-00'),
(1219, 230661626044268, '0000-00-00'),
(1220, 230664834386923, '0000-00-00'),
(1221, 230668791908891, '0000-00-00'),
(1222, 230664731466654, '0000-00-00'),
(1223, 230669162434470, '0000-00-00'),
(1224, 230661893539276, '0000-00-00'),
(1225, 230666646129559, '0000-00-00'),
(1226, 230663838063218, '0000-00-00'),
(1227, 230662388333924, '0000-00-00'),
(1228, 230663086172489, '0000-00-00'),
(1229, 23066421188430, '0000-00-00'),
(1230, 230662110238078, '0000-00-00'),
(1231, 230663428908211, '0000-00-00'),
(1232, 23066341601863, '0000-00-00'),
(1233, 230663361634750, '0000-00-00'),
(1234, 230661400209737, '0000-00-00'),
(1235, 230667464955655, '0000-00-00'),
(1236, 230666788434867, '0000-00-00'),
(1237, 230666752067729, '0000-00-00'),
(1238, 230665136987378, '0000-00-00'),
(1239, 230664728142763, '0000-00-00'),
(1240, 230661063275799, '0000-00-00'),
(1241, 230664072312910, '0000-00-00'),
(1242, 230666916363495, '0000-00-00'),
(1243, 230668682821469, '0000-00-00'),
(1244, 230668354259541, '0000-00-00'),
(1245, 23066212103429, '0000-00-00'),
(1246, 230669600548031, '0000-00-00'),
(1247, 230663453058762, '0000-00-00'),
(1248, 230666770672540, '0000-00-00'),
(1249, 230667825751769, '0000-00-00'),
(1250, 230669142464198, '0000-00-00'),
(1251, 23066289958986, '0000-00-00'),
(1252, 230666102688974, '0000-00-00'),
(1253, 230663374553283, '0000-00-00'),
(1254, 230666859399413, '0000-00-00'),
(1255, 230669172539022, '0000-00-00'),
(1256, 230669332053266, '0000-00-00'),
(1257, 230667408744247, '0000-00-00'),
(1258, 230667966787522, '0000-00-00'),
(1259, 230667217689646, '0000-00-00'),
(1260, 23066360756130, '0000-00-00'),
(1261, 230661728054084, '0000-00-00'),
(1262, 230661372017474, '0000-00-00'),
(1263, 230662631499735, '0000-00-00'),
(1264, 23066820828966, '0000-00-00'),
(1265, 230665589496334, '0000-00-00'),
(1266, 230666737455787, '0000-00-00'),
(1267, 230667427105880, '0000-00-00'),
(1268, 230666961699898, '0000-00-00'),
(1269, 230661415425620, '0000-00-00'),
(1270, 230663291376628, '0000-00-00'),
(1271, 230663318212051, '0000-00-00'),
(1272, 230661652462647, '0000-00-00'),
(1273, 230666397555936, '0000-00-00'),
(1274, 230665428389646, '0000-00-00'),
(1275, 230667562091059, '0000-00-00'),
(1276, 230669780761070, '0000-00-00'),
(1277, 230661171725237, '0000-00-00'),
(1278, 230665545892892, '0000-00-00'),
(1279, 230666080226295, '0000-00-00'),
(1280, 230664781297313, '0000-00-00'),
(1281, 230665401668776, '0000-00-00'),
(1282, 230668657216164, '0000-00-00'),
(1283, 230666799305672, '0000-00-00'),
(1284, 230665995202631, '0000-00-00'),
(1285, 230661575365167, '0000-00-00'),
(1286, 230664441022571, '0000-00-00'),
(1287, 23066823597959, '0000-00-00'),
(1288, 230667340246337, '0000-00-00'),
(1289, 230661502443896, '0000-00-00'),
(1290, 230664291111928, '0000-00-00'),
(1291, 23066327415528, '0000-00-00'),
(1292, 230661847917289, '0000-00-00'),
(1293, 230663885925296, '0000-00-00'),
(1294, 230665497789663, '0000-00-00'),
(1295, 230669189063695, '0000-00-00'),
(1296, 230667026596912, '0000-00-00'),
(1297, 230666609967830, '0000-00-00'),
(1298, 23066264959639, '0000-00-00'),
(1299, 230669250599085, '0000-00-00'),
(1300, 230669910256550, '0000-00-00');

-- --------------------------------------------------------

--
-- Table structure for table `orgao`
--

CREATE TABLE IF NOT EXISTS `orgao` (
`codigo` bigint(20) NOT NULL,
  `nome` varchar(100) NOT NULL
) ENGINE=InnoDB AUTO_INCREMENT=301 DEFAULT CHARSET=utf8;

--
-- Dumping data for table `orgao`
--

INSERT INTO `orgao` (`codigo`, `nome`) VALUES
(1, 'REITORIA'),
(2, 'PRÓ-REITORIA DE GRADUAÇÃO'),
(3, 'Pró-Reitoria de Pesquisa, Criação e Inovação'),
(4, 'Pró-Reitoria de Ensino de Pós Graduação'),
(5, 'Pró-Reitoria de Extensão'),
(6, 'Pró-Reitoria de Planejamento e Orçamento'),
(7, 'Pró-Reitoria de Administração'),
(8, 'Pró-Reitoria de Desenvolvimento de Pessoas'),
(9, 'Pró-Reitoria de Ações Afirmativas e Assistência Estudantil'),
(10, 'Superintendência de Meio Ambiente e Infraestrutura - SUMAI'),
(11, 'Superintendência de Educação a Distância'),
(12, 'Superintendência de Avaliação e Desenvolvimento Institucional - SUPAD'),
(13, 'Superintendência de Tecnologia da Informação - STI'),
(14, 'Assessoria para Assuntos Internacionais'),
(15, 'CEAG'),
(16, 'SUPAC'),
(17, 'Assessoria de Comunicação Institucional'),
(18, 'Conselho Universitário'),
(19, 'Conselho Superior de Ensino, Pesquisa e Extensão'),
(20, 'Conselho Acadêmico de Ensino'),
(21, 'SGC'),
(22, 'DEPARTAMENTO DE CIÊNCIA DA COMPUTAÇÃO'),
(23, 'TgOGSkNmWEe'),
(24, 'IgcVDefjrUAoHgV'),
(25, 'SMdMSSsKcf'),
(26, 'YKbltiooLsuVKpwYWCTXvFbhyTAjWGg'),
(27, 'qigKquYcNtXxItwFWqCsWEAuxbDtHJ'),
(28, 'YRvIiPHkCaiaJBxo'),
(29, 'NQQJvrdTsHnarBYjWHrM'),
(30, 'BppJpYlMmJzdAjzS'),
(31, 'skUFkmhjveQMQfo'),
(32, 'vYvtjhGTHKuQ'),
(33, 'neCxYiIkpSGuIs'),
(34, 'OHqjFLDPTkJBUe'),
(35, 'erwHPvPxGepmyYEJNl'),
(36, 'XRLAGFKqhF'),
(37, 'zKLVrArgYXlojKnNtaZ'),
(38, 'XRfxyLiOSNirxUnOvE'),
(39, 'tBgHLQUzjVyDSqJqOuzCmmLEKFSzax'),
(40, 'uZAcKqXjASIeLYNcNh'),
(41, 'puNbZyHRXIprcoSfYjciJV'),
(42, 'OGPBJCJkSeYTdwAVuikMkzEpyNsG'),
(43, 'nxlUmMEPwOHANAEkazEi'),
(44, 'qtkUJIIcpfqMqkZdOOzDvaqVEB'),
(45, 'effOwzYrjHZlWfBJwMIzBwZfRZwNEXK'),
(46, 'dPwzpvQydQJaWlJsYrRzNRFFR'),
(47, 'tvYddbTABj'),
(48, 'sHZjrZfDIxBapbNgGtXHNsGRwHLWjUS'),
(49, 'BSKTRPwAnXACYoJFIGmvZS'),
(50, 'wAXsJSlltdWnVMJ'),
(51, 'ZHWBGlklTRxpRqBnRzF'),
(52, 'rQMLUJYPvIlupiVVtggnXE'),
(53, 'OVebMEHnWyaHsJGieouzEC'),
(54, 'zWBGjylMngQpTuWgruh'),
(55, 'NQFWVUquzTPZPqFZPRLcYCrRXnYoIfnw'),
(56, 'TsSNImnCcmrsSrhJcjHFByCOxQxCeTz'),
(57, 'mrLVEYxGkPYcggLjqtORSrGphdSmXrj'),
(58, 'IUfnTCTdsSgyZS'),
(59, 'plwhdNNtVRlhOCrYlmezfHsiZ'),
(60, 'pxkhfzsCGwquPm'),
(61, 'buaELZPXdpcKHlJ'),
(62, 'AhdHnCaPjxgEmsPoMQSyPIwTXzDEL'),
(63, 'xlvATIdUynrEREWG'),
(64, 'JwLimtEfqeJUPWsbsSVaWPyjhdaMa'),
(65, 'FKeqSqJxwZBfUqcmrufnvbcT'),
(66, 'kXlXXSCHWTznCX'),
(67, 'CyPwPRJhmOuHQxBaHymFvehdb'),
(68, 'DpDAZfYOCO'),
(69, 'lVSapzQNaRvzdaUhiYjiByMb'),
(70, 'SaluORGJKGZjxMkohJrh'),
(71, 'zqCJydhlfFdfRxTJeDtKCCh'),
(72, 'MwxwNFanVCWuGdFL'),
(73, 'IQAgKjlnCVQfdgSzDpnipAdSx'),
(74, 'yAcjkLaKSLUdYxZPCdVv'),
(75, 'yKQHaqKSNhqokAzWAjPldT'),
(76, 'BSaeVWzyukobkF'),
(77, 'ctUtIfThbuqRGuKRVDRZzNzXiK'),
(78, 'kUSWXlQrTWkbXFr'),
(79, 'lMzcIdUICHhzQRMaMEXKPNbJJmKH'),
(80, 'cxcPWfxZZfCHncxfOxSsuCiiESSQD'),
(81, 'HFXKvUPSUOYwwlyTrmrjF'),
(82, 'MOVqHNhkoOQlylgoeadcwzoVtGi'),
(83, 'PNxCCsTkgavuOlGnxMCBMFEjeT'),
(84, 'xzmipaFRDYL'),
(85, 'eLiyAueNSRquDVYMaSRyrdGHdmz'),
(86, 'kkuoVCNvXSjPJzjnviZvaQTs'),
(87, 'AZXMyEXIYlEBZazRkoBJyOfGOAHEuZ'),
(88, 'UYwHxbFgZQKBQLaIVpjFO'),
(89, 'KuLlcqFbPAamixnNDnEoOuZPcVflATj'),
(90, 'oUwqkcrZDrmLPzy'),
(91, 'McHBwHqzCwLdpUpDOM'),
(92, 'ZOlZrDldsKBLwDsYaZozCKlGafVDTH'),
(93, 'SwJROmcRFNsqkWIiXIxx'),
(94, 'hIRiNNMGujzRTr'),
(95, 'guyLhRbrNKzKtWhEeQvmDiYk'),
(96, 'iJvbabhuATCrUTeFtPYqXCu'),
(97, 'YHrhFBLOkhQliXGJQjaLceqwUpM'),
(98, 'SgGQNXYtyJiJQYUZWBINKIzNNPjIf'),
(99, 'AXcgNQeMkCvslmrgmnIVatEzgspqaum'),
(100, 'roIffMRppnIBAZHNmqInJm'),
(101, 'PFdgGxshPGQVMCNbSbKtBJboWrX'),
(102, 'bkXRPaXvypDoWt'),
(103, 'IWWKOXuizejOaB'),
(104, 'kCWitLjqhHFLVBefjbcTPZoXzs'),
(105, 'ntIZDkVMDHVUO'),
(106, 'zzybEElFGfvGttfMAtfisJ'),
(107, 'nvXUrRJUrittNXEsEK'),
(108, 'kdhqQIJVQbFkobhjsZSmqbGKOEo'),
(109, 'iYVscdJTLsOCt'),
(110, 'MIvURNTJakLHUzljHt'),
(111, 'DMlGvesNTUhnH'),
(112, 'JBHxvqxFcfACqKjJSMwetRiLFcGN'),
(113, 'nCZOjwjAUPCZqepao'),
(114, 'TbvXunggTiMGyZjyNtUXTOMwOdBddPdW'),
(115, 'zUkNarGjdnIcwgQQbNJPAgEDHIHw'),
(116, 'DmkyxXzOEIRRrUoxKeyyOoZUTD'),
(117, 'BkXmOkxmIuLwZtoRKjgiUk'),
(118, 'sZWsTPVvqftDTDaflvQIukXm'),
(119, 'gseaDLtCILwxGSOLlrFPrKbMBJhLHt'),
(120, 'NLLOoxiRfUoCAgrmrIRgaChN'),
(121, 'RUPyowmahbp'),
(122, 'jgKdumEAERRmIYmlfZoXUdv'),
(123, 'AIjHJymTEWWZj'),
(124, 'zNsrabqmmwmAthEPqexzMg'),
(125, 'ZZCWWBfxbTQtTRKgegtFAAjpRoMqbSoa'),
(126, 'RWOscmuVcOPUyVYFpEfPNvGchXdam'),
(127, 'SdaHwcUQYXF'),
(128, 'SeJRKYvPOikvlstosFslIsTevNV'),
(129, 'LAhDFQupPPfEYqZjIt'),
(130, 'bYQnGjhLEVGXGhfjNWEc'),
(131, 'tiqrypBhIZjHQxoZEZDAGBgOGq'),
(132, 'DUEooMFFlVhtEgClXazWFz'),
(133, 'ffbmTICvlxZALMfrYayrE'),
(134, 'UQCUpyzOYFUaROItjURjvCW'),
(135, 'TUBrlgXgWzbmYBbWgVXXK'),
(136, 'rTAidVLZwEUXWgeTmatnnrOo'),
(137, 'VklSURkOrsRneRJI'),
(138, 'GFSKyfLSsYjhnycxJVrBfgTyYg'),
(139, 'PQlCxQuipzThSSqZfPcDzY'),
(140, 'aebUCZbfPRrrohLwwlqEdiVdoKgRje'),
(141, 'jiNeLNfRCWiUlqGHNRXrVgmYuW'),
(142, 'mgjYqsLudzAV'),
(143, 'xeVIuBqito'),
(144, 'ouMnPJsbPBafTMAXlaTmx'),
(145, 'igrKwAdKasfMFVwYWmzXstJSrUTkhrh'),
(146, 'xzaTZeEZwKMcFjaC'),
(147, 'AzOUiHmdAwkSEApeAjd'),
(148, 'NdbyQedafGwGfkAoRMrsjCk'),
(149, 'cARCJVhxZjVQoZQtFmaLxAZpnrH'),
(150, 'TSkVscycYGzXQvOfuEza'),
(151, 'zLoaLEnclKWeVSxXrzVYZTOuHTPms'),
(152, 'dSBsSmWfpiQlnLdKIvjEtixhDfbt'),
(153, 'uivmKOeWLkmTaxgLB'),
(154, 'uXbYqkvyNBAgSUpnhZcmWNxiGxGNj'),
(155, 'FDfGBvQXUDyuK'),
(156, 'paFwZHJWugfbELOOU'),
(157, 'rZaTvQRptqJeHZemve'),
(158, 'faomfpQReELyWLyQgoHwIXgNFfRRBV'),
(159, 'GWaTcpKTuoFSlqrbxGJToGaclf'),
(160, 'dHPPoLPhNfRHAgmtrCKtaqcTFJUHVZ'),
(161, 'YHqOVcEcPJUwjaJCslnLlE'),
(162, 'fjxZRsZtrGJfCLJEBtyYCzHfRTs'),
(163, 'fWrlgOkYhkryRbDtNnYoGx'),
(164, 'jWUpNOHqTEHeLwp'),
(165, 'DzbbrdFLQSJfzgsIdnXQbFgUkO'),
(166, 'WkoGNNIOfLuQCmAHMHZuKmsAnYHiivhe'),
(167, 'vLtjtiofDfHPFoBmnWWApxOn'),
(168, 'WvAdAhylBIFJ'),
(169, 'KmcrcHFEUTBRuQoidtfzUjabImDqRnn'),
(170, 'ApTCXyhRsJJNzYWDsbdmkd'),
(171, 'TpRjgewIEMBhJapB'),
(172, 'YkgyicbAefNpiciyUs'),
(173, 'YOnDAPLkPbLjZVpxeszFwEs'),
(174, 'NuUlomQnbeRCTDMJExSEticxAC'),
(175, 'XgvKUQFfeSW'),
(176, 'TbkwUNiErGwWaFYyfA'),
(177, 'dHWNBMsHRkEjeFtAAhJezq'),
(178, 'vrguPmUqpCnddZwLRGpbLU'),
(179, 'luCVzbmaxDgRssLJInW'),
(180, 'rWhcNOsOzmkLHMHgOThlxncPGO'),
(181, 'ocvatsiwfXOUwbeiIRQPF'),
(182, 'WQhjTWQHwfJRgdjoAplokIppR'),
(183, 'gHNLrJCyTwvKdRQNJWRTlrjwGtfWIXVO'),
(184, 'IAWsdumzQXDINrrJjlUBurh'),
(185, 'xewuZlYILVbPqnpglSOYkgItrCU'),
(186, 'UczrgVLfgKOSFPHVdXcoPQmaXU'),
(187, 'oxoarqzJxvuDBfruKg'),
(188, 'GjZIyPyKPwF'),
(189, 'KdxKvOkemFzPhE'),
(190, 'BooEVyDDWscHi'),
(191, 'nriqPTMEeQQJpGRUNsjc'),
(192, 'eAAHxTKebirsrIikuMplCYBjQvXjEZg'),
(193, 'zGrWzbbAjtTAbbLwNaIqZjzPF'),
(194, 'YkweTWLkSklULvnFWpGH'),
(195, 'uIuLIEkyjHxtdCnZnySyKMkfaP'),
(196, 'qwJcRswCba'),
(197, 'zjuXDyzRxNpqladwfdlhtIRvzkS'),
(198, 'lSOLcjIGHh'),
(199, 'eVNvgNyDTBPbVxTrXdjZ'),
(200, 'cNaeXJKERiJMVeTJ'),
(201, 'wCelDaJwsGABFPEtQJqAuV'),
(202, 'CEdyJXhmtJrFnsoKK'),
(203, 'kmAaQURzlrTgIwLMUvJbIdLZIYsXIc'),
(204, 'TptUfnLFyczFLVryQMiSulDuUCMRl'),
(205, 'KfedZkrKQQNpvylMXczfUTryomba'),
(206, 'nPOsUSrejcV'),
(207, 'PkuowhlyGrtAJROVTPZgEOyzGQEPSzOI'),
(208, 'jXgrjFYAYykQnfKcfQHUpgAfK'),
(209, 'YjfHUoEaGNGEoFcyw'),
(210, 'EgsKWZEmgesQuqaAY'),
(211, 'OCVvqBZFhceDsJJKtGKYSQdkHyBIYz'),
(212, 'McyitahYijdLCMunfbXeTN'),
(213, 'evFGdDfGqifyC'),
(214, 'GBoQEZsquFwv'),
(215, 'ApqHuMmaPQgwgpBERHksWa'),
(216, 'VtnqYJMBjcSRwEewtUDPaSrFJZQbVQY'),
(217, 'klhiUTKeVCWrhaOAVrqVkIBTHrVC'),
(218, 'TtsfAAZulepNb'),
(219, 'VcwvXOMSYvtRcKMFTGYlLzML'),
(220, 'XQjLRRGTncQbOJZkdRmOERHkQSWqEH'),
(221, 'BxumplSizVZAJI'),
(222, 'UMsgAWYhhPZdfDLqfiKry'),
(223, 'kHvfGWPpxJbQQBMOJUEIYKmJarSLJqH'),
(224, 'YdZEaPUxzWnpyaehVIQTtcCtuvfdMN'),
(225, 'KQXoQNjomfCCECHMxqCqJFTdZpicbVaL'),
(226, 'YaDLjRYptBUWiGuyiLiNElMTuPV'),
(227, 'QGdOGGAQyzgSaaPiG'),
(228, 'HPUQDzcqtwgoNW'),
(229, 'QLBxmsWLyPLzEUfOCVIsyhvOBRVPFR'),
(230, 'wDmTPFQAdFlCkgIYIEHbcPwRqo'),
(231, 'gUERqhdkWJaxMGJpRPYPyCxzFmW'),
(232, 'DlkJfPAvXEFTnGramaqe'),
(233, 'oTnRrNxDJUgVfQaUqvRVbLjHcjUc'),
(234, 'YSOSgFjTcNDXUycKzXbUP'),
(235, 'VAgDDpxGPvyDoFjyzmlcjfBmQajRVYO'),
(236, 'zUuckSJaoiDCNNamZlpjrRvhSFZNE'),
(237, 'FdIagSSQSgYwJLkJYkVnunfQvXv'),
(238, 'LaireQrlJjbCqZZZLjJ'),
(239, 'uEYOSdEnbaHNaQeeHvpqFrTVrS'),
(240, 'ccDNxiLlaPQnQQVDQLHVsdlJICDDTw'),
(241, 'WzcJWkvilkYyaOuEFgmB'),
(242, 'pNiYpMBjiagHcPEnlMyvL'),
(243, 'wzrafxmHWCufAKRcTacZIfPmsaZQwKN'),
(244, 'kfTqCfXzIrFibxlVxnVfsKsKLrBhb'),
(245, 'aluTBXZzwHRbQTzb'),
(246, 'WpJcIuvtgMUnOjnaDgCAfbXNSZD'),
(247, 'yFAvUjyCETVKFQYuZmuDtWezXb'),
(248, 'QbQBAvbVqltTQmP'),
(249, 'SFzmFLGjfCoEAqRqrHSRd'),
(250, 'NufgnVtdwmJVyoHfyNIMricizuQrlT'),
(251, 'YnqfBlzEHLnDkC'),
(252, 'pbYYNqhQyGkoYwi'),
(253, 'vwzAYKaCsMQWW'),
(254, 'hmugkiwrYVYikWFsfa'),
(255, 'EBNpBpIngEkzLwUSHcoZbjYktVPM'),
(256, 'PBFqoVSEDg'),
(257, 'hqkTNfLviZvjjttCoippXQUofQ'),
(258, 'JtnuAEFtsLeOT'),
(259, 'jcnDvPSDfhB'),
(260, 'cQbSXKllfMPLfiwjWpnfsAINqBrwITr'),
(261, 'KsDHdPSjBIUHQrRMHeSZFBNWcf'),
(262, 'KYKwIdaqhQjqrRlZIC'),
(263, 'vkVnjBOXxRcQBbBYKFYbMOkdgcof'),
(264, 'RWgbRtlsiiQZlGBmizXNyYAniD'),
(265, 'lSzWJvcLmwXFEgvErb'),
(266, 'EkFBXdAyrJbK'),
(267, 'UkREFUqSqnxVtTzKUFpflRdorBGbDq'),
(268, 'xBNchHsaXFxTYqsJlYZrjQuyiVejzvg'),
(269, 'WTZdBrdzWBsVSLFeJEvTuQrDMvMlRSj'),
(270, 'MiRnzVMwxfrqQWvAARtVHLythlF'),
(271, 'eOMRXDewzRSXXknOhIoHAIDhtbBAnhzs'),
(272, 'ljTPoqofjmdtzRAigiIOMQiOrJbzitv'),
(273, 'CoiQExWOJahjRIrXRa'),
(274, 'DQUriDsHMMdfpsngXLcLucTDUBV'),
(275, 'sVEWMznVdGDPsGVIYjOVURHoTASOb'),
(276, 'GuJlqwKErOkUDDAylzIavCRcRKD'),
(277, 'zExfZgqpDbUUPeOtIpSUPAUkc'),
(278, 'nTwQDVvaauhrKKtEFiJuCrJuly'),
(279, 'fJYQWSmNviiviCDAmoTRTcAnERXZdw'),
(280, 'jfTZcLmPguXCDAgeNuXEnafBFXyEaV'),
(281, 'jbsjedwTkQRMusSyfnwJA'),
(282, 'PcbMBGMwgWyyfCCCwMso'),
(283, 'NGsmLFIvgfkjhWKNJhTFF'),
(284, 'LhUoEHHShuyzGjfpFl'),
(285, 'PuBMfpwmicSAOavcEdJ'),
(286, 'kdVKKePZKbtAwVmBkJOt'),
(287, 'GUzHqBltlIDoDnZIdYsesSAofc'),
(288, 'OQSAxNZedBqwMYabCoakr'),
(289, 'CwrvWGBYfpPXQnLPrOrIldGleiAftSeV'),
(290, 'wrlcSkhiZfYmQOEF'),
(291, 'mQjTcocCtvux'),
(292, 'JUIUWBeeKekIrbxWG'),
(293, 'jwMczafbuAwSRfMAaJcfNM'),
(294, 'XvBZSyFwHcjKBk'),
(295, 'DEpZwhfiIgRKlFxvDSXCLviidlrN'),
(296, 'BCqfSqCawLJCDtOiRkLKhovDxDG'),
(297, 'UuvvWLBPbdPxOyarSOAJYmugA'),
(298, 'JXtqGoKbKHMlwOpmleLmvDaVnZhH'),
(299, 'IxPGRgmfRoQy'),
(300, 'cVOrhavSmR');

-- --------------------------------------------------------

--
-- Table structure for table `parecer_professor`
--

CREATE TABLE IF NOT EXISTS `parecer_professor` (
`id` int(11) NOT NULL,
  `codigo_processo` bigint(20) NOT NULL,
  `num_siad_professor` bigint(20) NOT NULL,
  `descricao` tinytext NOT NULL,
  `parecer` varchar(2) NOT NULL COMMENT 'F -> favorável\nNF -> não favorável',
  `dataParecer` date NOT NULL
) ENGINE=InnoDB AUTO_INCREMENT=101 DEFAULT CHARSET=utf8;

--
-- Dumping data for table `parecer_professor`
--

INSERT INTO `parecer_professor` (`id`, `codigo_processo`, `num_siad_professor`, `descricao`, `parecer`, `dataParecer`) VALUES
(1, 230667884303417, 219069, 'nisi consectetur ut lectus rutrum lacinia, sit con...', 'F', '2014-12-16'),
(2, 230661415425620, 219070, 'etiam aliquet pulvinar phasellus, enim. ', 'F', '2014-12-24'),
(3, 23066196141737, 219103, 'primis sagittis ligula nisi, commodo. ', 'F', '0000-00-00'),
(4, 230665753735654, 282304, 'mollis congue ultrices ornare, netus. ', 'F', '0000-00-00'),
(5, 230666876648930, 283097, 'lorem nulla eros consequat, aptent rhoncus. ', 'NF', '0000-00-00'),
(6, 230663887906810, 285677, 'aliquam feugiat urna nisl, porttitor. ', 'F', '0000-00-00'),
(7, 230666770501889, 287247, 'potenti cursus a facilisis pellentesque interdum, quisque non nostra vestibulum. ', 'NF', '0000-00-00'),
(8, 230667438055182, 287345, 'ornare elit in iaculis, vestibulum. ', 'NF', '0000-00-00'),
(9, 230667071429564, 287623, 'eros mollis sodales mi nulla lobortis, erat at et viverra. ', 'F', '0000-00-00'),
(10, 230668778797735, 854168, 'et eleifend nullam tincidunt, nam. ', 'NF', '0000-00-00'),
(11, 23066894773243, 854261, 'rhoncus sapien phasellus netus, id morbi. ', 'NF', '0000-00-00'),
(12, 23066994613288, 859303, 'arcu maecenas augue senectus, sapien eleifend. ', 'NF', '0000-00-00'),
(13, 230668682527292, 872437, 'habitasse habitant nunc volutpat, platea augue tristique dictumst, viverra commodo. ', 'F', '0000-00-00'),
(14, 230663838063218, 919292, 'lorem cubilia fermentum id purus, sollicitudin fringilla litora. ', 'F', '0000-00-00'),
(15, 230663885925296, 919294, 'sociosqu augue cubilia fermentum fringilla consectetur, sociosqu mauris curae. ', 'F', '0000-00-00'),
(16, 230667427105880, 924243, 'magna senectus arcu cubilia, metus curabitur. ', 'NF', '0000-00-00'),
(17, 23066617670802, 924482, 'felis donec conubia accumsan nostra, tempor mattis. ', 'F', '0000-00-00'),
(18, 230669375195223, 924483, 'eros conubia lacus in, risus urna, donec sed. ', 'F', '0000-00-00'),
(19, 230663678116923, 1049039, 'malesuada dapibus tortor integer quisque vulputate, donec mollis semper rhoncus. ', 'NF', '0000-00-00'),
(20, 230668694892366, 1214108, 'quam habitant facilisis sollicitudin, nulla quam. ', 'F', '0000-00-00'),
(21, 230666397555936, 1583256, 'euismod id at primis, sed feugiat. ', 'NF', '0000-00-00'),
(22, 230665812301360, 1655772, 'vitae litora eleifend purus, libero posuere. ', 'F', '0000-00-00'),
(23, 230661062779249, 1674550, 'commodo imperdiet scelerisque elementum tempus vehicula, velit aptent nibh curae. ', 'F', '0000-00-00'),
(24, 230661794506432, 1810986, 'purus aliquam ipsum netus augue mattis, luctus augue cursus. ', 'F', '0000-00-00'),
(25, 230667497225790, 2215121, 'integer taciti phasellus curabitur vitae, tincidunt tristique. ', 'NF', '0000-00-00'),
(26, 23066421188430, 2554528, 'ad suscipit vel sagittis massa magna, faucibus non augue arcu. ', 'NF', '0000-00-00'),
(27, 230663093411061, 6282257, 'ante purus blandit sodales, tempor phasellus. ', 'F', '0000-00-00'),
(28, 23066942540433, 13481934, 'lorem orci pellentesque taciti quisque, volutpat curabitur duis. ', 'F', '0000-00-00'),
(29, 2306685028723, 88888889, 'eget potenti vehicula imperdiet, ad. ', 'F', '0000-00-00'),
(30, 23066575756426, 88888890, 'ultrices donec consectetur pellentesque duis, class imperdiet hac. ', 'F', '0000-00-00'),
(31, 230668862339447, 88888891, 'ante vivamus ut scelerisque netus viverra, scelerisque aenean sollicitudin. ', 'F', '0000-00-00'),
(32, 230665696712397, 88888892, 'eros duis imperdiet curae, faucibus. ', 'F', '0000-00-00'),
(33, 23066697041159, 88888893, 'quis suspendisse purus venenatis curae etiam, in nullam adipiscing. ', 'F', '0000-00-00'),
(34, 23066360756130, 88888894, 'vulputate ipsum lacus sollicitudin, pulvinar. ', 'F', '0000-00-00'),
(35, 230666737455787, 88888895, 'nulla mollis tortor lectus, sapien. ', 'NF', '0000-00-00'),
(36, 23066173838957, 88888896, 'per sociosqu vehicula mi, tempus convallis. ', 'F', '0000-00-00'),
(37, 230662335698813, 88888897, 'nostra platea posuere hendrerit, viverra praesent sem, ultricies primis. ', 'F', '0000-00-00'),
(38, 230664222047274, 88888898, 'potenti suscipit tristique non lorem fringilla, quisque diam curabitur. ', 'NF', '0000-00-00'),
(39, 230663283568670, 88888899, 'lacus libero donec lectus lacus erat, tellus aliquam per himenaeos. ', 'NF', '0000-00-00'),
(40, 230665193059168, 88888900, 'hendrerit felis lobortis rhoncus, turpis. ', 'NF', '0000-00-00'),
(41, 230661652462647, 88888901, 'fusce condimentum est euismod dapibus commodo, metus curabitur aliquam. ', 'NF', '0000-00-00'),
(42, 230667649609833, 88888902, 'ut urna netus luctus orci turpis, elementum neque etiam pretium. ', 'NF', '0000-00-00'),
(43, 230668354259541, 88888903, 'commodo vehicula vitae imperdiet eu, tincidunt luctus. ', 'F', '0000-00-00'),
(44, 23066820828966, 88888904, 'tellus suscipit lacus praesent est litora, curabitur cubilia congue dolor. ', 'NF', '0000-00-00'),
(45, 230661171725237, 88888905, 'primis congue varius suspendisse ultricies, ad cubilia dapibus. ', 'F', '0000-00-00'),
(46, 230661258662194, 88888906, 'rhoncus duis ultrices congue, accumsan. ', 'F', '0000-00-00'),
(47, 230663280048759, 88888907, 'arcu ullamcorper rhoncus mattis donec gravida, ligula libero litora ut. ', 'NF', '0000-00-00'),
(48, 230667026596912, 88888908, 'quisque cursus interdum at habitasse vestibulum, netus tellus vestibulum. ', 'F', '0000-00-00'),
(49, 230663414563761, 88888909, 'duis non lorem ante congue nulla, bibendum donec lacus. ', 'NF', '0000-00-00'),
(50, 23066960680874, 88888910, 'ut lacus nam rhoncus vel, ullamcorper dui leo. ', 'F', '0000-00-00'),
(51, 230664522966413, 88888911, 'euismod phasellus enim proin, augue in. ', 'F', '0000-00-00'),
(52, 230663859709072, 88888912, 'massa aptent quis iaculis, litora magna. ', 'NF', '0000-00-00'),
(53, 230667862493120, 88888913, 'donec at taciti vivamus molestie nibh, consectetur vitae mattis. ', 'NF', '0000-00-00'),
(54, 23066487903813, 88888914, 'odio commodo per arcu, in sociosqu. ', 'NF', '0000-00-00'),
(55, 230661626044268, 88888915, 'congue tempor nam risus, inceptos. ', 'NF', '0000-00-00'),
(56, 230667780765990, 88888916, 'velit ut tortor lorem, porta nec. ', 'NF', '0000-00-00'),
(57, 230661995982044, 88888917, 'etiam gravida non sit vulputate placerat, et aenean egestas. ', 'NF', '0000-00-00'),
(58, 230666080226295, 88888918, 'primis senectus et non, est. ', 'F', '0000-00-00'),
(59, 230666962359225, 88888919, 'sollicitudin eu platea elementum elit, donec habitant porttitor. ', 'NF', '0000-00-00'),
(60, 230668541191334, 88888920, 'nibh viverra elementum euismod faucibus magna, facilisis purus porttitor nam. ', 'NF', '0000-00-00'),
(61, 230669623908294, 88888921, 'semper blandit urna sociosqu fringilla, leo arcu ad. ', 'NF', '0000-00-00'),
(62, 230669178552727, 88888922, 'lectus cras habitant maecenas accumsan, dictum aliquam. ', 'NF', '0000-00-00'),
(63, 230661068754251, 88888923, 'maecenas fusce curabitur himenaeos diam risus, non augue quisque. ', 'F', '0000-00-00'),
(64, 230663438386463, 88888924, 'vestibulum in fusce eu etiam id, molestie vulputate curabitur class. ', 'NF', '0000-00-00'),
(65, 23066434915541, 88888925, 'porttitor ut condimentum rutrum vulputate, cubilia cursus suspendisse. ', 'NF', '0000-00-00'),
(66, 230665509251520, 88888926, 'nam diam quisque enim, dictumst vestibulum. ', 'NF', '0000-00-00'),
(67, 230665995202631, 88888927, 'suspendisse habitant conubia erat, rutrum. ', 'NF', '0000-00-00'),
(68, 230661893539276, 88888928, 'iaculis consectetur eu ornare, amet aenean. ', 'F', '0000-00-00'),
(69, 230664176056275, 88888929, 'nostra hendrerit primis facilisis eros, tellus condimentum. ', 'NF', '0000-00-00'),
(70, 230664013192515, 88888930, 'euismod tristique conubia ornare primis, nec etiam ut. ', 'NF', '0000-00-00'),
(71, 230665444611618, 88888931, 'donec scelerisque porttitor congue aliquam, primis ut. ', 'F', '0000-00-00'),
(72, 230665980939631, 88888932, 'ultricies fusce aliquet erat aenean, aliquet ligula. ', 'F', '0000-00-00'),
(73, 230666139524661, 88888933, 'metus inceptos quis fringilla donec rhoncus, aptent venenatis volutpat. ', 'F', '0000-00-00'),
(74, 230668279333846, 88888934, 'himenaeos mi ipsum commodo, inceptos mollis. ', 'NF', '0000-00-00'),
(75, 230669225446022, 88888935, 'et egestas diam felis morbi libero, etiam volutpat habitant magna. ', 'NF', '0000-00-00'),
(76, 23066841534992, 88888936, 'dolor ligula proin orci, elementum tempor nostra, aenean interdum. ', 'F', '0000-00-00'),
(77, 230665235506258, 88888937, 'in suscipit erat quisque, metus venenatis ut mattis, donec turpis. ', 'F', '0000-00-00'),
(78, 230665734769447, 88888938, 'class feugiat interdum placerat aliquam, pretium hendrerit lorem. ', 'NF', '0000-00-00'),
(79, 230665906761196, 88888939, 'senectus ad amet mattis, hac. ', 'F', '0000-00-00'),
(80, 230665497789663, 88888940, 'augue aliquam habitant erat aliquam fringilla, imperdiet venenatis pretium. ', 'F', '0000-00-00'),
(81, 23066485515851, 88888941, 'per aptent ad aliquam curae adipiscing, lacinia vestibulum habitant. ', 'NF', '0000-00-00'),
(82, 23066341601863, 88888942, 'lacus curabitur fames commodo blandit, a maecenas. ', 'NF', '0000-00-00'),
(83, 230662808423470, 88888943, 'nunc placerat metus taciti, sem a. ', 'F', '0000-00-00'),
(84, 230662198357459, 88888944, 'molestie luctus egestas lectus urna, iaculis curabitur. ', 'F', '0000-00-00'),
(85, 230664728142763, 88888945, 'sollicitudin quis euismod cubilia adipiscing amet, ante pharetra curae. ', 'NF', '0000-00-00'),
(86, 230667217689646, 88888946, 'himenaeos conubia ante vestibulum, nisi amet. ', 'NF', '0000-00-00'),
(87, 230669752841156, 88888947, 'nostra dapibus sapien sollicitudin, habitasse elit. ', 'NF', '0000-00-00'),
(88, 23066222889820, 88888948, 'integer lobortis sit etiam fringilla elementum, taciti aliquam primis aptent. ', 'F', '0000-00-00'),
(89, 230663371931334, 88888949, 'felis convallis sociosqu in, quisque primis. ', 'NF', '0000-00-00'),
(90, 230663172707214, 88888950, 'odio quis urna class habitant, torquent integer. ', 'F', '0000-00-00'),
(91, 230663696971613, 88888951, 'aenean hendrerit nulla ipsum posuere, mollis donec. ', 'F', '0000-00-00'),
(92, 230668359651864, 88888952, 'etiam et etiam torquent, semper ultrices mi, purus accumsan. ', 'F', '0000-00-00'),
(93, 230661474123231, 88888953, 'vitae in vel habitant, platea. ', 'F', '0000-00-00'),
(94, 230667562091059, 88888954, 'nam ad fames lectus cubilia, sem aptent. ', 'F', '0000-00-00'),
(95, 230665136987378, 88888955, 'aenean fames dictumst velit eleifend, faucibus cubilia lorem. ', 'NF', '0000-00-00'),
(96, 230669172539022, 88888956, 'tristique enim ornare vehicula, est. ', 'F', '0000-00-00'),
(97, 230665078362325, 88888957, 'habitant ullamcorper sem mi nunc, bibendum ut elit. ', 'F', '0000-00-00'),
(98, 230662572937248, 88888958, 'fermentum dapibus egestas tempor, elementum. ', 'F', '0000-00-00'),
(99, 230661063275799, 88888959, 'donec nisi bibendum cras euismod, rhoncus etiam suscipit. ', 'F', '0000-00-00'),
(100, 230666799305672, 88888960, 'ut etiam integer euismod, eu. ', 'NF', '0000-00-00');

--
-- Triggers `parecer_professor`
--
DELIMITER //
CREATE TRIGGER `Auditoria_parecerProf` AFTER INSERT ON `parecer_professor`
 FOR EACH ROW begin
	
    declare recCod integer;
    declare proSit varchar(50);
    declare proDesc text;
    declare cpfs varchar(15);
    declare pessoa varchar(255);
    declare reqCod integer;
    declare requerimentos varchar(255);
    declare prof varchar(255);
    declare cpfp varchar(15);
    
    SELECT situacao FROM `processo` WHERE codigo = NEW.`codigo_processo` into proSit;
    SELECT descricao FROM `processo` WHERE codigo = NEW.`codigo_processo` into proDesc;
    SELECT pessoa_cpf FROM `processo` WHERE codigo = NEW.`codigo_processo` into cpfs;
    SELECT codigo_requerimento FROM `processo` WHERE codigo = NEW.`codigo_processo` into reqCod;
    
    SELECT descricao FROM `requerimento` WHERE codigo = reqCod into requerimentos;
    
    SELECT cpf_pessoa FROM `professor` WHERE num_siad = NEW.`num_siad_professor` into cpfp;
    
    SELECT nome FROM `pessoa` WHERE pessoa.cpf = cpfs into pessoa;
    SELECT nome FROM `pessoa` WHERE pessoa.cpf = cpfp into prof;
    
    
    
    INSERT INTO `auditoria_parecerProf`(`codigo_processo`, `num_siad_professor`, `descricao`, `parecer`, `processo_descricao`, `processo_situacao`, `pessoa_cpf`, `pessoa_nome`, `requerimento_codigo`, `requerimento`, `hora`,`professor`) VALUES (NEW.`codigo_processo`,NEW.`num_siad_professor`,NEW.`descricao`,NEW.`parecer`,proDesc,proSit,cpfs,pessoa,reqCod,requerimentos,NOW(),prof);

end
//
DELIMITER ;

-- --------------------------------------------------------

--
-- Table structure for table `parecer_tec_administrativo`
--

CREATE TABLE IF NOT EXISTS `parecer_tec_administrativo` (
`id` int(11) NOT NULL,
  `codigo_processo` bigint(20) NOT NULL,
  `tec_administrativo_codigo` bigint(20) NOT NULL,
  `descricao` tinytext NOT NULL,
  `parecer` varchar(2) NOT NULL,
  `dataParecer` varchar(45) NOT NULL
) ENGINE=InnoDB AUTO_INCREMENT=101 DEFAULT CHARSET=utf8;

--
-- Dumping data for table `parecer_tec_administrativo`
--

INSERT INTO `parecer_tec_administrativo` (`id`, `codigo_processo`, `tec_administrativo_codigo`, `descricao`, `parecer`, `dataParecer`) VALUES
(1, 230667884303417, 7230, 'turpis ac nostra facilisis, adipiscing non. ', 'NF', '1997'),
(2, 230661415425620, 7468, 'vehicula tempus fames conubia aliquam, dui vel tellus. ', 'NF', '1997'),
(3, 23066196141737, 7393, 'ultrices morbi adipiscing nostra, hac. ', 'F', '1997'),
(4, 230665753735654, 7562, 'tempus venenatis curabitur tortor, praesent dictumst. ', 'F', '1997'),
(5, 230666876648930, 7446, 'convallis viverra integer ac mi, etiam morbi semper. ', 'NF', '1997'),
(6, 230663887906810, 7323, 'curabitur fames ullamcorper aptent sem habitant, consequat vel ac. ', 'NF', '1997'),
(7, 230666770501889, 7301, 'sagittis justo nam est, gravida nulla. ', 'F', '1997'),
(8, 230667438055182, 7432, 'etiam nisi senectus duis amet, placerat turpis. ', 'NF', '1997'),
(9, 230667071429564, 7563, 'praesent bibendum magna vivamus, euismod pretium. ', 'NF', '1997'),
(10, 230668778797735, 7311, 'proin curae curabitur eleifend, massa convallis, orci lobortis. ', 'NF', '1997'),
(11, 23066894773243, 7430, 'sollicitudin augue class quam nisl, litora netus interdum. ', 'NF', '1997'),
(12, 23066994613288, 7440, 'posuere class gravida himenaeos pulvinar, sem vulputate quis. ', 'F', '1997'),
(13, 230668682527292, 7388, 'molestie magna nisl eu nulla, quis dictumst. ', 'F', '1997'),
(14, 230663838063218, 7386, 'fringilla scelerisque blandit quisque, suscipit risus. ', 'NF', '1997'),
(15, 230663885925296, 7470, 'ad velit semper vestibulum mi aliquam, tristique gravida aliquet enim. ', 'NF', '1997'),
(16, 230667427105880, 7451, 'elementum malesuada risus praesent, nisi curabitur. ', 'F', '1997'),
(17, 23066617670802, 7509, 'vestibulum ipsum cursus lacus sociosqu duis, nunc nullam cubilia ultrices. ', 'NF', '1997'),
(18, 230669375195223, 7355, 'etiam est sociosqu curabitur habitasse, aliquam lobortis. ', 'F', '1997'),
(19, 230663678116923, 7302, 'odio arcu duis etiam, aenean vestibulum. ', 'F', '1997'),
(20, 230668694892366, 7427, 'curabitur fermentum egestas lacinia scelerisque luctus, dui venenatis luctus feugiat. ', 'NF', '1997'),
(21, 230666397555936, 7341, 'lectus primis est sagittis, porttitor nostra. ', 'NF', '1997'),
(22, 230665812301360, 7406, 'adipiscing metus platea ut primis duis, lacinia ipsum nisi. ', 'F', '1997'),
(23, 230661062779249, 7337, 'curae elit malesuada duis litora donec, condimentum lorem nullam. ', 'NF', '1997'),
(24, 230661794506432, 7526, 'eget tempor et aptent, sociosqu etiam maecenas inceptos, primis curabitur. ', 'F', '1997'),
(25, 230667497225790, 7407, 'venenatis tristique lectus molestie, ultrices nostra. ', 'F', '1997'),
(26, 23066421188430, 7384, 'varius cras eu fermentum, diam vel. ', 'NF', '1997'),
(27, 230663093411061, 7369, 'vitae sem suscipit nisl nibh magna, mi feugiat ultrices senectus. ', 'NF', '1997'),
(28, 23066942540433, 7495, 'lorem nunc blandit sagittis, adipiscing iaculis. ', 'F', '1997'),
(29, 2306685028723, 7551, 'tempor laoreet libero dapibus, eget. ', 'F', '1997'),
(30, 23066575756426, 7413, 'suscipit eget ante himenaeos, consectetur. ', 'F', '1997'),
(31, 230668862339447, 7471, 'bibendum varius sodales ut urna, tincidunt integer at. ', 'NF', '1997'),
(32, 230665696712397, 7342, 'lacus sed urna cubilia, pellentesque rutrum. ', 'F', '1997'),
(33, 23066697041159, 7502, 'cubilia molestie pulvinar sagittis libero condimentum, torquent dictumst imperdiet mollis. ', 'F', '1997'),
(34, 23066360756130, 7461, 'erat donec potenti aenean praesent pellentesque, maecenas felis velit. ', 'F', '1997'),
(35, 230666737455787, 7506, 'nam fames aliquam imperdiet felis etiam, elit quis ornare ut. ', 'NF', '1997'),
(36, 23066173838957, 7231, 'nibh elementum taciti eros scelerisque, mi turpis aenean. ', 'NF', '1997'),
(37, 230662335698813, 7496, 'lacinia interdum cubilia eleifend, sodales. ', 'NF', '1997'),
(38, 230664222047274, 7567, 'at hendrerit diam volutpat sit scelerisque, conubia aptent rhoncus a. ', 'F', '1997'),
(39, 230663283568670, 7328, 'nullam dolor potenti nisl, in vel. ', 'F', '1997'),
(40, 230665193059168, 7321, 'suspendisse neque eros senectus, purus. ', 'F', '1997'),
(41, 230661652462647, 7439, 'donec felis ultricies volutpat, non dapibus. ', 'NF', '1997'),
(42, 230667649609833, 7580, 'odio ipsum lacinia lorem, praesent. ', 'F', '1997'),
(43, 230668354259541, 7523, 'platea nibh vel proin nulla, dui duis diam. ', 'NF', '1997'),
(44, 23066820828966, 7456, 'cras auctor metus fames, placerat. ', 'NF', '1997'),
(45, 230661171725237, 7424, 'erat eros nunc vehicula, felis. ', 'F', '1997'),
(46, 230661258662194, 7401, 'est senectus ultricies a, mi curabitur dui facilisis, sollicitudin lobortis. ', 'NF', '1997'),
(47, 230663280048759, 7442, 'laoreet potenti molestie varius lacus sapien, himenaeos suscipit purus etiam. ', 'F', '1997'),
(48, 230667026596912, 7511, 'quisque faucibus pharetra non, gravida interdum. ', 'F', '1997'),
(49, 230663414563761, 7475, 'nullam viverra ut sociosqu, habitasse. ', 'F', '1997'),
(50, 23066960680874, 7357, 'ac odio viverra vestibulum sed, elementum praesent. ', 'NF', '1997'),
(51, 230664522966413, 7392, 'habitasse ultrices curabitur vivamus condimentum, tellus ad etiam. ', 'NF', '1997'),
(52, 230663859709072, 7570, 'nam arcu himenaeos fames, rutrum viverra. ', 'NF', '1997'),
(53, 230667862493120, 7464, 'inceptos curae egestas non volutpat nec, curae mi scelerisque ullamcorper. ', 'F', '1997'),
(54, 23066487903813, 7420, 'nostra massa cubilia id cursus fames, pharetra taciti feugiat. ', 'F', '1997'),
(55, 230661626044268, 7566, 'feugiat gravida est malesuada, ut id. ', 'NF', '1997'),
(56, 230667780765990, 7543, 'phasellus nulla class nulla fames lobortis, ultrices dolor elit torquent. ', 'F', '1997'),
(57, 230661995982044, 7390, 'tincidunt feugiat integer porttitor litora, vulputate in justo. ', 'NF', '1997'),
(58, 230666080226295, 7435, 'imperdiet felis senectus primis, egestas laoreet. ', 'F', '1997'),
(59, 230666962359225, 7320, 'dapibus eros elementum sit, habitasse. ', 'F', '1997'),
(60, 230668541191334, 7510, 'quisque scelerisque rhoncus fermentum, feugiat quisque. ', 'NF', '1997'),
(61, 230669623908294, 7520, 'eget aliquam et auctor, blandit etiam. ', 'NF', '1997'),
(62, 230669178552727, 7387, 'cras consectetur dui himenaeos, nibh. ', 'F', '1997'),
(63, 230661068754251, 7312, 'aenean augue curae suscipit, auctor platea. ', 'F', '1997'),
(64, 230663438386463, 7429, 'lectus luctus in ultrices habitant, eros adipiscing fringilla. ', 'F', '1997'),
(65, 23066434915541, 7362, 'blandit eros vivamus faucibus semper, class cubilia. ', 'NF', '1997'),
(66, 230665509251520, 7505, 'adipiscing imperdiet semper sagittis, vitae. ', 'F', '1997'),
(67, 230665995202631, 7491, 'vestibulum at ipsum sem egestas blandit, tempus hendrerit quis consequat. ', 'NF', '1997'),
(68, 230661893539276, 7308, 'dolor ultrices est blandit, enim hendrerit iaculis gravida, metus curabitur. ', 'NF', '1997'),
(69, 230664176056275, 7226, 'justo cursus habitasse hac hendrerit curae, inceptos fusce duis. ', 'NF', '1997'),
(70, 230664013192515, 7318, 'vehicula risus faucibus commodo, dapibus. ', 'NF', '1997'),
(71, 230665444611618, 7488, 'lobortis conubia etiam vehicula nullam, orci torquent vestibulum. ', 'F', '1997'),
(72, 230665980939631, 7481, 'hac cras accumsan auctor, tempor lobortis fusce potenti, diam porta. ', 'NF', '1997'),
(73, 230666139524661, 7572, 'fames quisque tristique sollicitudin porttitor, mauris varius. ', 'NF', '1997'),
(74, 230668279333846, 7504, 'sem potenti arcu ad elit duis, ac sapien consequat risus. ', 'F', '1997'),
(75, 230669225446022, 7537, 'rutrum porttitor semper ac, ultrices. ', 'NF', '1997'),
(76, 23066841534992, 7419, 'eleifend id platea commodo feugiat, ut bibendum. ', 'NF', '1997'),
(77, 230665235506258, 7408, 'aptent conubia velit est mi bibendum, gravida hac dictum. ', 'F', '1997'),
(78, 230665734769447, 7534, 'mi sit dolor rutrum, hac. ', 'F', '1997'),
(79, 230665906761196, 7499, 'consequat eget tellus per, donec. ', 'F', '1997'),
(80, 230665497789663, 7340, 'egestas aliquam pretium purus, suspendisse curabitur. ', 'F', '1997'),
(81, 23066485515851, 7227, 'magna vivamus auctor sociosqu id justo, eget nostra tempor. ', 'F', '1997'),
(82, 23066341601863, 7310, 'purus duis himenaeos inceptos maecenas, elit habitant aenean. ', 'F', '1997'),
(83, 230662808423470, 7484, 'rhoncus morbi etiam ullamcorper porta viverra, ut fermentum facilisis. ', 'NF', '1997'),
(84, 230662198357459, 7366, 'nulla sapien blandit gravida, ornare. ', 'NF', '1997'),
(85, 230664728142763, 7501, 'mattis fringilla dictum bibendum convallis, diam mollis class. ', 'NF', '1997'),
(86, 230667217689646, 7367, 'vivamus aptent libero at ac arcu, varius himenaeos posuere. ', 'F', '1997'),
(87, 230669752841156, 7436, 'pharetra non sagittis praesent feugiat velit, facilisis nisi nulla. ', 'F', '1997'),
(88, 23066222889820, 7524, 'nibh metus a fusce, dapibus. ', 'NF', '1997'),
(89, 230663371931334, 7576, 'egestas malesuada mauris potenti quisque, suspendisse viverra morbi. ', 'F', '1997'),
(90, 230663172707214, 7512, 'lectus cubilia ipsum ligula, ut ligula turpis arcu, bibendum congue. ', 'F', '1997'),
(91, 230663696971613, 7319, 'litora nisi iaculis amet felis, dapibus rutrum tincidunt. ', 'F', '1997'),
(92, 230668359651864, 7541, 'enim venenatis mattis nam suscipit mattis, curae fringilla odio etiam. ', 'F', '1997'),
(93, 230661474123231, 7441, 'donec metus lorem ipsum, vitae curae. ', 'F', '1997'),
(94, 230667562091059, 7224, 'hac netus potenti sagittis, proin aliquam feugiat, amet lobortis. ', 'F', '1997'),
(95, 230665136987378, 7455, 'condimentum molestie libero feugiat, aptent viverra tempus quisque, nisi aenean. ', 'F', '1997'),
(96, 230669172539022, 7382, 'diam ultricies malesuada egestas donec ac, vivamus curae dictumst. ', 'NF', '1997'),
(97, 230665078362325, 7378, 'quisque sodales rhoncus lorem, conubia senectus. ', 'F', '1997'),
(98, 230662572937248, 7538, 'purus commodo nam id quam, turpis elit. ', 'NF', '1997'),
(99, 230661063275799, 7333, 'amet etiam mauris nostra, ad ultricies. ', 'F', '1997'),
(100, 230666799305672, 7575, 'porta accumsan dictumst consequat interdum risus, posuere elementum nostra. ', 'NF', '1997');

-- --------------------------------------------------------

--
-- Table structure for table `pessoa`
--

CREATE TABLE IF NOT EXISTS `pessoa` (
  `cpf` varchar(15) NOT NULL,
  `orgao_codigo` bigint(20) NOT NULL,
  `nome` varchar(100) NOT NULL,
  `senha` varchar(256) NOT NULL DEFAULT '81dc9bdb52d04dc20036dbd8313ed055',
  `role` varchar(20) NOT NULL
) ENGINE=InnoDB DEFAULT CHARSET=utf8;

--
-- Dumping data for table `pessoa`
--

INSERT INTO `pessoa` (`cpf`, `orgao_codigo`, `nome`, `senha`, `role`) VALUES
('030.713.072-09', 15, 'REJANE MARIA LIRA DA SILVA', '81dc9bdb52d04dc20036dbd8313ed055', 'tecnico'),
('031.111.123-81', 42, 'ABELARDO DE ANDRADE CARDOSO ', '81dc9bdb52d04dc20036dbd8313ed055', 'aluno'),
('037.794.629-07', 42, 'GUSTAVO DAMASCENO DE ARAUJO CARVALHO', '81dc9bdb52d04dc20036dbd8313ed055', 'aluno'),
('102.820.485-12', 287, 'xkWTWwtMARZgrmJtycwqBWQbIAbyWdStnPnklH', '81dc9bdb52d04dc20036dbd8313ed055', 'aluno'),
('103.457.184-26', 295, 'okRXhsmqzOlOKoNNsPhfaHEym', '81dc9bdb52d04dc20036dbd8313ed055', 'tecnico'),
('106.240.518-80', 234, 'jBtLySzvEQhtyBUavnDzqfmymjyuHnGR', '81dc9bdb52d04dc20036dbd8313ed055', 'aluno'),
('107.740.148-26', 230, 'NotFipWszWSWFZWTTXhjBUMgwghhjrXWFrBOHyghuZeaYaUSYbczWOGsU', '81dc9bdb52d04dc20036dbd8313ed055', 'docente'),
('108.377.274-35', 171, 'wTJYHuATuyJVHiesMAUeNookTYkjizHFsrDaLeTgD', '81dc9bdb52d04dc20036dbd8313ed055', 'docente'),
('110.602.941-41', 26, 'zOsmUdcpMXebIrNYWhDAwRoLVMMyJ', '81dc9bdb52d04dc20036dbd8313ed055', 'docente'),
('111.200.172-34', 178, 'DoZjvDfghloeRNceHTkWrwjcmNcsRqFv', '81dc9bdb52d04dc20036dbd8313ed055', 'docente'),
('112.707.334-51', 154, 'qfyeSmrnFCEhFWOPyqEallxbErcnF', '81dc9bdb52d04dc20036dbd8313ed055', 'tecnico'),
('112.859.463-85', 159, 'WkiFcbISlkkaaeKKzKkDNcPAsn', '81dc9bdb52d04dc20036dbd8313ed055', 'aluno'),
('113.163.141-18', 71, 'khZjZoViQYFzvBkeAQImyydaTvbWxgQInQRneNwULbuhCEmduUpSttTmOUj', '81dc9bdb52d04dc20036dbd8313ed055', 'tecnico'),
('113.781.719-11', 119, 'LsZVCbqsRpXWamVBpyhcCbIpbOqOyrzjJyemAuErKBoKOjldHtgj', '81dc9bdb52d04dc20036dbd8313ed055', 'aluno'),
('114.498.741-12', 71, 'fvXcZzsUGkmWJeeGGqmVEFFH', '81dc9bdb52d04dc20036dbd8313ed055', 'aluno'),
('114.942.559-12', 157, 'HVgTvNznUeBXIewzqwCnvRpzfyAcZCXHxdBTRahLfIJONgoeCQrYIHyOgYQf', '81dc9bdb52d04dc20036dbd8313ed055', 'aluno'),
('115.104.823-67', 41, 'AUXFVksCAuGNWRGQXTnghhEVXwWXmDuNxsstCLVd', '81dc9bdb52d04dc20036dbd8313ed055', 'aluno'),
('115.620.386-63', 44, 'ngFIQeDyVuZGsyRjczwvoVd', '81dc9bdb52d04dc20036dbd8313ed055', 'tecnico'),
('117.193.851-71', 244, 'HAlffVnAnlwqtumtOZFVMwmYBmZGdJ', '81dc9bdb52d04dc20036dbd8313ed055', 'tecnico'),
('117.538.245-08', 42, 'Cláudio Nogueira Sant''Anna ', '81dc9bdb52d04dc20036dbd8313ed055', 'docente'),
('118.994.760-86', 176, 'SuivIDnMXGYeeRhzEAwAoJcVxGWxsORkjaFRES', '81dc9bdb52d04dc20036dbd8313ed055', 'docente'),
('119.553.704-92', 69, 'ZZUbzGCYnxoEqlAoWsyTQCUZYDaymWK', '81dc9bdb52d04dc20036dbd8313ed055', 'docente'),
('119.592.752-21', 281, 'CEddcxEEuJxMekgAAghqkC', '81dc9bdb52d04dc20036dbd8313ed055', 'docente'),
('121.370.718-48', 255, 'yoSSKdQOKsBHqVYNwEwJRoyns', '81dc9bdb52d04dc20036dbd8313ed055', 'docente'),
('121.908.685-54', 74, 'JAIwAYOQCIQvwSjdedBkbgZoITpDAPDkqlGQjvHMexhAqrDvufGwmFKUyayZQbkg', '81dc9bdb52d04dc20036dbd8313ed055', 'aluno'),
('122.703.175-53', 254, 'hohZtAyAJtGILLkGSGCpQBJGNCHwGgKNv', '81dc9bdb52d04dc20036dbd8313ed055', 'aluno'),
('122.919.856-85', 17, 'LvxPTTMbLmREqiaWLXZeNdimymntefMQBjFu', '81dc9bdb52d04dc20036dbd8313ed055', 'aluno'),
('123.763.664-67', 20, 'MEwiGiblXgHIQosyuqiYaYbC', '81dc9bdb52d04dc20036dbd8313ed055', 'docente'),
('124.117.908-69', 95, 'wHkgupwMzDIEPfvpiUhicZjIlOKmJscfZmmuCIgblOFaTbqcVylXxvGIj', '81dc9bdb52d04dc20036dbd8313ed055', 'docente'),
('124.453.726-68', 54, 'tNFtWMyyMnFKfszkJFZIcSTGOfHiPpt', '81dc9bdb52d04dc20036dbd8313ed055', 'tecnico'),
('124.698.160-59', 100, 'VbfBHtJjWGebVIEIRZjscmTZkNbTQDALFFnmZWwVCAXyiBhaB', '81dc9bdb52d04dc20036dbd8313ed055', 'aluno'),
('124.714.801-11', 132, 'wuwicseNANvNdyaOwrCMzqrFaDGKsHHObeWdwbRXOmKRKKGhciTBzkgAONkgvSV', '81dc9bdb52d04dc20036dbd8313ed055', 'tecnico'),
('124.836.356-49', 61, 'VsLtDFNAlFgWgWAHiSlRnGYPSjRJynltGWMjCAJNfQKmN', '81dc9bdb52d04dc20036dbd8313ed055', 'docente'),
('125.704.702-62', 112, 'VIDXvkhSUByZIYMTzkBlDDNxAUyjCd', '81dc9bdb52d04dc20036dbd8313ed055', 'aluno'),
('126.158.622-30', 78, 'nvjSwkucDgenrIBLCKSgtFHTOuVRYhIlCReZbybFFfSXOuIqfBwygesVy', '81dc9bdb52d04dc20036dbd8313ed055', 'docente'),
('126.806.605-98', 216, 'XiolbNWSxMkyNeMScJqgPYGS', '81dc9bdb52d04dc20036dbd8313ed055', 'aluno'),
('126.999.899-36', 108, 'LCUyYPkZjrCODFiyVbRoUedPnpRnjgdUJYtHODHYVkMyQVXLWOaRTdHh', '81dc9bdb52d04dc20036dbd8313ed055', 'tecnico'),
('128.101.559-97', 74, 'jCoebASOJMzyKXuqafXvqAlBfjDfKBXTdlYfMRTwDsUoqoEruBNKbYlhiO', '81dc9bdb52d04dc20036dbd8313ed055', 'aluno'),
('128.120.533-34', 194, 'yNAnhsUqbvIZuIBtEQgbwAWaRocTNqhme', '81dc9bdb52d04dc20036dbd8313ed055', 'docente'),
('128.123.493-33', 58, 'GIgaDAYebkKHGIEmxajDYUkbrmdtJqjpZqpCRoHTzsAfafrxgBbewmgNz', '81dc9bdb52d04dc20036dbd8313ed055', 'docente'),
('128.157.176-76', 297, 'iThQdhfvRlTrblbGVcKNtOofxbhBfTqoNxeQFjmwufOwrPcmRNalBpq', '81dc9bdb52d04dc20036dbd8313ed055', 'docente'),
('128.412.245-75', 19, 'xXebXsHxaEhvusrwVhCmRFXuWYwoghGEfKFc', '81dc9bdb52d04dc20036dbd8313ed055', 'tecnico'),
('130.740.802-71', 138, 'yerRbBttKGmycFEHvDKUBDVoimqTbaIzfZrhALAlsMKurobMSMHtpCI', '81dc9bdb52d04dc20036dbd8313ed055', 'aluno'),
('131.153.983-10', 199, 'afcYkktrVMKuEcQhwrxstSToryquxqSywUwGeQXaD', '81dc9bdb52d04dc20036dbd8313ed055', 'docente'),
('132.706.148-50', 174, 'hYYUWISoIrVBXVPEwYqQthFwujydmWbtUanRIffqwbSuXHZtFqjZxPwSYVWkRX', '81dc9bdb52d04dc20036dbd8313ed055', 'aluno'),
('136.289.756-21', 32, 'yGxDuLREEQPNZovEHMiHxnBDReGcQMFpscSMNKrrBgfAuA', '81dc9bdb52d04dc20036dbd8313ed055', 'docente'),
('136.924.973-30', 295, 'ZGrAuWrRjGfkipWZVkfORCSRTzTPyfGxMXYgUqYeWdoetleovkdnMWfGv', '81dc9bdb52d04dc20036dbd8313ed055', 'tecnico'),
('139.326.344-71', 294, 'BlospUvgHawacoMQZeiAknaFOgHburMWCboSWJZDKvDMKqCJuLjF', '81dc9bdb52d04dc20036dbd8313ed055', 'docente'),
('139.751.990-21', 162, 'oGynXkzVmxTPdCWkhnPCGHwwYeyKdEhrlFFiPeeb', '81dc9bdb52d04dc20036dbd8313ed055', 'docente'),
('139.843.772-59', 154, 'HLoIIVzcUJJvIlJOecMiGduGQYJHLlZsWnbFj', '81dc9bdb52d04dc20036dbd8313ed055', 'docente'),
('141.790.483-57', 99, 'RSyYYnElCDfyuJJRjKgYzvPUSFWGbyTT', '81dc9bdb52d04dc20036dbd8313ed055', 'tecnico'),
('142.115.753-97', 31, 'ZzqvKfiRopLGTyPNnKpBCABeyEgzqfhpEyLpDUgSjRydpoQDZf', '81dc9bdb52d04dc20036dbd8313ed055', 'docente'),
('142.488.457-36', 87, 'natgEFWseBHgHeFqGxpuCUXtJcvgwKwKKPR', '81dc9bdb52d04dc20036dbd8313ed055', 'tecnico'),
('146.764.005-00', 42, 'Raimundo José de Araújo Macêdo ', '81dc9bdb52d04dc20036dbd8313ed055', 'docente'),
('148.715.525-89', 159, 'zkHLOXTxjNKFgKOtmtvGYZGszCujapfAzMlnJfKTSvyZfnssGOYFNFXniswjH', '81dc9bdb52d04dc20036dbd8313ed055', 'docente'),
('150.683.288-97', 59, 'uDnmdSZzQPxWwvZYqeQqqLITdWVLhUqBxEOBwNamDyjZTiY', '81dc9bdb52d04dc20036dbd8313ed055', 'tecnico'),
('150.688.934-78', 212, 'RgqeqeIAOOaTlbkLSyaRzleqcjt', '81dc9bdb52d04dc20036dbd8313ed055', 'tecnico'),
('150.976.355-27', 25, 'ECspTENYAjQhtvAfdAzCzMSizhlywwQaYjqSN', '81dc9bdb52d04dc20036dbd8313ed055', 'aluno'),
('150.980.619-22', 145, 'jGPalRgpcJsISlEEyWdlzDCmJipIMwxVdnVpebEhLXQEjvjIrmTQPwd', '81dc9bdb52d04dc20036dbd8313ed055', 'aluno'),
('152.670.500-97', 247, 'JsZOYCfKByejNuUtHgsEXJGrZPuGmsBVKAKJcPuEnyOaSIuAPNeNwLevAycM', '81dc9bdb52d04dc20036dbd8313ed055', 'tecnico'),
('153.864.932-91', 272, 'zqvsgkNYGGedBThvXFaAxxkOaMRSIMoidKAjVohB', '81dc9bdb52d04dc20036dbd8313ed055', 'tecnico'),
('154.827.141-57', 111, 'jmszfFxDdOxnFdVGTWbKOeYqYH', '81dc9bdb52d04dc20036dbd8313ed055', 'tecnico'),
('154.982.600-10', 59, 'byypdiuvIEfnENqwHWkMEtBTNLXMoXypvWEyfZUNEaaiOrFvnQiR', '81dc9bdb52d04dc20036dbd8313ed055', 'tecnico'),
('155.768.432-16', 284, 'hIToutimBctRvjdsWcXaxZZQrRTdlXYsFSHalPmNSGFnQIGNLDNiDNYUFSYQP', '81dc9bdb52d04dc20036dbd8313ed055', 'docente'),
('156.273.393-82', 299, 'tDPhytEoCsGBcstvufVUOnxkcmnmDdLWHBefVIuybb', '81dc9bdb52d04dc20036dbd8313ed055', 'aluno'),
('157.241.766-25', 75, 'iwGbuKlYIxgwIXxELiaLjJEyjnBsZKcigIjBsvzbTFxCDUgodga', '81dc9bdb52d04dc20036dbd8313ed055', 'tecnico'),
('157.510.651-31', 194, 'ZcHDTHWOzUWpctyPMvYAOiVvGzzeeLueNbI', '81dc9bdb52d04dc20036dbd8313ed055', 'docente'),
('159.207.635-15', 42, 'Aline Maria Santos Andrade', '81dc9bdb52d04dc20036dbd8313ed055', 'docente'),
('160.258.863-76', 153, 'jKYHAEwJXviMZskQsozQLC', '81dc9bdb52d04dc20036dbd8313ed055', 'aluno'),
('163.448.434-53', 171, 'zvInJgxLtLYWPKTwlXChGXFHYELsYkhxGPKpWibpUZmJKffWdIdJFIr', '81dc9bdb52d04dc20036dbd8313ed055', 'aluno'),
('164.983.244-20', 38, 'atDZHKrNOlzigcSpJJhadIeTAjXzrdkswNreyJRmUrvbuoqdYxeb', '81dc9bdb52d04dc20036dbd8313ed055', 'docente'),
('166.512.633-53', 95, 'fQMDHQBnnRJHmwLqkYqPmemLuuPSZpwefjINZkambKUngFE', '81dc9bdb52d04dc20036dbd8313ed055', 'docente'),
('166.740.639-23', 170, 'iggBEgHpgXVYkKflNsNvabqFVgJGLQxTXEvCKdSQbNPlyVwmnjIolZThf', '81dc9bdb52d04dc20036dbd8313ed055', 'docente'),
('167.203.231-85', 84, 'kLPYIJeEWGwqBqCRtWRtVqRdrmgxtYdEKSCtCGXyntPOKrGe', '81dc9bdb52d04dc20036dbd8313ed055', 'docente'),
('167.658.201-63', 212, 'ggntpYfmoLcfQENrbbsQhrkqMWuscZPifdCvbIIqt', '81dc9bdb52d04dc20036dbd8313ed055', 'docente'),
('167.952.508-30', 134, 'FSJFAzquBszFcqUHOxUzHLzTujXsHiPmbySCYiXAA', '81dc9bdb52d04dc20036dbd8313ed055', 'tecnico'),
('169.610.916-69', 298, 'qnrUhkEBFkzlfJrGAZkIuIsLdAPGvxrLLIGTSkuyuTKADcgdbrMv', '81dc9bdb52d04dc20036dbd8313ed055', 'tecnico'),
('170.131.927-42', 165, 'jbiemtpZgFgEeuyhIHCzDQySARW', '81dc9bdb52d04dc20036dbd8313ed055', 'docente'),
('170.830.644-54', 180, 'QFbfdlDdGiSVMnryMDArNg', '81dc9bdb52d04dc20036dbd8313ed055', 'aluno'),
('173.512.650-67', 77, 'NJcnRYuSWBTlUwGNyDFxjhcamHeK', '81dc9bdb52d04dc20036dbd8313ed055', 'aluno'),
('173.655.934-57', 200, 'GdwinpOKLIJmbDJkhjRNxUJdqehWaJPHNlPaAEKlnuxoYhyfqpTOjDRAHZw', '81dc9bdb52d04dc20036dbd8313ed055', 'tecnico'),
('174.348.494-50', 130, 'ZNTjgKNIjyaSNWLFxVQCVsmAaEEobbDaP', '81dc9bdb52d04dc20036dbd8313ed055', 'docente'),
('174.432.117-87', 75, 'WBxeYtFQYNqvyiskzDqdNfrTJFXcGQ', '81dc9bdb52d04dc20036dbd8313ed055', 'docente'),
('174.505.738-22', 42, 'Paul Denis Etienne Regnier ', '81dc9bdb52d04dc20036dbd8313ed055', 'docente'),
('176.105.585-54', 284, 'VpdeRREzDqfktOcRnJkEloVBbxGbZfOUvSYnJDMnURxnFAeTjoxvDt', '81dc9bdb52d04dc20036dbd8313ed055', 'tecnico'),
('177.181.612-26', 138, 'BdoYeuFPxxEsHpYVJjZQJLyyrFDwjMgKQuJUPoKmMpFtEEpoOoe', '81dc9bdb52d04dc20036dbd8313ed055', 'docente'),
('178.238.454-44', 236, 'OaAtEJlogevkkWGEzLIRZu', '81dc9bdb52d04dc20036dbd8313ed055', 'aluno'),
('178.608.287-07', 42, 'Débora Abdalla Santos ', '81dc9bdb52d04dc20036dbd8313ed055', 'docente'),
('180.221.151-63', 76, 'JZtbLfKrYDBsbWmMxQPETQVGmVLtXpqHpJJbOtsNWUgXRsKojzSdqOJDJuXHK', '81dc9bdb52d04dc20036dbd8313ed055', 'tecnico'),
('180.886.132-67', 224, 'wzpNqqmHIlzNRGbXEtifGHINOJRILzGhYWVpmiWUtwHldJiHcrMJYvxNfpwQOcY', '81dc9bdb52d04dc20036dbd8313ed055', 'aluno'),
('181.172.163-28', 183, 'rmZQrsEhVTHamUzUXBKrKhyMJiQNlbdDodt', '81dc9bdb52d04dc20036dbd8313ed055', 'docente'),
('183.923.399-80', 177, 'VZSUZLPPVbWvnKlZuEGzHzSVvEarWPLSOENOpC', '81dc9bdb52d04dc20036dbd8313ed055', 'aluno'),
('184.367.188-29', 49, 'YxmhKHlMdQDRRvXarKNulOOdam', '81dc9bdb52d04dc20036dbd8313ed055', 'docente'),
('186.177.406-63', 68, 'sRokydQGJVVHibMFDQqosWMypTDuliaDZoOysEebAZIIbuoE', '81dc9bdb52d04dc20036dbd8313ed055', 'docente'),
('186.278.994-77', 51, 'aGaqKZztvtFsIHkimBMSspmaRSfbSSrSzr', '81dc9bdb52d04dc20036dbd8313ed055', 'docente'),
('187.131.891-87', 22, 'VZvLAXhrVOHssoGUwPmFQmGirXntRgKNggyG', '81dc9bdb52d04dc20036dbd8313ed055', 'aluno'),
('188.613.556-62', 132, 'qHBSyDXVEIPKAiVZuwOumwDDayIEZmcpTEhrhfnLNd', '81dc9bdb52d04dc20036dbd8313ed055', 'aluno'),
('190.761.823-17', 18, 'ktsqHNnUpOzeyXGXcYoOhKrqlZvXPAFaTXqBLEvbtVfRSMOUL', '81dc9bdb52d04dc20036dbd8313ed055', 'docente'),
('193.262.888-29', 89, 'lcdPSEDgXbXlTmpzuBoRjKbVNvaW', '81dc9bdb52d04dc20036dbd8313ed055', 'aluno'),
('193.436.963-32', 103, 'yJCGitaMBEizrixTzJYPAPMrogwHdKuCtXjBrjnTOvsfEQZdzXSaNE', '81dc9bdb52d04dc20036dbd8313ed055', 'aluno'),
('195.901.303-23', 140, 'IVqWbKGXKJdASvxrNUwGIQCnyktswBmewCaymGvXqzyiUVAHQWozNRNlbgE', '81dc9bdb52d04dc20036dbd8313ed055', 'aluno'),
('196.770.372-29', 186, 'WAdSmyNdapUzCPWHUFxTIyONVfTIvejrFmkSLXVLnQlP', '81dc9bdb52d04dc20036dbd8313ed055', 'aluno'),
('197.349.295-65', 40, 'hmLIZOBBSJuMITeCgMPsugxgGEmVPSnWfYFfM', '81dc9bdb52d04dc20036dbd8313ed055', 'aluno'),
('198.135.157-56', 94, 'KUMKdvjEveeghoJRTjKhdsrbephgsIEdCrOGMXlib', '81dc9bdb52d04dc20036dbd8313ed055', 'docente'),
('199.268.147-93', 3, 'jlmPbqjZfQNoVFrFQYrCsofYukeEnaAxlNmnevmjmayiGPNwNfZgteeOpjsDjT', '81dc9bdb52d04dc20036dbd8313ed055', 'tecnico'),
('199.819.600-68', 1, 'hqnXyjuJUnxOwaMMoPWWHaEvRoAHRiBYyOWXYrGSEdGbetOsjKoQKTlCiMj', '81dc9bdb52d04dc20036dbd8313ed055', 'aluno'),
('200.482.793-45', 275, 'stFQBqvNusaCFvRkyKTeVqqSKOYgCsMVLsLnIhadAbFfxxp', '81dc9bdb52d04dc20036dbd8313ed055', 'docente'),
('200.976.729-57', 76, 'mSQegzDtyPaqfFkokzEAHQpcvHiurJtECkJIJmchccxiIIxShcsPSHRooZIGJckl', '81dc9bdb52d04dc20036dbd8313ed055', 'tecnico'),
('202.217.628-68', 42, 'Mauricio Pamplona Segundo ', '81dc9bdb52d04dc20036dbd8313ed055', 'docente'),
('202.423.825-42', 42, 'yemMkFdxfVEPbyNgvfZuzxgEwgKPWdDuhPgrvjOAetpgRdnmjmHIKOm', '81dc9bdb52d04dc20036dbd8313ed055', 'aluno'),
('202.942.162-28', 201, 'LtkKrFebtyZBDHvduiXXvRnGyeLviWNTpXEHC', '81dc9bdb52d04dc20036dbd8313ed055', 'docente'),
('203.784.385-31', 209, 'OBcxMfEthOCzKkRddJjsepxDLOJyeWUTyXrkcVEj', '81dc9bdb52d04dc20036dbd8313ed055', 'tecnico'),
('203.929.711-62', 226, 'eUNDYcerkcAJJuihKllaisUIqqOlatcfoQImSMDdPeMyzVGjgRjpkeYAv', '81dc9bdb52d04dc20036dbd8313ed055', 'tecnico'),
('204.142.591-56', 117, 'ZQTuNbNaRZfWDNIJIMYFCqpzkLFnogAnX', '81dc9bdb52d04dc20036dbd8313ed055', 'tecnico'),
('204.219.841-95', 60, 'hbElJfZyfTKhdvZBvQbHVrKfKulRlies', '81dc9bdb52d04dc20036dbd8313ed055', 'tecnico'),
('204.608.780-11', 101, 'BxfbfQAYlKVEretEfRwIPFFqgcwJPxV', '81dc9bdb52d04dc20036dbd8313ed055', 'tecnico'),
('205.253.796-92', 202, 'FyGDwBoLIUBTYhEgyKqWLPzxsxEBlzeRXKvumJfVDHPCOt', '81dc9bdb52d04dc20036dbd8313ed055', 'aluno'),
('205.965.307-38', 159, 'fUGjoCiELSQccOhZnwqTWxrJWSPUefmjaTspv', '81dc9bdb52d04dc20036dbd8313ed055', 'docente'),
('206.136.675-90', 42, 'Vaninha Vieira ', '81dc9bdb52d04dc20036dbd8313ed055', 'docente'),
('206.620.377-82', 278, 'knvTiSJVTHbUMYguNWbbJUUgmqmQGcKQpgKxYttSbvMNuThiQijzcdGotTfZ', '81dc9bdb52d04dc20036dbd8313ed055', 'tecnico'),
('209.591.276-33', 16, 'xIVhavLtgGBAEMdebamijZoWhc', '81dc9bdb52d04dc20036dbd8313ed055', 'docente'),
('213.313.486-84', 162, 'vpmmwZsJVyBVpQVWbBoLLDhjPYpbugSQwecSdvBYTcUiSQfUrtFdXMmMK', '81dc9bdb52d04dc20036dbd8313ed055', 'aluno'),
('213.382.818-32', 267, 'UbcZGSfimkNskDIQqaLcXeZEnhLDWYRRZ', '81dc9bdb52d04dc20036dbd8313ed055', 'tecnico'),
('213.386.830-40', 183, 'NVOPgGzpzLedCDLjdqiaLcUJAYQRPhMCdAskhSzGDDJghvqkLylwBggbfWSUe', '81dc9bdb52d04dc20036dbd8313ed055', 'tecnico'),
('213.454.378-51', 293, 'tzkXXxeAFkNJOVEBtppOTtRvruCLKaqdzAawYfWDpKndFRF', '81dc9bdb52d04dc20036dbd8313ed055', 'aluno'),
('213.560.636-75', 42, 'VICTOR MACIEL GUIMARAES DOS SANTOS', '81dc9bdb52d04dc20036dbd8313ed055', 'aluno'),
('214.465.812-92', 4, 'RICARDO DOS REIS TEIXEIRA MARINHO', '81dc9bdb52d04dc20036dbd8313ed055', 'tecnico'),
('214.698.457-39', 49, 'yujIMoYkSJYChdycWXZnibiMlSSTnjtLEDtrSrBKaAn', '81dc9bdb52d04dc20036dbd8313ed055', 'tecnico'),
('214.819.960-22', 150, 'lROFDlvVmEKebkKQrEZbZRpNqLUgIbUUTIzxUVsgzclBmVsDArFzjUn', '81dc9bdb52d04dc20036dbd8313ed055', 'aluno'),
('215.289.933-26', 271, 'pjNaxLtfCYBlzNwwZiOtIiAnSQudMDEcNrdkcxpEvRQ', '81dc9bdb52d04dc20036dbd8313ed055', 'docente'),
('215.920.128-44', 149, 'siowklGVzNFeDmgNYjJtawPFgDMbFgrXpFu', '81dc9bdb52d04dc20036dbd8313ed055', 'docente'),
('217.342.342-70', 280, 'gKkDCauSsfjfderteQgqysXNSmUgADHGoSkQSEIlJSqN', '81dc9bdb52d04dc20036dbd8313ed055', 'aluno'),
('217.588.927-81', 79, 'hGfvOcuNwZEnSiPZScbQyeuxsjEUetila', '81dc9bdb52d04dc20036dbd8313ed055', 'tecnico'),
('219.131.258-69', 286, 'sjxnxCZsqKozlCgXaODujnYsVozWyhyQqWeOyegPPvoa', '81dc9bdb52d04dc20036dbd8313ed055', 'tecnico'),
('219.166.270-96', 232, 'FGdjzLLdfQhdvPvLIAynsdCUXbbbkZFPFJZfuKjzBqDWfYH', '81dc9bdb52d04dc20036dbd8313ed055', 'aluno'),
('219.269.826-53', 8, 'ljRCcAXVPsGIosobygqxytTZKAgUqFJBPBeRbbMRuszJLNLkTbHsvArf', '81dc9bdb52d04dc20036dbd8313ed055', 'aluno'),
('221.248.566-38', 272, 'AGOdxcLrBdRHdXZBdADhWPoKoxRxYiVzPJDnMoEnrw', '81dc9bdb52d04dc20036dbd8313ed055', 'docente'),
('221.688.160-12', 189, 'aREAbMQsmCTANyhojGSjsGvLbrSJuTovKTWMFMfSpYscwAr', '81dc9bdb52d04dc20036dbd8313ed055', 'aluno'),
('222.564.526-91', 172, 'GmzrLsaWeRuCEdCTyQIsCUcDTXKuvFKcSku', '81dc9bdb52d04dc20036dbd8313ed055', 'docente'),
('227.692.434-97', 202, 'shvvyGzrOiScYiXHOJKQGQALkbSSvRkOZGjym', '81dc9bdb52d04dc20036dbd8313ed055', 'tecnico'),
('227.912.784-11', 187, 'EwFYYrJYHMxiNUgSQKiAXmgPReWMSXaxt', '81dc9bdb52d04dc20036dbd8313ed055', 'aluno'),
('227.946.163-26', 99, 'lELNhlitWOVxIQBXfuuTsZutU', '81dc9bdb52d04dc20036dbd8313ed055', 'docente'),
('228.441.375-41', 88, 'LqlxfWvSGkEtLHatzZnpIM', '81dc9bdb52d04dc20036dbd8313ed055', 'aluno'),
('232.290.649-60', 275, 'hJcAFLMXWqiXneZilSXfbq', '81dc9bdb52d04dc20036dbd8313ed055', 'aluno'),
('232.829.862-77', 246, 'ODzgzsHHRJoGVPSpOabFhZHqFzyvrlgfPGmoZUWQDlxzapPPpQuw', '81dc9bdb52d04dc20036dbd8313ed055', 'tecnico'),
('233.471.996-84', 111, 'mYKiMvTuSRiWoOSVGLbYhguwwDDSCueP', '81dc9bdb52d04dc20036dbd8313ed055', 'aluno'),
('234.274.274-67', 21, 'keBQBFBuPOmlREOVWjXehjcntYvEicYsgzjIfK', '81dc9bdb52d04dc20036dbd8313ed055', 'aluno'),
('234.350.718-91', 234, 'qBPVvTJoUgyWRdMxlHvCMpcNqNVExQiOrYJMStbMAzIrDvO', '81dc9bdb52d04dc20036dbd8313ed055', 'aluno'),
('235.223.368-77', 216, 'aRFdkwajtjtLfKLMRyolsPtzkxHrMuqNlVRwrSFKcZvhJhUBFjNXYgxjEeBqzRe', '81dc9bdb52d04dc20036dbd8313ed055', 'tecnico'),
('235.878.591-85', 128, 'dDqzzljsaMlslErhLhchGFGVDOd', '81dc9bdb52d04dc20036dbd8313ed055', 'tecnico'),
('236.124.929-33', 212, 'fFerEsmFIjHAxErgWSKNbde', '81dc9bdb52d04dc20036dbd8313ed055', 'tecnico'),
('236.521.453-74', 7, 'GUAlVEAdCXxDiIpTokjAgrroxZwVuhpabPlXuL', '81dc9bdb52d04dc20036dbd8313ed055', 'aluno'),
('241.406.912-37', 110, 'jWnAVwpTSmUikLzQgAZoXRUfZInrDDINzWov', '81dc9bdb52d04dc20036dbd8313ed055', 'aluno'),
('241.603.154-46', 92, 'YyjVhdriKWpzaiRQdvWLoTqZLehphCPgaZbidtqNpFn', '81dc9bdb52d04dc20036dbd8313ed055', 'tecnico'),
('242.431.186-66', 38, 'XHTpxrAmagjmCLhANwmNSvImsiuLnbckIVA', '81dc9bdb52d04dc20036dbd8313ed055', 'aluno'),
('242.663.832-96', 225, 'zLrMvRBbGVdqJBeMnMslJavFfXNLNLqnxIaSzCUgxXwhyAT', '81dc9bdb52d04dc20036dbd8313ed055', 'docente'),
('242.831.861-63', 160, 'iWjpCpzsaAzBcUXkKXLYuMbrljAbbeAkbKADZZVaAv', '81dc9bdb52d04dc20036dbd8313ed055', 'aluno'),
('244.490.568-78', 199, 'uwsiknoeVJifaOrlHdiCPvsblZjHAXBUuTdEgrIcaRhbGzmnDvQsRjuciEJ', '81dc9bdb52d04dc20036dbd8313ed055', 'aluno'),
('244.573.167-66', 125, 'yZUCfyHjNqwTXefIaYJeWTjmKTulXb', '81dc9bdb52d04dc20036dbd8313ed055', 'aluno'),
('245.253.998-16', 299, 'qWjfUqIncEZuqmdxnhYoNdLktHtCHwbYtldnBMAErA', '81dc9bdb52d04dc20036dbd8313ed055', 'docente'),
('245.900.289-42', 130, 'SnfrRJgeQzxZrDxcQLTqBkBoEdxynQWgdcxULEYBd', '81dc9bdb52d04dc20036dbd8313ed055', 'tecnico'),
('245.974.829-64', 145, 'dgXtvNXMjuWLJEYKbPLsjVCsqVApLf', '81dc9bdb52d04dc20036dbd8313ed055', 'docente'),
('247.881.750-44', 259, 'eNaHkAOgWIrhElFfPfxGrOcDfjMYUfWZSXHdxvkueBCJMiPCnmiEbkiguUfpaco', '81dc9bdb52d04dc20036dbd8313ed055', 'aluno'),
('248.859.488-19', 42, 'HEITOR FARIAS MELO', '81dc9bdb52d04dc20036dbd8313ed055', 'aluno'),
('249.714.884-66', 286, 'ViJuPVddNhqfvvHtoZiJyAZUAKdjDKEzSoTIkXM', '81dc9bdb52d04dc20036dbd8313ed055', 'docente'),
('250.119.790-71', 68, 'ZexRwLKmTxtscQxdNJfqBBjJkARloBboFyfbkPnemGwpxUtkDyBeaKOl', '81dc9bdb52d04dc20036dbd8313ed055', 'tecnico'),
('250.493.407-41', 165, 'nojlDqOINgrBaxxeNRAptPnXkOgHgyBtMLFpcuXQAprBNPFAGgPaWcXhReOY', '81dc9bdb52d04dc20036dbd8313ed055', 'tecnico'),
('252.856.781-28', 35, 'NEPpLJTQOEfJBmUJgznNDZXbrokjcuPPZFfKoYBdCGMeTGNa', '81dc9bdb52d04dc20036dbd8313ed055', 'aluno'),
('255.665.100-82', 60, 'EEpmaeJlbdsvsGZenlCfPxcshtBOtrdXVt', '81dc9bdb52d04dc20036dbd8313ed055', 'docente'),
('256.325.847-92', 101, 'JFbcBFIlrkWRBqdkPoOMoaVXQfgdWbwFHyIie', '81dc9bdb52d04dc20036dbd8313ed055', 'tecnico'),
('256.472.825-82', 110, 'bFIPxpuLgdrTOVGXyuVsZOqQEnZZdPvfveUTupEA', '81dc9bdb52d04dc20036dbd8313ed055', 'docente'),
('257.905.672-41', 126, 'gJUqbretvDcnQXElYYzobxLfySptzHkGrfXswbMSFOfvLJGJIgXJDJPcBe', '81dc9bdb52d04dc20036dbd8313ed055', 'docente'),
('258.580.821-25', 40, 'kZXKoFuxXYkXDdZHCvgAcAidhQmJFvdQuaAIGU', '81dc9bdb52d04dc20036dbd8313ed055', 'docente'),
('260.612.659-40', 105, 'CPrFFeHzGesZCqEjsRECzKsJoVSSBkleZCKFH', '81dc9bdb52d04dc20036dbd8313ed055', 'docente'),
('261.141.988-13', 12, 'oTgzvHzBSAmCrwSOWbVxhPtyonIrnKGCEN', '81dc9bdb52d04dc20036dbd8313ed055', 'docente'),
('262.125.884-73', 267, 'JsyrrBrhDawbxtqubjEkgyDjlKsnEdGnvfFMHW', '81dc9bdb52d04dc20036dbd8313ed055', 'aluno'),
('263.175.647-31', 47, 'HGCfIWwjRGQkOUKvzeOqKheCTtMYZY', '81dc9bdb52d04dc20036dbd8313ed055', 'docente'),
('263.300.874-72', 285, 'CbEgZxUhIMgeGYxqOKgAAw', '81dc9bdb52d04dc20036dbd8313ed055', 'tecnico'),
('264.721.276-83', 268, 'fxzHFYWiRZfhlUEZsSUVLxkqtxzdHpNNNnutlrBcrHkCCOCUHwQt', '81dc9bdb52d04dc20036dbd8313ed055', 'tecnico'),
('267.954.616-38', 148, 'lyTzudVcHwmAvWjLoqVbUmjXHVgEzxtKWmkqqgtXCGyXDHJSXFTSRdP', '81dc9bdb52d04dc20036dbd8313ed055', 'aluno'),
('268.795.863-55', 13, 'dEyyVRgADSkcuvKCbucdTfsKcdURVuvZYUyTLEupwErRacu', '81dc9bdb52d04dc20036dbd8313ed055', 'aluno'),
('269.350.480-24', 77, 'WvMYztexJTAwPhilaouLyDp', '81dc9bdb52d04dc20036dbd8313ed055', 'tecnico'),
('271.397.687-61', 37, 'bifKQqScREVkUhlLarMSkeLJwUTNCxzEGEowUgzMLuXGBjrBBeuLi', '81dc9bdb52d04dc20036dbd8313ed055', 'docente'),
('272.516.151-93', 47, 'UQzJrEwTXllUILlLFXiXvrnuMBDkEAzzqZ', '81dc9bdb52d04dc20036dbd8313ed055', 'docente'),
('273.284.786-38', 127, 'PKkCGMDVFzFEcpZGcJWFtqqCVpMgccZSNjutVXpBxUfAkfgmPcRitiKpxx', '81dc9bdb52d04dc20036dbd8313ed055', 'docente'),
('274.129.611-44', 250, 'RSIrogiaFdLwaPWFKyEYMnWvIaFKDZyvRgNfmWfSaRoaGlFrJkpwxl', '81dc9bdb52d04dc20036dbd8313ed055', 'aluno'),
('275.928.214-96', 142, 'pwEijAUOYPFAKYNlYrQntRQuHnEDtChJYMShmMWlCBLnzy', '81dc9bdb52d04dc20036dbd8313ed055', 'docente'),
('280.576.603-22', 225, 'FGmMofJgEAgtQBaYQMTBZmXOWsZyVgKA', '81dc9bdb52d04dc20036dbd8313ed055', 'aluno'),
('281.622.575-65', 252, 'lRQGwwgeWYasDaJzQvsEZftoIXymzedLWUrtrxxowxGZyqzoLRSLXmZFkx', '81dc9bdb52d04dc20036dbd8313ed055', 'aluno'),
('284.289.930-66', 49, 'cqraCzftREHotPDOnTMGwgwLnfVybCZeSqevQkOHPvW', '81dc9bdb52d04dc20036dbd8313ed055', 'aluno'),
('285.473.847-07', 42, 'GABRIEL JONY BORGES SILVA', '81dc9bdb52d04dc20036dbd8313ed055', 'aluno'),
('285.953.387-31', 98, 'KCPLMtWSSzbekurOxYcTdHFKEAVBQiWBLLmxfi', '81dc9bdb52d04dc20036dbd8313ed055', 'aluno'),
('286.391.705-68', 42, 'Christina von Flach Garcia Chavez ', '81dc9bdb52d04dc20036dbd8313ed055', 'docente'),
('288.695.433-37', 249, 'DxjFzSyKcILcNwNmgYQUaGutTWECpUgSsqyRiXClFootKcG', '81dc9bdb52d04dc20036dbd8313ed055', 'aluno'),
('291.971.637-91', 271, 'IPEKaFyQxFFqTKbXNukFZSDeSmpRRkBAaglaLJRjpwzjgBgTVqz', '81dc9bdb52d04dc20036dbd8313ed055', 'docente'),
('292.322.866-67', 29, 'GnRrGSVlIHROQmgETmAAfMmCtmNG', '81dc9bdb52d04dc20036dbd8313ed055', 'aluno'),
('293.401.203-11', 179, 'TcaYrlCgBzBYXJKFkBantaCJicUziVgbYhapsCvTcWRZGCEQe', '81dc9bdb52d04dc20036dbd8313ed055', 'aluno'),
('294.341.642-12', 213, 'mpoVgNlsSsbHotzeyLUIwwjWsJhGoiqBxExEsIXlbYTprtuQeozB', '81dc9bdb52d04dc20036dbd8313ed055', 'aluno'),
('295.799.151-65', 76, 'aPcHNihrYVtyqotvzqXxmfIxNTJBWovWexDSGLjEHCdXRwsrMqOYvxwiqfK', '81dc9bdb52d04dc20036dbd8313ed055', 'docente'),
('296.540.949-52', 154, 'JeOQBAeHwCIYCMRSRmJbbrQwnZIMWhfGlUwNu', '81dc9bdb52d04dc20036dbd8313ed055', 'aluno'),
('298.999.134-32', 124, 'soSgfUEvoYNkhvSNJBbjWnCSnwenyraRFTYLOCgcBUmIqewaGxjCLM', '81dc9bdb52d04dc20036dbd8313ed055', 'tecnico'),
('299.166.967-37', 15, 'YGHLRasMhPBHVICCzxwXuVASqrdtpttnabZRcrEjhfQcOsFoQblkXMdnegHtAbHA', '81dc9bdb52d04dc20036dbd8313ed055', 'tecnico'),
('301.296.226-34', 236, 'ILlRSoiXYYtEQQSEChJmbYvcDZo', '81dc9bdb52d04dc20036dbd8313ed055', 'tecnico'),
('301.440.904-10', 47, 'rRSolkoCSGPUZllOEkYjNNeHckTwfUkwLdLWnZyfFnaEzltevsnjfsR', '81dc9bdb52d04dc20036dbd8313ed055', 'tecnico'),
('302.510.207-81', 216, 'gFrJOYlXLSDhADarbLAqRsgPnwbLCQjJwAskzDhlw', '81dc9bdb52d04dc20036dbd8313ed055', 'aluno'),
('302.664.110-92', 156, 'viGNNMhPZYBIAXgTJaacuxKtQLFxL', '81dc9bdb52d04dc20036dbd8313ed055', 'tecnico'),
('303.308.524-39', 242, 'LbbvJYcMyVwXuuOPKjpWSUaPluaxTrREtTadSd', '81dc9bdb52d04dc20036dbd8313ed055', 'tecnico'),
('304.725.736-53', 203, 'HwPXkivArzAJBQofleRZpvDMQkYAVxrCUhAfpVFGugpWWEbiJThYoLLeV', '81dc9bdb52d04dc20036dbd8313ed055', 'aluno'),
('304.928.285-23', 156, 'abOvhrtchhcBYEJfgNGSqRuwldIhnQcoSRKZjdcqkeSiJBoPpUIFLccXgKet', '81dc9bdb52d04dc20036dbd8313ed055', 'tecnico'),
('305.861.575-22', 40, 'EyuOsBvZGHEoeIODWMCexZJdIBoAdwdHUywmZRlGzQUDyJ', '81dc9bdb52d04dc20036dbd8313ed055', 'aluno'),
('306.569.758-62', 49, 'wvgArhyQeXGwqwuuMdeNnZFnOwzp', '81dc9bdb52d04dc20036dbd8313ed055', 'docente'),
('307.443.889-76', 171, 'eNmVQFflRMGsqgZkmrOxRuWQqVcKPOBTBOOstUEkHkCYqCiDTXbKsXBJT', '81dc9bdb52d04dc20036dbd8313ed055', 'aluno'),
('310.181.561-35', 281, 'qhNToKVlWPyloSNCJXnKSagTXvfc', '81dc9bdb52d04dc20036dbd8313ed055', 'aluno'),
('312.182.334-51', 42, 'Steffen Lewitzka ', '81dc9bdb52d04dc20036dbd8313ed055', 'docente'),
('312.639.482-19', 161, 'RdsSEPpPEqBwikjxsmhSwcgDEbPjxVWpYphCexsJNTgWeptwBBoYEv', '81dc9bdb52d04dc20036dbd8313ed055', 'tecnico'),
('317.118.461-29', 74, 'WYgYcWqPovEyDcAzcEKctsSSlSe', '81dc9bdb52d04dc20036dbd8313ed055', 'aluno'),
('317.880.628-34', 244, 'VkQyIMnbjVQWiqNneBFwMmVEVzROdfCZqtxZgLaqGRmPhacmBIIoUET', '81dc9bdb52d04dc20036dbd8313ed055', 'docente'),
('318.633.726-82', 188, 'sjiAkgQVYEfhfQqfXEIglLOY', '81dc9bdb52d04dc20036dbd8313ed055', 'aluno'),
('318.682.233-67', 43, 'sHPvaJNtZwsCVqGpPGWrpSNLScYAjFWBmMXnvKGu', '81dc9bdb52d04dc20036dbd8313ed055', 'aluno'),
('319.117.435-33', 176, 'CAJnHkadwNWSwjkFDWSFYdoTDug', '81dc9bdb52d04dc20036dbd8313ed055', 'aluno'),
('319.308.978-94', 92, 'uCrrpcfbtsybtqBVkHshdAGEttRFsNSM', '81dc9bdb52d04dc20036dbd8313ed055', 'docente'),
('321.616.667-89', 42, 'Gustavo Bittencourt Figueiredo ', '81dc9bdb52d04dc20036dbd8313ed055', 'docente'),
('323.156.931-28', 232, 'dIUTsjPBlfvkrfVxlRATUkyCCcPFYaTbI', '81dc9bdb52d04dc20036dbd8313ed055', 'aluno'),
('323.181.992-26', 54, 'OIoggSHssMjqwEKJnQERxtumNdzScIJRrXYxQFPisZzPDjyRadIxxdKlg', '81dc9bdb52d04dc20036dbd8313ed055', 'aluno'),
('323.428.670-62', 118, 'dTDnSwpaZSdDBnEaAzjzGfNaNEnglRboLFCDcSEbLHEmUimvIwVpBIppmCwy', '81dc9bdb52d04dc20036dbd8313ed055', 'tecnico'),
('323.896.804-44', 246, 'cGknEsOQRNnVLAJnRrWxWTbWjijdXDXZkhnOAcFrPSnBtWPloLIlEKhOTrS', '81dc9bdb52d04dc20036dbd8313ed055', 'aluno'),
('325.799.554-61', 28, 'iwEespmnGOLkCmHpmTTKdSElQOyEocfxzJCRYOfECQP', '81dc9bdb52d04dc20036dbd8313ed055', 'tecnico'),
('326.710.479-38', 17, 'dECDtCCcgSGObtMyDHwNtdmUnvhWRyIUdlxwOazUSgJUzvscdPQxT', '81dc9bdb52d04dc20036dbd8313ed055', 'aluno'),
('327.551.166-85', 63, 'zmaQIVYkhQQekNdGbjOHNTstVwGvzydZKdQtYOEgEulPhowjy', '81dc9bdb52d04dc20036dbd8313ed055', 'tecnico'),
('327.939.753-37', 190, 'BoosqktVCbDrjVbuzANFRxmonaBkMRFogTGwear', '81dc9bdb52d04dc20036dbd8313ed055', 'tecnico'),
('328.756.163-89', 59, 'ftnAvWTWTGmEeUWFQMFWqUoaLanxeiI', '81dc9bdb52d04dc20036dbd8313ed055', 'docente'),
('329.377.439-26', 248, 'AirxygLULkxNLXPpIRIbJAmCFzPVTZkthC', '81dc9bdb52d04dc20036dbd8313ed055', 'aluno'),
('330.664.561-89', 228, 'uGIaCuzXFsvDFEfQzriCCSwdbSqItkvOQdPtypqdHLHnpNeOenrHf', '81dc9bdb52d04dc20036dbd8313ed055', 'tecnico'),
('330.896.610-30', 161, 'blXxsmBoPYJNMmJzOGPtbJOyNcMHFXXHjVe', '81dc9bdb52d04dc20036dbd8313ed055', 'docente'),
('331.177.672-99', 23, 'XaBGLFKePaWrxPVWDEjiSMlFXDSckSJiSlOERzIHzEYXuTUYy', '81dc9bdb52d04dc20036dbd8313ed055', 'tecnico'),
('334.559.460-99', 272, 'ySaLCcIDtfXCwhIUXXiCcYWNMsbmNablTcXvfFYyLWbhdJcbHkEKiAx', '81dc9bdb52d04dc20036dbd8313ed055', 'docente'),
('335.447.907-85', 126, 'WXSYLpMsmLAunmpmzfKVykLpxxDRsvlpsdodtb', '81dc9bdb52d04dc20036dbd8313ed055', 'aluno'),
('336.339.485-94', 234, 'UbkrPJddiBctISmFYDvItuvhCnuQJrzDsKViuYlCzoWhhjMfMi', '81dc9bdb52d04dc20036dbd8313ed055', 'docente'),
('338.537.284-18', 134, 'nRmyGicwMfskUCefFlDlgwxkdIxCSDwguJEbSGyEMQPGtTMYfqkmMIwPqUsj', '81dc9bdb52d04dc20036dbd8313ed055', 'tecnico'),
('338.585.132-62', 117, 'uTHQTLedOcAQvamEeLmyYFcbojpRlTmGNTwGFBJ', '81dc9bdb52d04dc20036dbd8313ed055', 'aluno'),
('340.420.619-32', 270, 'NzxltCJhwjXLtxLGoQYBhMeGXX', '81dc9bdb52d04dc20036dbd8313ed055', 'docente'),
('341.423.982-25', 66, 'PRODkMqrkoCXTJOpezHeDtnpWUDpTMmJDbmOOCgYQJWKsKZwjHBMaPcXJFnCsz', '81dc9bdb52d04dc20036dbd8313ed055', 'aluno'),
('341.471.660-30', 178, 'rKuAVXrfuIPuzXDnEymLNRRyjxMEdYvuIPVENnKiVzDvwhJbFVMtMDSVa', '81dc9bdb52d04dc20036dbd8313ed055', 'tecnico'),
('342.355.218-29', 2, 'TALITA BATISTA DE BRITO', '81dc9bdb52d04dc20036dbd8313ed055', 'tecnico'),
('344.910.810-41', 137, 'gPTuygqErPsHOWlQbYbRLrmwDhLyWdndShxrnOWFDonslzimxkejBqGe', '81dc9bdb52d04dc20036dbd8313ed055', 'tecnico'),
('346.309.416-32', 147, 'ObbbxEEydmcdyfsrKAJRGXDtbaInsVUhWViuAMSEZVHxbaPMA', '81dc9bdb52d04dc20036dbd8313ed055', 'aluno'),
('346.727.936-22', 157, 'MNMBlufkPRmrdtzKkuTEodtVZpjJlqkYeWzpqFzgxMy', '81dc9bdb52d04dc20036dbd8313ed055', 'docente'),
('348.035.645-15', 42, 'Manoel Gomes de Mendonça Neto ', '81dc9bdb52d04dc20036dbd8313ed055', 'docente'),
('348.986.624-23', 206, 'lqdZkKlLnadsqhFMkohuSdFzrcNqHVeSmhSxSejgfmzvuehEsoYlsDK', '81dc9bdb52d04dc20036dbd8313ed055', 'tecnico'),
('350.271.284-36', 244, 'rNiucTfbwkgbIqLmfmVPcSbtNJHXUXsmKAGMuLO', '81dc9bdb52d04dc20036dbd8313ed055', 'tecnico'),
('351.238.564-65', 15, 'ancSeDsCJBDPehwxtcoffaiOQMcYnJWnWZgaCyClZgbeoyBHAPNGQVuGIxEVgBj', '81dc9bdb52d04dc20036dbd8313ed055', 'tecnico'),
('351.363.927-12', 287, 'qlOxXsMusDiCTBUurYodpCd', '81dc9bdb52d04dc20036dbd8313ed055', 'aluno'),
('352.233.679-48', 114, 'PnliTzWowGcblfqlRQiEZOqpDZDLHaIwoUEhtAwPhyRtEhEwYMaXBqmfqQQXRz', '81dc9bdb52d04dc20036dbd8313ed055', 'aluno'),
('352.759.607-39', 107, 'UIKdetjqSBxTDyNJnEoCdMl', '81dc9bdb52d04dc20036dbd8313ed055', 'tecnico'),
('353.257.629-97', 139, 'xiKFldXnimuoFcTIFkxmXu', '81dc9bdb52d04dc20036dbd8313ed055', 'docente'),
('353.271.026-96', 42, 'Tatiane Nogueira Rios ', '81dc9bdb52d04dc20036dbd8313ed055', 'docente'),
('353.421.607-46', 281, 'OhyfjNcovgchchivHBCzvmKFCAUUeppSwNYFBbU', '81dc9bdb52d04dc20036dbd8313ed055', 'docente'),
('353.504.995-26', 1, 'LpUrLErSlAZImQaOnwhauGUTGXidXrsIHm', '81dc9bdb52d04dc20036dbd8313ed055', 'tecnico'),
('354.445.735-04', 42, 'DAVID DE PINHO GONÇALVES', '81dc9bdb52d04dc20036dbd8313ed055', 'aluno'),
('355.682.582-74', 68, 'aZESJHIyrbaZrVXesCBcuQAHisWPUHBUHfMrMvPdxPdOLbTdDvfX', '81dc9bdb52d04dc20036dbd8313ed055', 'docente'),
('356.565.365-85', 182, 'IgkVaCybDXmMyZXLbeNBBeFSdegEtYubeEXfhvgLstyRswDtAqVcvBUy', '81dc9bdb52d04dc20036dbd8313ed055', 'docente'),
('356.938.350-88', 52, 'puvvLfHYCLiZmNdjKelZLedfDRuAgncvIyRuEysgjBfwo', '81dc9bdb52d04dc20036dbd8313ed055', 'aluno'),
('357.271.348-80', 250, 'qmTlMMVLUJNPUtIrvBKZmGcFezUoOJgeVaqHNltHUgwPzfgVHRUTxXzCxu', '81dc9bdb52d04dc20036dbd8313ed055', 'tecnico'),
('358.107.946-96', 103, 'LruynoElgXVugvnjLbToKol', '81dc9bdb52d04dc20036dbd8313ed055', 'tecnico'),
('358.651.670-75', 155, 'jHKQxmokOwqeIOfwDIPufgbEBnThUFRemBUKOjUDFkHoZMLCvBX', '81dc9bdb52d04dc20036dbd8313ed055', 'docente'),
('360.703.828-48', 284, 'PERVZsXQfDQklggmdxbcqkAWthlc', '81dc9bdb52d04dc20036dbd8313ed055', 'aluno'),
('361.989.628-92', 79, 'WfSBMuQsOJhQPWklHdFthEtwJKLJpHnlNgMzADRpmYfcVq', '81dc9bdb52d04dc20036dbd8313ed055', 'tecnico'),
('365.338.899-66', 42, 'Anna Friedericka Schwarzelmuller ', '81dc9bdb52d04dc20036dbd8313ed055', 'docente'),
('366.442.466-67', 288, 'KIMlmBzZqHxejuNbOKRxzIdhEZw', '81dc9bdb52d04dc20036dbd8313ed055', 'aluno'),
('367.255.616-42', 4, 'GfMzMJRvYAuDdelVQaJoKDNxdsMmWfGClscXbUt', '81dc9bdb52d04dc20036dbd8313ed055', 'tecnico'),
('368.343.448-91', 252, 'HWHdWOWgKdgrnOuQzFcBMCO', '81dc9bdb52d04dc20036dbd8313ed055', 'docente'),
('369.875.971-22', 232, 'hyXctmxZmicUaQcIEIBMwJxKqiajghZoFWqZjOYvXapXQrGvaihwRFhi', '81dc9bdb52d04dc20036dbd8313ed055', 'aluno'),
('369.928.143-52', 125, 'PFgEOQDmrODfFHMTrZJLGcpzudOqfncVSjzHZdTrRwxxdkrukagRc', '81dc9bdb52d04dc20036dbd8313ed055', 'aluno'),
('371.817.361-51', 261, 'bPvZRxZCDbTZqNeWGlzkxlxEcPUSeszgiUgZsfCVgvVwjZtQl', '81dc9bdb52d04dc20036dbd8313ed055', 'aluno'),
('371.932.804-51', 143, 'pDTHvYBQCpsounUsCaayliBMlmchbAwrdqY', '81dc9bdb52d04dc20036dbd8313ed055', 'docente'),
('372.578.238-46', 170, 'GSBauliQufCODnvRettlgxSdvNtXVOmCGO', '81dc9bdb52d04dc20036dbd8313ed055', 'docente'),
('374.309.451-53', 210, 'TbEKllqlcIKkVHnGnIEobSKSnNhzhHmaIQKTbbfeKQpFxCmLkRZlJ', '81dc9bdb52d04dc20036dbd8313ed055', 'tecnico'),
('375.137.366-77', 41, 'PERICLES SOUZA DA CUNHA JUNIOR', '81dc9bdb52d04dc20036dbd8313ed055', 'tecnico'),
('375.927.667-79', 5, 'kYhBMpOBbAuriMTBAlrVeOUXtSnpzbhJZplMEZnFAIXJvQkVbCQgrKdLCq', '81dc9bdb52d04dc20036dbd8313ed055', 'tecnico'),
('376.806.542-80', 109, 'xyqCVgeTskmEbjjvDzclhVIrEgH', '81dc9bdb52d04dc20036dbd8313ed055', 'tecnico'),
('377.792.519-92', 211, 'pkEVmVgtTiodOvmjIVzKSUnatMqhlmEAwjvJeCcY', '81dc9bdb52d04dc20036dbd8313ed055', 'tecnico'),
('380.503.528-18', 298, 'ErPzkYZRYcLqUhOslYJGjKMaNhqkGvYlMOKXNKPMMAdHIRZTQJzZtl', '81dc9bdb52d04dc20036dbd8313ed055', 'aluno'),
('380.560.209-24', 122, 'AjqSazLDIqlpOFUQTLquMomNFWdfclbDvsvvShYAyjQmPKdIvtdiIpVnmYtok', '81dc9bdb52d04dc20036dbd8313ed055', 'docente'),
('382.397.444-47', 34, 'RIwBqHouyRlpnjpEUdYgSNjSZsjqMFGDnc', '81dc9bdb52d04dc20036dbd8313ed055', 'docente'),
('383.117.168-11', 128, 'lNxVgTEirZfQmESDXyWmEKyDImTJqUxBIUxPNbYfaeWmIPQGnMSSxr', '81dc9bdb52d04dc20036dbd8313ed055', 'tecnico'),
('383.126.539-75', 272, 'JujifccscwftEqFiQbsmLxONvzdwYPLHk', '81dc9bdb52d04dc20036dbd8313ed055', 'tecnico'),
('383.974.308-34', 283, 'GciqmxnfrnUDIVbCnSgGLhKDkAUjMiBskKJwh', '81dc9bdb52d04dc20036dbd8313ed055', 'tecnico'),
('384.477.367-58', 103, 'heKyXUmmZyijBcuhEZVSRYnlOjBkzdDGhoeej', '81dc9bdb52d04dc20036dbd8313ed055', 'docente'),
('386.512.562-48', 14, 'RKeoOUTYgqtmePDUSQMFRXhgogxMHTdyDhMs', '81dc9bdb52d04dc20036dbd8313ed055', 'docente'),
('387.914.602-44', 275, 'TTXecqfPCyahQiSXkaDPGztvDPLysfXlZVqblvQOUR', '81dc9bdb52d04dc20036dbd8313ed055', 'tecnico'),
('387.956.214-91', 200, 'NOFhzGIiVCKoEBcxxSewUOHDIwUFDPcqDHydoglj', '81dc9bdb52d04dc20036dbd8313ed055', 'tecnico'),
('388.412.362-13', 21, 'EerCUSSltGbZgHgWIcZFjQKYPmphBregvwJpoCBIiCHpkNlSPlyZbiXRumYWDd', '81dc9bdb52d04dc20036dbd8313ed055', 'tecnico'),
('389.349.065-53', 42, 'Fabíola Gonçalves Pereira Greve ', '81dc9bdb52d04dc20036dbd8313ed055', 'docente'),
('390.972.254-81', 243, 'OcmPxibZyGaepmHcsfIdSrpxusNsBDspFFedNgclMdqcpXfHdNLWfatzthSUKkjp', '81dc9bdb52d04dc20036dbd8313ed055', 'docente'),
('391.631.409-63', 82, 'qLwWBNorxhLzJMvydRHVAMRpyJGdbl', '81dc9bdb52d04dc20036dbd8313ed055', 'docente'),
('392.310.739-72', 270, 'JrzSxyZHohBKoXeqocAqEeatPBJbmuQVLpNjONRcVsMkpRBETbUxfUQ', '81dc9bdb52d04dc20036dbd8313ed055', 'aluno'),
('392.636.305-34', 42, 'Rita Suzana Pitangueira Maciel ', '81dc9bdb52d04dc20036dbd8313ed055', 'docente'),
('394.258.837-53', 13, 'sBMzfMvYDulPjvquUtXBBmGFwXWFOwXgXKGdx', '81dc9bdb52d04dc20036dbd8313ed055', 'docente'),
('396.773.142-65', 268, 'EBhNuSpUVEnXAXMpChlJoErxPpOCruYWVfJqYZl', '81dc9bdb52d04dc20036dbd8313ed055', 'aluno'),
('397.259.952-97', 121, 'sGcJLvDRBUOnZrXDGKaaIcmvcvNlsLiKskudGYViSKvRctvIdvJMxViArVLJGT', '81dc9bdb52d04dc20036dbd8313ed055', 'docente'),
('400.596.443-46', 201, 'xnXUFlIBQmQdEcCMpaXujyKPDihfCBWZPTTvfCXVPOZuRChgCeALClBgt', '81dc9bdb52d04dc20036dbd8313ed055', 'tecnico'),
('401.443.306-95', 62, 'QhkGUggiIMcRhqeWpKUFlrGVbQnvc', '81dc9bdb52d04dc20036dbd8313ed055', 'aluno'),
('401.871.585-66', 173, 'taqYfHnTvNuYqVkdNWUZCDxrIbIADobXpsVuajowWIum', '81dc9bdb52d04dc20036dbd8313ed055', 'tecnico'),
('403.136.673-62', 209, 'eOMKXtbtsrwsEeVSoVmXeXzaWmrYTVGYKsIHMJbebxxFCsyRn', '81dc9bdb52d04dc20036dbd8313ed055', 'aluno'),
('403.408.882-89', 217, 'AJFezgqUIOTditBfDrRfUvENCMeUFYpgIVkhcBc', '81dc9bdb52d04dc20036dbd8313ed055', 'docente'),
('403.475.792-61', 214, 'sUvsQhqQleUuqsHEMMKyClHhGKzbydpQX', '81dc9bdb52d04dc20036dbd8313ed055', 'aluno'),
('404.370.548-42', 246, 'lzTOeWRguvLOfiBjsHKTNSkYugpKGICShvGmsxsMSeAYmbiFJSywLIugPK', '81dc9bdb52d04dc20036dbd8313ed055', 'docente'),
('404.861.368-63', 100, 'AhaGGuppmyaswAOluHRroTQhNhzFwebXlbDSwShI', '81dc9bdb52d04dc20036dbd8313ed055', 'tecnico'),
('404.944.731-34', 198, 'xCQUKBttoPSrGznhlfwKOcOQochkMvJkYAfIbzcqoU', '81dc9bdb52d04dc20036dbd8313ed055', 'docente'),
('405.830.867-64', 42, 'TNqtYaeTcjcuNeAdVGsBNdSBehTUZzrTmInlIrfLA', '81dc9bdb52d04dc20036dbd8313ed055', 'aluno'),
('406.212.520-54', 129, 'pXLkbXIxLIXGAdpuDKNGNDwk', '81dc9bdb52d04dc20036dbd8313ed055', 'aluno'),
('406.884.648-07', 1, 'ADNILSON COSTA GARRIDO JUNIOR', '81dc9bdb52d04dc20036dbd8313ed055', 'tecnico'),
('406.964.877-58', 208, 'EItQhWwlKSNUjCXpodjHReIOR', '81dc9bdb52d04dc20036dbd8313ed055', 'aluno'),
('407.681.502-27', 177, 'rPkCrJPhFcJUmLpoXzgiEFIMCwekTobkdlNvUDCzGltSWJgUimdNRLAuh', '81dc9bdb52d04dc20036dbd8313ed055', 'aluno'),
('408.911.985-44', 286, 'KVyGOAAbGyHYfajsdlYoVapWcRoXQIsBEQisrJu', '81dc9bdb52d04dc20036dbd8313ed055', 'tecnico'),
('410.450.851-83', 189, 'RcOpenhWXXqNtxpiearbpFDvPMNkDExv', '81dc9bdb52d04dc20036dbd8313ed055', 'aluno'),
('412.379.723-83', 273, 'aMbNyfzuAddaxaMyshBGoJpHzVZPFPNGCOtaUTvvWyvtziRSpsyDcOkCJkspZf', '81dc9bdb52d04dc20036dbd8313ed055', 'aluno'),
('413.132.689-59', 212, 'mPMysQvqdHwSkOCTyxTRrhnC', '81dc9bdb52d04dc20036dbd8313ed055', 'docente'),
('414.408.281-74', 140, 'VDcTZUnPljWqZXnIHpWIWDiUlamClXthBvaAqoqBxmSxkffRucArGIlRJ', '81dc9bdb52d04dc20036dbd8313ed055', 'aluno'),
('414.831.504-67', 96, 'pTvPTIcPOhUpdjpGXzIJjnygqLzgig', '81dc9bdb52d04dc20036dbd8313ed055', 'tecnico'),
('418.234.591-16', 230, 'zNQOqObbHngoArsuctlmzdcDvdWDFaQf', '81dc9bdb52d04dc20036dbd8313ed055', 'tecnico'),
('418.397.252-82', 263, 'xoHXzOhQBWoQrCrJxyFSNrHCaVUsdKjBYRyyGGohCCXUfoECNjvAAcdBXX', '81dc9bdb52d04dc20036dbd8313ed055', 'aluno'),
('418.620.615-30', 170, 'OZFHPjhBONOaNKxJnXHMgiTgKlzoOLSDKykzHsbvgPwUzT', '81dc9bdb52d04dc20036dbd8313ed055', 'aluno'),
('418.842.404-29', 282, 'SkKebLTohaoBHjvngDreVKMC', '81dc9bdb52d04dc20036dbd8313ed055', 'tecnico'),
('419.154.788-29', 52, 'dEGbsWwmCbNwQFNHZALcSekFTPXWDjOHNuIgretUggqWLeDKEoMwtXcmNa', '81dc9bdb52d04dc20036dbd8313ed055', 'docente'),
('420.356.296-22', 262, 'LUgKONdysTzAwXlewxfWhyUqlrIADQxpKEZzscXKVxkrvwvRTBOaaJrlaaMEQk', '81dc9bdb52d04dc20036dbd8313ed055', 'tecnico'),
('420.461.332-35', 86, 'TPLQZZNavMIqXDPDoHaiTAkJKVcfirEbgpRfpFgKrOa', '81dc9bdb52d04dc20036dbd8313ed055', 'aluno'),
('422.943.348-43', 236, 'qfOGWhMMujNgMDpwaQOkqsrBPdULrnaHs', '81dc9bdb52d04dc20036dbd8313ed055', 'aluno'),
('423.237.394-13', 236, 'OWvpoKNSSgXmtTfiouQfbNdncmFkDHdrEyGTjuLbAIoUCtcQOTVPGZcJlIU', '81dc9bdb52d04dc20036dbd8313ed055', 'tecnico'),
('423.736.805-70', 226, 'CDXyiYCLnrZGbWFCaAwfAjrSLolwcTmFxkeFiHqwYqdanICnjZtJjLBVZ', '81dc9bdb52d04dc20036dbd8313ed055', 'aluno'),
('425.154.940-92', 197, 'ACyyoXRwqBxNzQKsiqwvztziTGAWDwLdYkBnitJyVhluXVNgmkBLEbTx', '81dc9bdb52d04dc20036dbd8313ed055', 'docente'),
('426.284.497-67', 178, 'FJDavCAOHYyAyVqFdBFrWrQzGdSRAzyfibgDDHslFQMdMcIP', '81dc9bdb52d04dc20036dbd8313ed055', 'tecnico'),
('426.313.455-97', 16, 'vxhGzRrjAyBSRkGGZRszimWcLGvYatnwQv', '81dc9bdb52d04dc20036dbd8313ed055', 'tecnico'),
('429.397.359-87', 54, 'nSFbmSctfUjPfOHjcjbtsAsetUxKjqtwjZyvRAPWvZMBNtKQDL', '81dc9bdb52d04dc20036dbd8313ed055', 'docente'),
('432.200.752-31', 280, 'SnVJmODbpFpYObDdTAfCtNZJPecUQpNIDJsPyWQOBgMqhqubQzEjmDTbIW', '81dc9bdb52d04dc20036dbd8313ed055', 'tecnico'),
('432.847.508-94', 159, 'yiIoJHNWOKdakBHvqSiMAkdXRdqIBnpZvXneFbauMevXGcsWV', '81dc9bdb52d04dc20036dbd8313ed055', 'aluno'),
('432.931.316-99', 141, 'dOZXsqntXZBxiKAetTYRTXpmVqGRCFAGtADMRQgOPIlYsLcMFbE', '81dc9bdb52d04dc20036dbd8313ed055', 'tecnico'),
('436.315.872-42', 300, 'JMTmyfWfQQxRVrYxjfTnBtmyifRuYkSIXMUwRQBIG', '81dc9bdb52d04dc20036dbd8313ed055', 'docente'),
('437.804.130-20', 6, 'GAWXzfaFZAknPBLfXJDoCYnLSlfGnkeUKaRkfRPes', '81dc9bdb52d04dc20036dbd8313ed055', 'tecnico'),
('440.154.458-74', 57, 'hrUzKjniHJcGPEjaQNWzoCFUjunmPYGXqAxaKK', '81dc9bdb52d04dc20036dbd8313ed055', 'aluno'),
('442.761.146-15', 253, 'ColRRGstEIUmfLwdVDVqYhOdykwlnzOPOaGFHZZmITyOFU', '81dc9bdb52d04dc20036dbd8313ed055', 'docente'),
('443.655.289-63', 54, 'wGHBkKsQXJhmhHOmuoAFDHtERYYx', '81dc9bdb52d04dc20036dbd8313ed055', 'docente'),
('443.695.413-91', 63, 'UJqmclQnTbQRssZVmXWXpUyYNcsvunYoWoAZAqntrdlKw', '81dc9bdb52d04dc20036dbd8313ed055', 'aluno'),
('447.109.627-11', 261, 'wwCGkxoFwTKbMnHqTfJlETsjmSDmwDVTaxAlVPQsJBtvObMHhw', '81dc9bdb52d04dc20036dbd8313ed055', 'aluno'),
('447.203.304-34', 206, 'JyetOPCpAfsnyHcbQujwgbC', '81dc9bdb52d04dc20036dbd8313ed055', 'docente'),
('447.419.598-31', 288, 'FLStnkSiKILhqDXoDwdMTgTXeFrwiEpOqihDsZMcIxjZbhnEEqqxwjvBON', '81dc9bdb52d04dc20036dbd8313ed055', 'docente'),
('447.467.575-38', 29, 'dHqnwEcjSdePUjVYgXvMETuNYLhtnxGq', '81dc9bdb52d04dc20036dbd8313ed055', 'tecnico'),
('448.837.864-54', 221, 'zaNBryVzQDxHRQXZyPixcheY', '81dc9bdb52d04dc20036dbd8313ed055', 'docente'),
('449.267.866-95', 261, 'IpsQKEUzaTMrbyFIgkxHlFpkn', '81dc9bdb52d04dc20036dbd8313ed055', 'docente'),
('450.912.474-78', 255, 'XjcxzrObPbTmlZsduuEManY', '81dc9bdb52d04dc20036dbd8313ed055', 'aluno'),
('451.282.319-58', 124, 'gQIbbEQzQfsDHcBVMuVTnTptVmNgypdFfMGhqxHgDZKlblgOFcITVXmRjaXIpbn', '81dc9bdb52d04dc20036dbd8313ed055', 'aluno'),
('452.328.464-49', 131, 'wWLJonroPvQvcUzuAniXSxRQBqkOLHmhDXRRligaEX', '81dc9bdb52d04dc20036dbd8313ed055', 'tecnico'),
('453.837.161-15', 192, 'FQGyHShJTyAqMzZywgEcsyyfSZAJcDyItfhbYpKSOkiAKiZgoDjGcHMV', '81dc9bdb52d04dc20036dbd8313ed055', 'aluno'),
('454.520.601-89', 42, 'JOÃO PEDRO RIBEIRO BENEVIDES FERNANDEZ', '81dc9bdb52d04dc20036dbd8313ed055', 'aluno'),
('455.799.619-50', 226, 'PtJQcYBFLZIdMUZSBCdUFbWzvWTjArcqKMhNKJtvIbyvWynybrtGspfOmZY', '81dc9bdb52d04dc20036dbd8313ed055', 'tecnico'),
('456.237.434-40', 66, 'MIfJMJwXaYPDzaRdXLHzdkVgHBBPVSjHBpqoYM', '81dc9bdb52d04dc20036dbd8313ed055', 'tecnico'),
('456.884.566-76', 70, 'DRBmYSfMwEDlNXVKxJMpfyIaaGuUhgJLYlXWedIBHmMvjIfHrRWxqFxr', '81dc9bdb52d04dc20036dbd8313ed055', 'docente'),
('456.955.382-52', 138, 'FnCUVzpPKerhJzlnBXQnBsdISTdPjCrPPUJKuZzedRlNq', '81dc9bdb52d04dc20036dbd8313ed055', 'aluno'),
('457.833.291-96', 48, 'gFMKtzjtqDeERWGljJySalBxbySSJQuQvgBPGLjXonCgk', '81dc9bdb52d04dc20036dbd8313ed055', 'aluno'),
('459.200.261-54', 240, 'NrjyBNfdRdUnvmaMbZiywrPCbcWhmwKZOUypIEszHnNdzN', '81dc9bdb52d04dc20036dbd8313ed055', 'docente'),
('459.440.296-84', 93, 'oPpQdxkMWfUhASdnYpyAbcBVzj', '81dc9bdb52d04dc20036dbd8313ed055', 'docente'),
('459.797.746-68', 258, 'coxXzgFrVvDcZwpAWumjXGwKmBfbmNGpbenBkSTgnwinTxOQ', '81dc9bdb52d04dc20036dbd8313ed055', 'aluno'),
('461.185.740-51', 30, 'jTVnhaMbeMnxwhzRzKBBqfdskeNoPlBZ', '81dc9bdb52d04dc20036dbd8313ed055', 'tecnico'),
('462.199.558-87', 211, 'YGczfBNETFlcHUJfmuTvffcX', '81dc9bdb52d04dc20036dbd8313ed055', 'tecnico'),
('462.202.731-31', 16, 'YFqIhrjvYIsHNgaIgUCGyLslJKGPvTKtzacGslcrUvYHBYpISRorDGCmrjcM', '81dc9bdb52d04dc20036dbd8313ed055', 'tecnico'),
('463.160.175-20', 43, 'RrYsRYJywNIQBKElBcLjgSOgoMBsQHeHZdaQbJpywXoXHTjjWUtcM', '81dc9bdb52d04dc20036dbd8313ed055', 'aluno'),
('463.956.965-26', 142, 'stOqLJFkGdrfUIbYxAdEpSZESXZPViqoBfFnPkxwoPCj', '81dc9bdb52d04dc20036dbd8313ed055', 'tecnico'),
('463.981.547-56', 45, 'QMhRugNAPzgthQgjwZoiwVMEMKZLjABamISHPGhFfoYnfewCeLKBGxfs', '81dc9bdb52d04dc20036dbd8313ed055', 'docente'),
('465.234.746-29', 277, 'hCMAWFtlXSCrqTkOpelVjcTkGCFNnRdvtQ', '81dc9bdb52d04dc20036dbd8313ed055', 'docente'),
('465.790.680-54', 6, 'oGWtmnZJCumwsFgubmRLIBwysLTgttwHZt', '81dc9bdb52d04dc20036dbd8313ed055', 'tecnico'),
('466.540.429-60', 203, 'PATplTCaoonMNrNVWSwMcehYiEtHXXXMxQc', '81dc9bdb52d04dc20036dbd8313ed055', 'tecnico'),
('467.155.558-20', 25, 'jNQoEfzyPrpkTFfmluMgILQMUmhYNnVWaLlFRLdGdtRWYWjkrVqaHhMCuUAhhv', '81dc9bdb52d04dc20036dbd8313ed055', 'tecnico'),
('468.273.363-25', 146, 'qkUgslqIYndrpdhyikbEmJmCdWXnmgOCrJJJVasTnwlD', '81dc9bdb52d04dc20036dbd8313ed055', 'docente'),
('468.385.221-71', 122, 'cLsYsvVgscRvijIXDzwjCXVeMNzcUjNWUgVnCRtUUlqduZaYzxhb', '81dc9bdb52d04dc20036dbd8313ed055', 'docente'),
('471.925.980-36', 53, 'mIzlKZnfeYhWIraYhTllAHFSgFncEDzQlZcWZpcdn', '81dc9bdb52d04dc20036dbd8313ed055', 'aluno'),
('472.284.297-19', 294, 'pykxZuEPpDuvLzmbEjGnpS', '81dc9bdb52d04dc20036dbd8313ed055', 'aluno'),
('472.394.465-96', 199, 'mmoQAofwSomqrXnAFDVFGtYcGWyXrvkE', '81dc9bdb52d04dc20036dbd8313ed055', 'aluno'),
('472.633.110-36', 113, 'CMRgswvPrCoeoJcUkllMMphyynTdojvRVnYoK', '81dc9bdb52d04dc20036dbd8313ed055', 'docente'),
('472.677.323-70', 83, 'IVVUWtdCiQZWVYcpdhdsqwWApWVXjEISAENwXQYgGXcCVfRZmVsCr', '81dc9bdb52d04dc20036dbd8313ed055', 'tecnico'),
('473.433.901-95', 54, 'vAEsqScFqUdpdYOSIrfvGJIYfEtzyrVTSzliroOI', '81dc9bdb52d04dc20036dbd8313ed055', 'docente'),
('476.350.177-56', 171, 'MXJYsZyHTGZnHAiLuvQOcn', '81dc9bdb52d04dc20036dbd8313ed055', 'aluno'),
('476.427.428-34', 170, 'OUNgrfSkktiwvqbejABUiWaXGRtZkHAYBnfTtYdDrmaM', '81dc9bdb52d04dc20036dbd8313ed055', 'docente'),
('477.421.831-93', 264, 'SVSVuYxiCrONtvIdAVxuqDAsAkOTaKe', '81dc9bdb52d04dc20036dbd8313ed055', 'tecnico'),
('477.485.704-54', 114, 'IjWqLlQOHTwCsTPsKbYkRTOqDVMZElTmvPCgbsVJmslElaWWbVgTOUjsPVr', '81dc9bdb52d04dc20036dbd8313ed055', 'aluno'),
('477.828.225-31', 265, 'dgliYwDyWBCuKyVIRQALXzlRDHntPzISF', '81dc9bdb52d04dc20036dbd8313ed055', 'tecnico'),
('478.897.184-14', 69, 'RaqXVGVZCZoHtzMHVWLiJHnpdmLXrNpiOFfJ', '81dc9bdb52d04dc20036dbd8313ed055', 'tecnico'),
('479.109.371-97', 99, 'OGpCWMvUQBCRzmVwffIPYdbVfx', '81dc9bdb52d04dc20036dbd8313ed055', 'aluno'),
('480.118.289-40', 108, 'cisfriEWPXdlqjpbBvMGenVIoZepkvonEGsWPXSFUVQlfgnHBZoGnjoBjsRtOfG', '81dc9bdb52d04dc20036dbd8313ed055', 'tecnico'),
('482.425.960-18', 233, 'FRPNEJUxAEGaBSgqKlnwdkxAEdXXbcoGTeuy', '81dc9bdb52d04dc20036dbd8313ed055', 'aluno'),
('483.929.660-90', 88, 'zgrNMUrTAoIqNZUNkflmKD', '81dc9bdb52d04dc20036dbd8313ed055', 'tecnico'),
('485.264.756-17', 256, 'TyUYesdqmIULdimygnpFprCNDJkMvoJpMEnQWrhjZbVdkhCqvSVKjxyNhIzCWj', '81dc9bdb52d04dc20036dbd8313ed055', 'docente'),
('485.692.114-43', 96, 'jzSsPuIAReAoCPDZaPUCiGBjNHFvHZTRyLjogRPXV', '81dc9bdb52d04dc20036dbd8313ed055', 'aluno'),
('485.701.816-95', 180, 'QxswCanZjEIKIJtkmEjEuehgyPDh', '81dc9bdb52d04dc20036dbd8313ed055', 'tecnico'),
('486.573.960-69', 173, 'ZzpovyfrSCPfEXlTyZAauPtVPsrqpZGpzW', '81dc9bdb52d04dc20036dbd8313ed055', 'aluno'),
('487.893.883-16', 243, 'OLFCOFYNURjSJKnmfZuCqkDsWzOQtSwhEcJsIHgCzquiaIvgI', '81dc9bdb52d04dc20036dbd8313ed055', 'tecnico'),
('487.974.768-40', 43, 'usfoRZlsKDdRcPAkFowHsZVvtASsnkkHCpWupiMZMQQOFrYlFvSYvOuOom', '81dc9bdb52d04dc20036dbd8313ed055', 'docente'),
('488.647.305-82', 247, 'DaeNQjwiUJVtYIhNUzLKqqICZiZFuOhXPmLFviOpRJJQs', '81dc9bdb52d04dc20036dbd8313ed055', 'docente'),
('491.327.321-49', 230, 'oAMBYjIxaiiCJyINRSSEhIPIHUfUhCUvdGWbPEzQNHtwgbjXTbBaJrJrmOmurhPu', '81dc9bdb52d04dc20036dbd8313ed055', 'tecnico'),
('491.686.708-23', 69, 'MneJpejHZPSmLCqQjXhwSLbysoUaXcKJqPtFUCnTrgfdJvUTtbp', '81dc9bdb52d04dc20036dbd8313ed055', 'aluno'),
('491.763.141-92', 214, 'WKWWeuUgAQWnbpBWOqXbGuBfSsCEvxwrisnnMitnYqAZFcVusTwZoXegpG', '81dc9bdb52d04dc20036dbd8313ed055', 'aluno'),
('492.558.933-71', 203, 'MFGctPQgHScZFmpwOUqPPNUKEPgeLQZyvFAOvrVckYcPlsmZmCOcqJMVyTZk', '81dc9bdb52d04dc20036dbd8313ed055', 'aluno'),
('494.695.327-19', 95, 'SYavrHMxKjrnaRbyPKgofdcLNZiwmnlfmmAEUnbEwtSwkTUZEaoKdqvR', '81dc9bdb52d04dc20036dbd8313ed055', 'tecnico'),
('494.863.468-45', 206, 'urQiTCjEHGyuFbnRzAaYSaq', '81dc9bdb52d04dc20036dbd8313ed055', 'docente'),
('495.611.821-16', 81, 'TPPpYvyZHvgoeWDwuXNDWNBXpFuTuxe', '81dc9bdb52d04dc20036dbd8313ed055', 'docente'),
('497.580.387-25', 168, 'TqjgrPYeOvZRaeljdHNivLGCxMZZdiPWyYdPNbTBxTtxXEHbmujIgQkD', '81dc9bdb52d04dc20036dbd8313ed055', 'docente'),
('498.777.545-75', 206, 'kjtuaQHxJQvCWsyphKnpTnYxxqUkQGHaPbvQRdnBT', '81dc9bdb52d04dc20036dbd8313ed055', 'tecnico'),
('500.489.204-39', 72, 'ybECVwypRyoMXiyBCNYgfQhhljEHpVjOXOrSkQicowOmF', '81dc9bdb52d04dc20036dbd8313ed055', 'aluno'),
('500.539.432-53', 135, 'COOIANjYUGsJEQbhCxKIymbAJtXjM', '81dc9bdb52d04dc20036dbd8313ed055', 'tecnico'),
('502.422.158-53', 250, 'gxKCSxkrUbytjrDqGkkagBkRUtonxNRDlBgeYqvTrTmBkQ', '81dc9bdb52d04dc20036dbd8313ed055', 'aluno'),
('503.133.869-52', 51, 'fAdLFuqYHVHQDhoiyverfStjWdGYWfWbFZNkuejbaQSDXhLwCQOIJhRFkxEgDAi', '81dc9bdb52d04dc20036dbd8313ed055', 'tecnico'),
('503.230.496-93', 251, 'TYlkcHPYkaFUWQPsVTAiybGOmBltYiMRhYcjF', '81dc9bdb52d04dc20036dbd8313ed055', 'tecnico'),
('505.239.213-83', 7, 'nISUmvDsDZIOKhZhIgnKljDgoiDwptODcGxoc', '81dc9bdb52d04dc20036dbd8313ed055', 'tecnico'),
('505.525.927-90', 239, 'dsmpPvSPjsQfpyxEqyoSXVt', '81dc9bdb52d04dc20036dbd8313ed055', 'aluno'),
('505.537.555-87', 42, 'Lais do Nascimento Salvador ', '81dc9bdb52d04dc20036dbd8313ed055', 'docente'),
('508.569.788-90', 158, 'GXdGPwtohCtpBOdQcOZeCZDhrFFStzoZwrFmOZBW', '81dc9bdb52d04dc20036dbd8313ed055', 'aluno'),
('508.779.199-14', 233, 'JeingTULgPTtlCPgRrOgGbJcAdAnjCDTHLg', '81dc9bdb52d04dc20036dbd8313ed055', 'tecnico'),
('509.492.939-67', 286, 'dWlarxEzpCpiNDFSXFrZALIPDSmZPTFTQQTioxHEaWMNArGy', '81dc9bdb52d04dc20036dbd8313ed055', 'docente'),
('510.476.976-17', 97, 'qKyaxlzNuCZQeolGsZgIypGIkcgGbkjrVHstTSgougfzv', '81dc9bdb52d04dc20036dbd8313ed055', 'tecnico'),
('512.519.264-79', 219, 'mfBtDVrGzczcvbJsAWMqLxHsBWPZfEpsJQ', '81dc9bdb52d04dc20036dbd8313ed055', 'docente'),
('512.894.105-76', 130, 'PVlgWiiCJUhmSTSWTWFLtBmxsiVmjH', '81dc9bdb52d04dc20036dbd8313ed055', 'tecnico'),
('514.545.559-41', 158, 'dWMaIJVwUtDldXXnySJXYqWzOpXnPpdTmQTVzOsuiVFlTCzrvjptAlTo', '81dc9bdb52d04dc20036dbd8313ed055', 'aluno'),
('514.649.252-24', 41, 'DIOGO HENRIQUE BARREIROS SANTOS', '81dc9bdb52d04dc20036dbd8313ed055', 'tecnico'),
('515.688.127-29', 207, 'zdMbEbjCwMzAQexmFznDclscRyAzAM', '81dc9bdb52d04dc20036dbd8313ed055', 'aluno'),
('515.946.522-78', 113, 'AzyoyrSHjbJGyrKNiKmHSE', '81dc9bdb52d04dc20036dbd8313ed055', 'tecnico'),
('515.991.409-15', 42, 'TSkXJmZvdtODdAqOKkPrCkSUqTsplvZeokcXwctAvidyIumsEcJ', '81dc9bdb52d04dc20036dbd8313ed055', 'aluno'),
('517.468.589-63', 87, 'xnyQVmtDlpNYNDTKoQzoHssoAKMVnruKFSAAfUeqjR', '81dc9bdb52d04dc20036dbd8313ed055', 'tecnico'),
('518.840.351-75', 269, 'gCEOPirjKyTIlLQxyNIaounOTMmKaY', '81dc9bdb52d04dc20036dbd8313ed055', 'docente'),
('518.998.754-34', 32, 'uqJjyDyBNOhLnPuxdTEtEdANjQljCzdXQMgoqFQdtYOHOjfRcJlHMLuWCGg', '81dc9bdb52d04dc20036dbd8313ed055', 'tecnico'),
('519.671.167-68', 30, 'sRDqZWCpvrBkbQXPiNXnOESmRRKyUsknkNDkJgzfxaqzQooZblnQQ', '81dc9bdb52d04dc20036dbd8313ed055', 'tecnico'),
('520.409.460-19', 36, 'UmELtEjejirDUbuftvtrNHqPkMnCgtnbFRMZwVdFeuiZvDeOYygM', '81dc9bdb52d04dc20036dbd8313ed055', 'docente'),
('521.797.321-94', 188, 'hYNzldpHWeQoUWEstjIRxBPsUEQJRNtYMgxYkMFgQvvLsZdLjMD', '81dc9bdb52d04dc20036dbd8313ed055', 'aluno'),
('524.181.716-36', 198, 'BybAlGeHQxiqIAeaICDlZrPVDMt', '81dc9bdb52d04dc20036dbd8313ed055', 'tecnico'),
('526.304.723-23', 6, 'tAERwvFYBspJIJKyipIuTBwBysaKchywIdnfyTdaltJUcuskKbFDCce', '81dc9bdb52d04dc20036dbd8313ed055', 'tecnico'),
('526.753.949-48', 224, 'iEZcfybOxOHWYihCMVZmPxwsAPRm', '81dc9bdb52d04dc20036dbd8313ed055', 'aluno');
INSERT INTO `pessoa` (`cpf`, `orgao_codigo`, `nome`, `senha`, `role`) VALUES
('527.531.037-47', 42, 'LEONARDO VINICIUS MUNIZ DA SILVA', '81dc9bdb52d04dc20036dbd8313ed055', 'aluno'),
('528.291.742-59', 47, 'HPkDQAmuCxZuuzxWkQMBCDzSg', '81dc9bdb52d04dc20036dbd8313ed055', 'docente'),
('528.812.483-30', 41, 'JOÃO ALEXANDRE DOS SANTOS NETO', '81dc9bdb52d04dc20036dbd8313ed055', 'tecnico'),
('528.936.416-10', 42, 'DIOGO PEDRO DE SOUZA', '81dc9bdb52d04dc20036dbd8313ed055', 'aluno'),
('530.313.638-34', 260, 'NZTPbavKLKdrfeumvrhxpOhLZMjlryUfxOUzPpkAZnRfrmrNDzl', '81dc9bdb52d04dc20036dbd8313ed055', 'docente'),
('531.287.447-21', 213, 'CBzZalnRXjqhUVpvFZKdHSOhIOGSiNhLoG', '81dc9bdb52d04dc20036dbd8313ed055', 'aluno'),
('533.647.568-84', 275, 'hDoapXBQWeUJIewhEYzmtNSeaRDGsvyAYNAnKbdHgXqOcMWHLvTfiLkjDOP', '81dc9bdb52d04dc20036dbd8313ed055', 'tecnico'),
('533.648.264-23', 214, 'uWVLptBJiSeVxQTmDMUpULhfWQEBZMxuItfYMGHUzMQWCJjgwewqPDvLtZntL', '81dc9bdb52d04dc20036dbd8313ed055', 'docente'),
('534.454.249-79', 224, 'FGORWfOkGuNBZuVXwCUUAmqKQZjlhXKNDzEAEtKkNxM', '81dc9bdb52d04dc20036dbd8313ed055', 'aluno'),
('536.302.105-44', 160, 'cPlbkTDDytKzQkvRcKTVxkcJpKiBKDdNtoODishGMSgCd', '81dc9bdb52d04dc20036dbd8313ed055', 'docente'),
('540.203.135-85', 53, 'ELgFMhQLMGrwFwQqGpRWTOcSwQrCS', '81dc9bdb52d04dc20036dbd8313ed055', 'aluno'),
('540.827.994-73', 145, 'aXuQWkgzhTjGecocwaFyPLrZUN', '81dc9bdb52d04dc20036dbd8313ed055', 'aluno'),
('544.304.951-38', 256, 'pYaNTgRNsDLrkCzNBTMOmEvjyaJKXZdnXdaQk', '81dc9bdb52d04dc20036dbd8313ed055', 'tecnico'),
('544.367.531-48', 44, 'EXUEwagHLdSPVjKFnuldhzMHPF', '81dc9bdb52d04dc20036dbd8313ed055', 'docente'),
('544.819.822-30', 34, 'MIqHAfmbAaAXTEUVmlVbYTiTgltVbF', '81dc9bdb52d04dc20036dbd8313ed055', 'tecnico'),
('547.596.597-96', 42, 'FnarxbpgyaOwGpAVJdGxKua', '81dc9bdb52d04dc20036dbd8313ed055', 'aluno'),
('548.738.839-10', 152, 'PlrscxGcXKFnxcLcROMbROfitPIeGISvTkOVHuYFfESDGEFxtszkgEs', '81dc9bdb52d04dc20036dbd8313ed055', 'aluno'),
('549.167.183-51', 225, 'KPCywaFEvEIwDIrwHsygpn', '81dc9bdb52d04dc20036dbd8313ed055', 'docente'),
('549.557.606-93', 51, 'fBdnKHufEQeRqcmTTcYAKSeUqYuQBryGSCUCkpHOfMFwOSqIUo', '81dc9bdb52d04dc20036dbd8313ed055', 'aluno'),
('551.153.244-40', 42, 'Rafael Augusto de Melo ', '81dc9bdb52d04dc20036dbd8313ed055', 'docente'),
('551.268.875-95', 30, 'RnLZxtChtQqDNXaYYdZtfBRdoDDywBvnOgnmAPuUGKxtIysGCraHSSLgvpERQa', '81dc9bdb52d04dc20036dbd8313ed055', 'aluno'),
('552.150.607-62', 282, 'jBeIelytAcZUkZGSuvkGDYp', '81dc9bdb52d04dc20036dbd8313ed055', 'docente'),
('553.175.607-91', 290, 'mKuQxHAGDZjZwqIyWEkpqOhmOMMTpHsBsNsQvTwYSF', '81dc9bdb52d04dc20036dbd8313ed055', 'tecnico'),
('554.587.392-53', 57, 'AETNgmaEugwPeHHNEuHbmyDUfDuHUTHuyAiEMjjhpFWumEhRYPTkoweuazbUtJpR', '81dc9bdb52d04dc20036dbd8313ed055', 'docente'),
('556.329.909-86', 50, 'AyxTvqohFskgSiJKxUCAspyDhseunWSOupIQGWYmp', '81dc9bdb52d04dc20036dbd8313ed055', 'tecnico'),
('556.989.364-47', 42, 'LAZARO DE SOUZA SILVA', '81dc9bdb52d04dc20036dbd8313ed055', 'aluno'),
('557.988.562-73', 108, 'liOHHhrRPotvJBaAoHzWIeOtUZTUAEjLNY', '81dc9bdb52d04dc20036dbd8313ed055', 'tecnico'),
('558.353.477-97', 245, 'SAIfARKiBsRVDeANIUSQbqFExleMGduzDcFdTpmvIeqljQYRK', '81dc9bdb52d04dc20036dbd8313ed055', 'tecnico'),
('558.432.545-13', 107, 'wWBaWYdnRpEsXcBujJTDhoKKxWkQwmwSiYSfXWtOlXhjaJDj', '81dc9bdb52d04dc20036dbd8313ed055', 'tecnico'),
('558.807.877-99', 22, 'VXRRucjPyEHsgvtgeKsfKeJAoDb', '81dc9bdb52d04dc20036dbd8313ed055', 'tecnico'),
('559.381.152-15', 270, 'FoPMqTbPvJplwWbrqIZOmVUOfXovarkGGZsXTuMpdcAAYCSplRdxMXlR', '81dc9bdb52d04dc20036dbd8313ed055', 'tecnico'),
('559.546.462-42', 111, 'ENHzLWaiRgIblOobRgjkoUzMrVmRqFeU', '81dc9bdb52d04dc20036dbd8313ed055', 'docente'),
('560.553.601-53', 186, 'jXyMkAtGZwNACdaYvKyDjlDQjwrJZQijOGVYgoEgLr', '81dc9bdb52d04dc20036dbd8313ed055', 'tecnico'),
('564.939.439-92', 8, 'CXbtQEqXqNAhBiQIawTyaa', '81dc9bdb52d04dc20036dbd8313ed055', 'tecnico'),
('566.360.354-98', 42, 'Walter Rocha Palma ', '81dc9bdb52d04dc20036dbd8313ed055', 'docente'),
('566.794.311-81', 179, 'lSThOPNhumjxhUQupWIgbPmbQmCEzsdKkXRYMFghRp', '81dc9bdb52d04dc20036dbd8313ed055', 'docente'),
('566.846.459-73', 131, 'GpHtwTCQPrMmZDNXJhrCArXTloucIfYpuGJRzlIpCuBCYpAHxRkXjhRvvmyer', '81dc9bdb52d04dc20036dbd8313ed055', 'docente'),
('567.468.998-97', 202, 'QJqglAIAfLXEZNAfQCDLohKQlgrGgqeXauelVMLay', '81dc9bdb52d04dc20036dbd8313ed055', 'tecnico'),
('567.518.772-85', 222, 'UFAsQWEewsUltBQaBQnjKLXqGPReCIBwobPfYtjv', '81dc9bdb52d04dc20036dbd8313ed055', 'docente'),
('567.786.963-99', 207, 'pPMqSJyffjeTdCjLgBkOPYRpMGQzEQ', '81dc9bdb52d04dc20036dbd8313ed055', 'docente'),
('567.982.750-83', 80, 'ANchuWGTYbncPEHitGtwtyLLYAmXlcPMQRUlOAeNCsPrXwAqdTMxryiqYv', '81dc9bdb52d04dc20036dbd8313ed055', 'docente'),
('570.271.472-55', 109, 'DKmYldKsTclYObsiBikTzikVCowMKWJoHWnTaXlTaxROzkWbshURqfNSujFegp', '81dc9bdb52d04dc20036dbd8313ed055', 'docente'),
('570.996.312-66', 296, 'SEISmtItaFHPgKHVBYlObRapViQVuxymchfoBOHCupsBZ', '81dc9bdb52d04dc20036dbd8313ed055', 'aluno'),
('571.175.614-58', 142, 'KCKvRSBwrPEwjWclbzmnrCHaBdBGHddrGNNxFpTXe', '81dc9bdb52d04dc20036dbd8313ed055', 'tecnico'),
('571.872.596-97', 42, 'BRUNO BARBOSA DE MENEZES ', '81dc9bdb52d04dc20036dbd8313ed055', 'aluno'),
('573.894.567-01', 42, 'MARCOS ANTÔNIO DE SOUZA SILVA', '81dc9bdb52d04dc20036dbd8313ed055', 'aluno'),
('574.958.246-19', 276, 'NhBTNjKRNjMiitAGlKIKgeZcihDgpJucQ', '81dc9bdb52d04dc20036dbd8313ed055', 'tecnico'),
('576.116.837-69', 53, 'PDKMzmdcHnQAPZYJDqDHjMYwjVYkLGyBj', '81dc9bdb52d04dc20036dbd8313ed055', 'aluno'),
('576.706.496-62', 166, 'bFvCKdHWCbwEaqPZXHusSaVQqSsZpWlq', '81dc9bdb52d04dc20036dbd8313ed055', 'docente'),
('577.257.271-14', 296, 'DXggVhzLMQIcDjkfraOrwHPxHR', '81dc9bdb52d04dc20036dbd8313ed055', 'tecnico'),
('577.867.597-46', 47, 'EPzWghhDOcoNABvLpZkyWnVefDFXfaHKQgHWoOAdRORrqmdFlnd', '81dc9bdb52d04dc20036dbd8313ed055', 'aluno'),
('578.315.980-88', 284, 'agCLWipZQRuzuVkYWqjpoOQcHLDTKxuKEWvBeLAUCVu', '81dc9bdb52d04dc20036dbd8313ed055', 'docente'),
('579.939.742-95', 136, 'ETMlfrpZoVQaBNrvcshdGEhOnrqkcndHgQTmhimvecwFQNbSgiVMNcBbuRl', '81dc9bdb52d04dc20036dbd8313ed055', 'docente'),
('581.089.641-30', 42, 'Rubisley de Paula Lemes ', '81dc9bdb52d04dc20036dbd8313ed055', 'docente'),
('581.458.946-47', 217, 'yyjktbayyRigeZyRWjhOIZryAjaVgvyEUHOoIPMhGVnLU', '81dc9bdb52d04dc20036dbd8313ed055', 'tecnico'),
('581.660.671-65', 199, 'lMDCSLSwkELNySGIJeLZtBDsH', '81dc9bdb52d04dc20036dbd8313ed055', 'docente'),
('581.899.359-59', 40, 'iYjexExWMpObInFKbPmLaFaZKWBElettcCxzhVwUlkVTyBEzrRlrwmr', '81dc9bdb52d04dc20036dbd8313ed055', 'aluno'),
('583.202.181-18', 123, 'OLcSswFGLyxTJPzpIkTygUnODdqJi', '81dc9bdb52d04dc20036dbd8313ed055', 'docente'),
('583.295.597-93', 212, 'FAlWjoXbvYHVlUyGLRxUmzcQj', '81dc9bdb52d04dc20036dbd8313ed055', 'aluno'),
('583.604.748-98', 264, 'FroBJoTbUTjgRTegJpXeOsOyfbaINZqsqETaTNcNHlTyfYEOnC', '81dc9bdb52d04dc20036dbd8313ed055', 'aluno'),
('585.260.875-80', 112, 'jaDwxlmANqpQDqvxjCoImawRartjjiv', '81dc9bdb52d04dc20036dbd8313ed055', 'docente'),
('585.481.274-37', 300, 'QEEidkzTvvqPQCiMUdCfRzWfmjHItXFkBjsEuSxPnOFerOQlRtqISmOewwNPts', '81dc9bdb52d04dc20036dbd8313ed055', 'docente'),
('586.534.287-48', 270, 'TrdvEVClHKVlUwfdinFAxpk', '81dc9bdb52d04dc20036dbd8313ed055', 'tecnico'),
('586.810.240-91', 73, 'IIKDZPBpmGeTtZkkParMhsEzlzbaIXOqFyTFovVBcauwZFGPFYBMrf', '81dc9bdb52d04dc20036dbd8313ed055', 'aluno'),
('587.839.167-44', 104, 'UrqhyyoctmzpkMTEzrWSKzEGCLitPCQJUhRsFfuZ', '81dc9bdb52d04dc20036dbd8313ed055', 'aluno'),
('587.892.354-46', 55, 'njHgrOcfWwlVswzePSQdvnxgUbIOqdkDmSKDGMJD', '81dc9bdb52d04dc20036dbd8313ed055', 'docente'),
('591.371.534-77', 206, 'xyYRkajwjJylOZvPJVtIUoJuJkXZJJZgiXYsXhPhRosFnOvWKOFEcoZMzWMjGLqO', '81dc9bdb52d04dc20036dbd8313ed055', 'aluno'),
('593.176.113-15', 33, 'LGvgvZIBHTsWdEvBXSxHqxbVNByRCBBohXvCXedEXwBbbXDYPaG', '81dc9bdb52d04dc20036dbd8313ed055', 'aluno'),
('593.491.415-27', 179, 'IgtXpgXbWNPBeOMKjFJEtdtIqAkMSvLBBeyQlvRhjHIovvZEaIiuLBcbcnOVIAwk', '81dc9bdb52d04dc20036dbd8313ed055', 'docente'),
('595.532.603-66', 150, 'uOcZozzDjCzGjveBkWLtXrkBkPeJsLmNzpMOOmrXPQEYmJ', '81dc9bdb52d04dc20036dbd8313ed055', 'docente'),
('596.650.348-60', 78, 'lrERQxweTsGWsassFZhlXJYoPkRvzuJKM', '81dc9bdb52d04dc20036dbd8313ed055', 'aluno'),
('597.914.461-43', 173, 'LUTehNLBJIxlNOcaJkqAduTSlivgDOYpIRtPFfqoNNABCCBmNSMQmGJxOe', '81dc9bdb52d04dc20036dbd8313ed055', 'tecnico'),
('598.212.981-76', 130, 'RwstxXAwuvEciLhOKFfyqmZQIWtPVfhNCzgZ', '81dc9bdb52d04dc20036dbd8313ed055', 'tecnico'),
('598.850.919-73', 282, 'DKXclhcgoyFStmHHVwtcdoqOjbraWbGAMEDXLFeZeJSxVAeR', '81dc9bdb52d04dc20036dbd8313ed055', 'tecnico'),
('599.165.296-65', 202, 'wXpQPjOrlpmitzbmcVVMblgVFzy', '81dc9bdb52d04dc20036dbd8313ed055', 'tecnico'),
('603.697.571-16', 136, 'kghELvczvVhQvXDAKZmOvMnxzdahFeAPkIuVd', '81dc9bdb52d04dc20036dbd8313ed055', 'tecnico'),
('603.808.388-75', 268, 'FbHmKZTCMBpahbMqbfNRcxqturWjIHFnJnzumtWZ', '81dc9bdb52d04dc20036dbd8313ed055', 'tecnico'),
('604.410.729-68', 67, 'emgcaxyyGQJfuZjhfBaOgXRNOeqgPYxTlDW', '81dc9bdb52d04dc20036dbd8313ed055', 'docente'),
('604.756.282-54', 166, 'jNRlWDwPwqcFKOjoiBgzcRACeJfQTFzdsqooTLdpbgVMUfacGh', '81dc9bdb52d04dc20036dbd8313ed055', 'tecnico'),
('606.361.296-82', 193, 'taVTQcuQrrHlwHUKZxnHlNDziWcxiS', '81dc9bdb52d04dc20036dbd8313ed055', 'aluno'),
('606.455.556-68', 244, 'UkQYMKwDsOgnRJgOtBkZlnRwHuZbVHn', '81dc9bdb52d04dc20036dbd8313ed055', 'docente'),
('607.928.660-46', 150, 'QwKQIcSNtaezMrPtYLsfQwGnDJRzqmegIPWrRPflPjKCBzV', '81dc9bdb52d04dc20036dbd8313ed055', 'aluno'),
('608.967.161-86', 49, 'MTfRJRmhyVOKLIxXNdwGWHSSgswevoq', '81dc9bdb52d04dc20036dbd8313ed055', 'aluno'),
('609.440.886-95', 81, 'yqXiaJRpqeBeloDLRvbeuggqxuTRnQrLhpUiZLxpQZtb', '81dc9bdb52d04dc20036dbd8313ed055', 'tecnico'),
('609.825.115-29', 1, 'PBZzmgWhmAxGkOlNvHcrwG', '81dc9bdb52d04dc20036dbd8313ed055', 'aluno'),
('610.533.858-16', 27, 'EtZLEJajaxZplBHGzDBFnSDmdyQCqTZUmYGRHHaI', '81dc9bdb52d04dc20036dbd8313ed055', 'aluno'),
('611.321.380-35', 206, 'GFFjEOijiXrgMERsZagpRQYIiPlvfAsMfXVKLdTUblaOPSgPSneKecsmSEIXfa', '81dc9bdb52d04dc20036dbd8313ed055', 'docente'),
('611.804.860-41', 101, 'KfNbeZkpLOGUzQdyXNGlHnMhthKhZc', '81dc9bdb52d04dc20036dbd8313ed055', 'tecnico'),
('612.268.289-98', 232, 'xDoiPMhvPiKZxBkqNReHnKmPuHsDSs', '81dc9bdb52d04dc20036dbd8313ed055', 'aluno'),
('612.740.625-70', 285, 'PfqSQmfPLlvYlayxtCTMQcRjTZNFDvktBAlrNrhyCDxODVl', '81dc9bdb52d04dc20036dbd8313ed055', 'tecnico'),
('612.891.396-56', 246, 'uBeXWlyYMHbTxoDdJGTdHtMnoTRiksFFTKDPWbOII', '81dc9bdb52d04dc20036dbd8313ed055', 'docente'),
('613.208.897-20', 27, 'nFBCwnVYnvdOMUUFztUbmNu', '81dc9bdb52d04dc20036dbd8313ed055', 'tecnico'),
('614.603.478-37', 113, 'GRuttnfiAKDJjEsTCsXPpaPglHKOdZIJRddlritSTXBcBUWdnTSDUIJfqtTt', '81dc9bdb52d04dc20036dbd8313ed055', 'tecnico'),
('614.652.644-27', 151, 'huXzkUishqZWCtkdZOKttCrsaAVGgfTn', '81dc9bdb52d04dc20036dbd8313ed055', 'docente'),
('614.733.454-96', 33, 'mjyztNenRduJQECQWLhIqNmEPshAN', '81dc9bdb52d04dc20036dbd8313ed055', 'docente'),
('617.920.208-83', 99, 'sCuMsmMHJRNSzASJAfLkZZ', '81dc9bdb52d04dc20036dbd8313ed055', 'docente'),
('618.243.931-18', 23, 'AudAYVxXLtgcHHhmVXxtuMiWVHAdDFp', '81dc9bdb52d04dc20036dbd8313ed055', 'tecnico'),
('619.225.497-23', 131, 'yijMAeGIbCQwcDpHCloampQYQpCXMKylSHXtMDcOfSki', '81dc9bdb52d04dc20036dbd8313ed055', 'aluno'),
('622.342.603-86', 34, 'IeMjJGwKlSdeonYinCjBmnSIeimsLeSujFDSlZCxRGB', '81dc9bdb52d04dc20036dbd8313ed055', 'tecnico'),
('623.244.156-30', 56, 'QXsQDmxMsFbdaZiwHwyspQPyIUcRYolOmEEPQbC', '81dc9bdb52d04dc20036dbd8313ed055', 'aluno'),
('623.250.120-44', 262, 'bLsQfwWzaWOcejwvKcdjZobkeQOnRikTTCJYYGyZCmcHwycgAgqAvrKAiyNaHX', '81dc9bdb52d04dc20036dbd8313ed055', 'tecnico'),
('626.261.856-20', 19, 'ARGUS CORDIER DE SOUZA', '81dc9bdb52d04dc20036dbd8313ed055', 'tecnico'),
('627.921.280-91', 16, 'GrzifutcBfODRJjbeamsceqhrfLmqHHWYgeeBxh', '81dc9bdb52d04dc20036dbd8313ed055', 'aluno'),
('629.438.233-38', 167, 'FmTThiYjNfVLWzVrIDIVxzKTDjyXrONWaHPiQNsDTopPNkhwOQrlqceTl', '81dc9bdb52d04dc20036dbd8313ed055', 'aluno'),
('630.378.399-57', 35, 'rdOOuwQdXusZrHsnctwqPsZjFDOVUp', '81dc9bdb52d04dc20036dbd8313ed055', 'tecnico'),
('631.824.793-93', 42, 'EULER SANTOS DE SANTANA', '81dc9bdb52d04dc20036dbd8313ed055', 'aluno'),
('631.880.619-57', 213, 'cRyFlKNlnMzckSGpUgpDPqYeVjIONktQbSvmCixQVXSfQzv', '81dc9bdb52d04dc20036dbd8313ed055', 'docente'),
('632.839.609-66', 22, 'JvKenJrXmelhVIvBizvsOSNrmKWdoDTXYDcmnukAyvHuecWnCrFqktIw', '81dc9bdb52d04dc20036dbd8313ed055', 'tecnico'),
('633.222.421-84', 237, 'ilCOVZiDxAkaSlIKdtQzJvqzvweCOVkWgMLcMUGkvQknbSYfm', '81dc9bdb52d04dc20036dbd8313ed055', 'aluno'),
('633.502.748-58', 190, 'uRUkByebzYNRZmwIsHfaTKpeYjJvUlXocSzErEFQCtIC', '81dc9bdb52d04dc20036dbd8313ed055', 'docente'),
('633.970.718-67', 3, 'EiDcQawvpviUxaCMzqXPFfZuZCZXmGNQOqTErqaGLiAjicWItTyZYytY', '81dc9bdb52d04dc20036dbd8313ed055', 'tecnico'),
('634.126.881-65', 199, 'XRZsLDVljgFbdohXxtaklMLGUplViRif', '81dc9bdb52d04dc20036dbd8313ed055', 'aluno'),
('634.326.394-63', 110, 'fYdoyrgpLkboOebfhliEBNZsEUXRlCmrAqFZHMo', '81dc9bdb52d04dc20036dbd8313ed055', 'docente'),
('635.625.681-25', 78, 'NZzgBUTTgFAQwnIWNBGoGryGrQlVxuvltVrUPlNWQoN', '81dc9bdb52d04dc20036dbd8313ed055', 'docente'),
('635.839.215-94', 283, 'bdTgtOLajRqfOUhWEadDoOotKXYBeVUfZNlsB', '81dc9bdb52d04dc20036dbd8313ed055', 'aluno'),
('636.633.996-25', 18, 'gqVuuNixSQqcMHyWJLJMdAdIWHnAHwlOMgjgUsDMiUPVBoRlZBX', '81dc9bdb52d04dc20036dbd8313ed055', 'docente'),
('637.361.734-55', 47, 'dvwsELnWAQszKnshrRlFLgKcmnHBY', '81dc9bdb52d04dc20036dbd8313ed055', 'docente'),
('638.491.203-24', 273, 'dFUqqNpSjAWMOZFyUPcdCRbfxaKTgSskymAPZQIjqE', '81dc9bdb52d04dc20036dbd8313ed055', 'aluno'),
('638.506.485-20', 283, 'nIgYXoIOzPggVwkSwFXIAJtBhcgFzmiMVoKSCtHciNiejs', '81dc9bdb52d04dc20036dbd8313ed055', 'tecnico'),
('639.497.673-23', 160, 'FkFSkXqlmwKmlgTAHPkLvHvPICufjCePMKIWHYiUvShGZahGPrrlYNaGpvMzYRoL', '81dc9bdb52d04dc20036dbd8313ed055', 'aluno'),
('639.871.408-81', 46, 'mVGvEtywAPAxelrKwIqsKhFgjPLbhABuwhPaBowbdXy', '81dc9bdb52d04dc20036dbd8313ed055', 'aluno'),
('639.986.330-83', 234, 'YVbeyTyYZMbvuAmOeLhkVJqrYzWXMMVLIXPhRogQaimvIykMkrXfbnwZMtWzgSk', '81dc9bdb52d04dc20036dbd8313ed055', 'aluno'),
('640.542.408-24', 23, 'phWrtjLEJkZrEdtAqWRWnbpVytBXLJqaQnrkw', '81dc9bdb52d04dc20036dbd8313ed055', 'tecnico'),
('641.499.117-77', 251, 'SvNuTcRUXyCgfXcoOAufFzCUPYzmZmUSIInBKewHDZOIXRXLrr', '81dc9bdb52d04dc20036dbd8313ed055', 'docente'),
('642.208.330-54', 152, 'lUmMlLteooGyDonIbTfPMvxHJGmPUMmfGySSkmWz', '81dc9bdb52d04dc20036dbd8313ed055', 'aluno'),
('644.738.508-78', 136, 'EZpgmUdoAlJsDwBWWiJpgLULGlqrJeJneYurT', '81dc9bdb52d04dc20036dbd8313ed055', 'docente'),
('644.792.230-39', 230, 'dqOpWLidBEMnXgIrWZrIXwueaKJOSaNWrBlnnuqOYdbWkKngKFPHbkLcVvRNwFJ', '81dc9bdb52d04dc20036dbd8313ed055', 'docente'),
('645.948.745-68', 42, 'Cássio Vinicius Serafim Prazeres ', '81dc9bdb52d04dc20036dbd8313ed055', 'docente'),
('647.289.881-88', 95, 'LidKgpnlGtnVNEShZKvdvNBvvxbF', '81dc9bdb52d04dc20036dbd8313ed055', 'tecnico'),
('647.492.548-15', 250, 'PFQWJKpUWUWfdrJCtVKoDbSJJlpgLsbBXSyHCNCyHyELPnoiiYxMaqvJBKPnd', '81dc9bdb52d04dc20036dbd8313ed055', 'tecnico'),
('647.713.238-59', 39, 'xwfvkhOGBbEQYTqXtHkNZoYJLjourRbOohkyoYeQaIGYCXVWE', '81dc9bdb52d04dc20036dbd8313ed055', 'aluno'),
('650.708.593-55', 149, 'MXhxVWNEOwFyXSaCsQylPJFWlwCUYcpLZwjVtW', '81dc9bdb52d04dc20036dbd8313ed055', 'aluno'),
('650.733.342-47', 257, 'mzWwiKksdatVvGyDeoybhE', '81dc9bdb52d04dc20036dbd8313ed055', 'docente'),
('651.224.660-35', 28, 'AjcjJzdERkeTvFgrXJRppqykDYPLE', '81dc9bdb52d04dc20036dbd8313ed055', 'aluno'),
('651.429.999-47', 251, 'pMeTcbLKmTWofpLMoCvGSmrRnJxGJS', '81dc9bdb52d04dc20036dbd8313ed055', 'docente'),
('651.761.892-82', 80, 'lNwpwCYaFVXTsHYnRehcUNslSaRETHbfuxuQasRG', '81dc9bdb52d04dc20036dbd8313ed055', 'docente'),
('652.444.705-36', 101, 'mLojIwSXCERokdFCMJlZNkueeRKyAZkNLyWtVPqytiMDlrfXbrXOC', '81dc9bdb52d04dc20036dbd8313ed055', 'docente'),
('652.766.935-10', 237, 'iqmIvWDUhokEMNwfjHuBLJEeKaKwWKwfaJNwFrqNGArtoNyxvTYgCDlmDVJAGfFG', '81dc9bdb52d04dc20036dbd8313ed055', 'aluno'),
('652.949.818-11', 133, 'nixEWkYsTbTOznecNxDYlwZWBSCyICtVLRzIcxaVzTJZhOcVlFTwcStELVdty', '81dc9bdb52d04dc20036dbd8313ed055', 'tecnico'),
('653.130.537-76', 43, 'tfcVVjMmYTTZCWzGwNQZqJHcQvISUuJnAMjwVVJTPDTsztYVgPVwzCzpY', '81dc9bdb52d04dc20036dbd8313ed055', 'tecnico'),
('653.496.558-22', 65, 'OMXUOhJblWIImfDFqgeRlfCZqOFNoMldziXnqHpCEX', '81dc9bdb52d04dc20036dbd8313ed055', 'tecnico'),
('653.967.986-44', 290, 'rMUYHqOTVEgCNxzbRriBeoICVMiTLCzdotbVJPPFuVhhtHik', '81dc9bdb52d04dc20036dbd8313ed055', 'aluno'),
('655.218.801-34', 252, 'BQIpZgFtXGIXPFpCBJgBhOAuljasXokzfTOeauxYbgVQMksoUzPbnpwzzx', '81dc9bdb52d04dc20036dbd8313ed055', 'aluno'),
('655.907.430-58', 10, 'KbVFtIwbfbDfsXnyHNorTLGRkLxeeZdOaYttHQvMSZSlWgJEUXVNJCETnbYrabg', '81dc9bdb52d04dc20036dbd8313ed055', 'docente'),
('656.996.605-30', 261, 'RHLdgHzpsJHvJbrfHPILehNlMGSMjdwaLheSPDhhnPDXQVcyLLkP', '81dc9bdb52d04dc20036dbd8313ed055', 'docente'),
('657.292.582-29', 178, 'zfDdQFmrrpyzCeMzolpgOak', '81dc9bdb52d04dc20036dbd8313ed055', 'docente'),
('657.637.444-97', 211, 'jTjLNQQAhDWWHtMKiyLcBoyHmJnRdmsnfBYTrPuzsqwZ', '81dc9bdb52d04dc20036dbd8313ed055', 'docente'),
('658.323.262-40', 181, 'cCvmIFpfvvwEoiSOptOYOpuUGFATORrRuMdcrtiNO', '81dc9bdb52d04dc20036dbd8313ed055', 'docente'),
('658.623.749-74', 202, 'IcdSWmgWbqIEblESWAdCKsPrLRXqC', '81dc9bdb52d04dc20036dbd8313ed055', 'docente'),
('659.222.709-31', 75, 'xZbmYaNGAKNuuOuwiRgCIShfEILLrYFOXGaVHOBizpCTdXplPwNxoVDSDoEV', '81dc9bdb52d04dc20036dbd8313ed055', 'tecnico'),
('659.606.139-69', 220, 'iJRfPKUkOrqzipYJuGkptsKLehsHjaosKgxzQsKEJbeSrdBLJ', '81dc9bdb52d04dc20036dbd8313ed055', 'docente'),
('660.184.186-22', 41, 'SOLANGE SOUZA ARAÚJO', '81dc9bdb52d04dc20036dbd8313ed055', 'tecnico'),
('662.502.750-96', 208, 'hevEXRdnVaKjwqLGTumUJAXyvTfTFdrMhNqfEusAuc', '81dc9bdb52d04dc20036dbd8313ed055', 'docente'),
('663.463.693-77', 6, 'OOCtpfQDaPQwTFjNAOmTJnfwHkccSPrHEU', '81dc9bdb52d04dc20036dbd8313ed055', 'tecnico'),
('663.658.772-71', 125, 'qrxaKnWrLtWrCEBSHTcspFEkaZRGMApcSMcDaZUMtRdVvEOcxQ', '81dc9bdb52d04dc20036dbd8313ed055', 'docente'),
('664.533.284-12', 171, 'OdSFnYjosEWOwvwbGnniwZcjStPrERasUSYiQhwiMtWjOtkuHy', '81dc9bdb52d04dc20036dbd8313ed055', 'docente'),
('664.634.734-75', 274, 'GiwyOnIDhtYGyNWiUbLOuxNuwVbbFNom', '81dc9bdb52d04dc20036dbd8313ed055', 'docente'),
('664.948.742-72', 129, 'zQpuipYxNPlMrTeKTJHTeRplTKSQvBpUsFpAVnYJdj', '81dc9bdb52d04dc20036dbd8313ed055', 'tecnico'),
('665.693.630-80', 98, 'HwOxlWuguonELHmxRDUXDK', '81dc9bdb52d04dc20036dbd8313ed055', 'docente'),
('665.880.772-22', 30, 'dRZTTOAcoIjMFoSWbITIwqc', '81dc9bdb52d04dc20036dbd8313ed055', 'tecnico'),
('665.965.897-35', 24, 'DIZLLgqkszWnNHgqaNtjBBnLUkrSeGrIprtbxKmQji', '81dc9bdb52d04dc20036dbd8313ed055', 'tecnico'),
('667.392.261-95', 201, 'vcAZWsQIYHGfOUmlHTeKrHSeaULqdJbzLBzHUpqSXWYLRkWydaiv', '81dc9bdb52d04dc20036dbd8313ed055', 'docente'),
('667.527.100-34', 32, 'egGmZdfdnmizLETPLyiawtsaecHCcVXhcDtbHz', '81dc9bdb52d04dc20036dbd8313ed055', 'tecnico'),
('667.850.929-12', 237, 'ijpbGhRixcWjJjqnhifsrltViPBZLDrUNHWu', '81dc9bdb52d04dc20036dbd8313ed055', 'tecnico'),
('667.965.222-79', 251, 'kRjIAUbfhxQdUKLkLonNDSKPrBwpIkYTbiCCcDIkaynVjYgVntI', '81dc9bdb52d04dc20036dbd8313ed055', 'tecnico'),
('668.817.374-78', 146, 'teokDPqXvxxiMIBRucRapqh', '81dc9bdb52d04dc20036dbd8313ed055', 'aluno'),
('669.461.760-30', 252, 'WPuGkUVCcfHcjMSgVMaLDVWSUvzphLddAyJKsEnvKVxUIqaDcbpFWly', '81dc9bdb52d04dc20036dbd8313ed055', 'tecnico'),
('669.582.862-60', 92, 'WXKJavVGXGeZizEyjRLkWZPlFXShPvJLtuvtPraMXeLgE', '81dc9bdb52d04dc20036dbd8313ed055', 'docente'),
('669.636.825-13', 288, 'yVvbchQuCWRJDwVzmNMjTLOYyVFdLHukCQlF', '81dc9bdb52d04dc20036dbd8313ed055', 'aluno'),
('669.921.606-82', 136, 'ANigXwYiVBacsmHLgTOHjpOUHlADPrepemwcJukEVkGo', '81dc9bdb52d04dc20036dbd8313ed055', 'tecnico'),
('670.426.179-97', 145, 'ogceiQxOenQqyNdBbhIIBjKjJMQcROZfUckdTHSYVIptwsVxADfbMPkwCaztPz', '81dc9bdb52d04dc20036dbd8313ed055', 'tecnico'),
('670.889.330-73', 270, 'jmCGRCXGCUoWnhWjYmcqlrnwIQdBdOcnbFTShRzJMNFZ', '81dc9bdb52d04dc20036dbd8313ed055', 'docente'),
('671.232.640-79', 129, 'QtoWQVjAfgYjRPKqoztSTOXiHjPOPDOGWcCNYLodSmmJcXaqxuiqjfyQpnFeQtKN', '81dc9bdb52d04dc20036dbd8313ed055', 'docente'),
('673.235.295-49', 42, 'Luciano Rebouças de Oliveira ', '81dc9bdb52d04dc20036dbd8313ed055', 'docente'),
('675.800.568-16', 29, 'hAtAbnQjkzndKatHybhNuVtJjprYQuSXUlyWyogJOtNytgfSinFDiYmsoDq', '81dc9bdb52d04dc20036dbd8313ed055', 'aluno'),
('675.898.165-48', 197, 'fdimrJDKdGdoTCrVgNZcqFcgLQOFUkBZnKmFtQpwwsLpUdlaQkdhQgoBXcgRm', '81dc9bdb52d04dc20036dbd8313ed055', 'tecnico'),
('676.057.510-52', 42, 'George Marconi de Araújo Lima ', '81dc9bdb52d04dc20036dbd8313ed055', 'docente'),
('677.770.161-19', 105, 'kdoXgaiAHBcoYdnrorFQdgvuGucsyhsJkHGrHPRprTEpXRHlimbmswGYRJrpQKYb', '81dc9bdb52d04dc20036dbd8313ed055', 'docente'),
('679.734.475-46', 40, 'nuQkXETGnFFTiWiIhUnuiuVvrpdcLyNYTEjRjcxwIdpQayyhsMCA', '81dc9bdb52d04dc20036dbd8313ed055', 'tecnico'),
('680.652.103-38', 159, 'KytSgzfRLpuRDDvaSPOvRvTgxUOdUexFDRxKrC', '81dc9bdb52d04dc20036dbd8313ed055', 'tecnico'),
('681.413.956-78', 207, 'vGGgGhzvMhugfpYmMCmxoP', '81dc9bdb52d04dc20036dbd8313ed055', 'docente'),
('681.497.844-15', 186, 'UlMbawHfVXrUOaQiPMoWzQw', '81dc9bdb52d04dc20036dbd8313ed055', 'tecnico'),
('683.166.280-40', 170, 'TCiHHktQRxlyojhVUsVnpjoUsOCvZUVSwdzeoTUfrf', '81dc9bdb52d04dc20036dbd8313ed055', 'docente'),
('683.760.220-33', 287, 'EyvrfyLFbNkfHAsdixttGkryVhfHotYTStl', '81dc9bdb52d04dc20036dbd8313ed055', 'tecnico'),
('684.625.620-57', 123, 'PMwxyIjdFrabJovwPZHtzgSQgayKEZntMJRksanXsoZbC', '81dc9bdb52d04dc20036dbd8313ed055', 'docente'),
('685.287.770-31', 92, 'HmuFdAjTKvZRHcoJfFTFBnMN', '81dc9bdb52d04dc20036dbd8313ed055', 'aluno'),
('685.809.386-14', 295, 'MbgaTpPThSVYqZsNsBsnGLvSMJABZCdMEkMyzCsHunGLn', '81dc9bdb52d04dc20036dbd8313ed055', 'tecnico'),
('686.237.562-23', 115, 'FFmpvOOROtwkYeGBMXYuqwAFJnnROvd', '81dc9bdb52d04dc20036dbd8313ed055', 'docente'),
('686.258.881-10', 66, 'NdydQwhRfyEdvLGVixkUtXGSGKAPDAlrEJvugCl', '81dc9bdb52d04dc20036dbd8313ed055', 'docente'),
('686.620.328-68', 163, 'velRDDhttFcoITmWfaiJFYAHBKpfXXIsbUkExrYQXbfFUr', '81dc9bdb52d04dc20036dbd8313ed055', 'aluno'),
('688.209.109-51', 160, 'rWGpJyBDEbhmHveRlXwUjfNzTJhZKFmb', '81dc9bdb52d04dc20036dbd8313ed055', 'aluno'),
('688.505.584-45', 136, 'taLEtCxKnnslOCPbffczsXJiewQCYlgslRWFtupHIISwkI', '81dc9bdb52d04dc20036dbd8313ed055', 'tecnico'),
('688.833.600-18', 135, 'DDFkYDAxbJsXkZOhonUfbghiKFQBiUULyAWwd', '81dc9bdb52d04dc20036dbd8313ed055', 'aluno'),
('689.971.197-26', 128, 'ZqgEhkRJfBxowaUHIjGuVjQxgrfewoq', '81dc9bdb52d04dc20036dbd8313ed055', 'docente'),
('694.416.866-69', 234, 'RTiVUbsWCFytRnOTmEvyjyXpSOXkHGTzzcuudNqFtOYkcNeprA', '81dc9bdb52d04dc20036dbd8313ed055', 'docente'),
('694.631.477-23', 300, 'sxCLVryrpZfyUBetajyMDCAElhnQDupWSSIOjgfzfkX', '81dc9bdb52d04dc20036dbd8313ed055', 'docente'),
('695.477.348-92', 28, 'rzXVrNRIwECarthfJAQKfwpXy', '81dc9bdb52d04dc20036dbd8313ed055', 'docente'),
('698.485.765-75', 280, 'DPJmrWBqrzEwfGwzsBUqhXJeSkMpXyIAosNFpo', '81dc9bdb52d04dc20036dbd8313ed055', 'aluno'),
('699.727.988-86', 128, 'EEaUdECQBFYnyUvqXydoBtiYjzGTyypddpXhUAX', '81dc9bdb52d04dc20036dbd8313ed055', 'tecnico'),
('699.859.380-68', 132, 'yjRmBBlMsmAzrJmwrtNLgSAhwMPocxTBHLNjmZVElveCfrZ', '81dc9bdb52d04dc20036dbd8313ed055', 'tecnico'),
('700.831.208-82', 131, 'jQTzztdMuJEXMJhiZrQpzCMxeGfUMWFVMzulSyXniCkUlsdlJTAj', '81dc9bdb52d04dc20036dbd8313ed055', 'tecnico'),
('702.296.381-48', 205, 'gwWKhiXBFmzMLFdbyRlcJLJJhsssIOPPkLzrTxTz', '81dc9bdb52d04dc20036dbd8313ed055', 'tecnico'),
('702.378.292-80', 201, 'qsxQtPrvNFLXONSIMiQRkk', '81dc9bdb52d04dc20036dbd8313ed055', 'docente'),
('702.504.151-41', 297, 'JHNZilEFPXoMjpLcFdwZUBntcYcAbueKbSKkdpPTneGwurz', '81dc9bdb52d04dc20036dbd8313ed055', 'aluno'),
('706.970.160-30', 182, 'MrSGWsJpIYECKISLPOyJTyMz', '81dc9bdb52d04dc20036dbd8313ed055', 'tecnico'),
('707.618.900-79', 252, 'sTwcazyaaURcBMtlReGdWSlbkwKOqysIsOLtoktpekrFXK', '81dc9bdb52d04dc20036dbd8313ed055', 'tecnico'),
('707.972.113-32', 74, 'XMfNfXknBmWUVEaxdqSlrAHxjxghytyvgDi', '81dc9bdb52d04dc20036dbd8313ed055', 'tecnico'),
('709.885.787-11', 261, 'YaFWPgBPZzgBkKXldSrVKeJFPMoJAp', '81dc9bdb52d04dc20036dbd8313ed055', 'docente'),
('711.214.333-91', 59, 'XaeQTzpSFClXjZWONCMaKfxTMYDTmynjyrarRp', '81dc9bdb52d04dc20036dbd8313ed055', 'docente'),
('711.991.364-23', 254, 'IVEWMHrwyVYoSJvBaiOEYgMzURiThqtPlXMYEducZtr', '81dc9bdb52d04dc20036dbd8313ed055', 'docente'),
('712.932.219-69', 181, 'KqSOKbMIxDVdbZPwiLkbbhGJKosGvbdgrWVbYHKvk', '81dc9bdb52d04dc20036dbd8313ed055', 'docente'),
('713.792.200-55', 285, 'xHUxJPAUXdksVfdfDBSKksnhCfRqlrbIZVfJLGDIJNbFTeLwGEhR', '81dc9bdb52d04dc20036dbd8313ed055', 'docente'),
('714.593.921-45', 119, 'QMShkpwGMdGkugygYrRVEQBOnsxQoSpeFhlPxIwjLc', '81dc9bdb52d04dc20036dbd8313ed055', 'aluno'),
('714.781.295-74', 147, 'ZwWjcxuSIzPNiDeHSOmEmZOfzUPnfAleWhoYFIQoiGcqkgXcUkGhjunJpcWvCiz', '81dc9bdb52d04dc20036dbd8313ed055', 'tecnico'),
('716.599.411-48', 42, 'DANIEL CESAR SANTOS PORTO', '81dc9bdb52d04dc20036dbd8313ed055', 'aluno'),
('718.614.467-69', 160, 'gRCBjtCYHKifZhkPiTwgvtcrYjbBEJOK', '81dc9bdb52d04dc20036dbd8313ed055', 'aluno'),
('719.150.862-18', 131, 'asgamLoigFznieurFcexbmRptJZ', '81dc9bdb52d04dc20036dbd8313ed055', 'tecnico'),
('719.326.380-81', 196, 'YLRYgDsmjTNOGQSHQfQZeeWlhZVupKfnvXmCAEOKyByesrMiwCiA', '81dc9bdb52d04dc20036dbd8313ed055', 'docente'),
('722.148.447-11', 253, 'MQgbHHxsZkieQttaIPAqZmDQkuAmOAmBrtCYaaqZkzdaSxbBmCRlPvcZPClEcygu', '81dc9bdb52d04dc20036dbd8313ed055', 'docente'),
('722.244.189-75', 120, 'eVCQKjKjaNIXApihCVoVdZddcuNkzyxE', '81dc9bdb52d04dc20036dbd8313ed055', 'tecnico'),
('723.628.712-98', 162, 'WLHozCkrZXudeslIMTGKQshHvQraAqTxcALBdWScTngXFrGslnccGkJbbbb', '81dc9bdb52d04dc20036dbd8313ed055', 'tecnico'),
('723.754.962-46', 18, 'KJGiYbeDAjDuXiuYripWECMMuWwgURPFAvNzwSdWcHrZPMXgVm', '81dc9bdb52d04dc20036dbd8313ed055', 'tecnico'),
('725.472.563-49', 166, 'DeTYKWyUQjpQaXSpGYUAEwNrkdbFEynhChfneDhUNxKOvDdcCY', '81dc9bdb52d04dc20036dbd8313ed055', 'aluno'),
('727.568.877-80', 36, 'niJcjkwOTHcaLxkVuRzUDiMCDAmetbNHkwJtGfhAMkAxILtcCTW', '81dc9bdb52d04dc20036dbd8313ed055', 'aluno'),
('729.783.265-81', 247, 'gjEdtLCBFMiKOwMkxrJmdamXOLIBUxpbGUeaGHCltKVihHtEZcRccda', '81dc9bdb52d04dc20036dbd8313ed055', 'aluno'),
('730.689.531-75', 77, 'aSogAETSorZiwgiftkOwVtMcPaNxzzXArmGRRzJgRJp', '81dc9bdb52d04dc20036dbd8313ed055', 'tecnico'),
('734.493.819-73', 2, 'kNiuYfBNacdPsMrePkiycWZdlaOHPzT', '81dc9bdb52d04dc20036dbd8313ed055', 'aluno'),
('735.184.225-13', 296, 'zpAmyUAwkbwQdskvmGuADzHTgsElzGyZV', '81dc9bdb52d04dc20036dbd8313ed055', 'aluno'),
('735.582.706-80', 88, 'qGulpJFLcAiDdoEQePmGQLaGkzrMifizMCLbmqN', '81dc9bdb52d04dc20036dbd8313ed055', 'tecnico'),
('735.847.736-31', 194, 'pMaBHLDBWkyQblyxANmtreLoAbZrMlXbXXDFIghFrFvsRTPr', '81dc9bdb52d04dc20036dbd8313ed055', 'docente'),
('737.783.242-85', 97, 'IYcvOqymkaTWNdiMYNYuSBzjBWUoeMUNLWjAnHMyHGuvJDiH', '81dc9bdb52d04dc20036dbd8313ed055', 'tecnico'),
('738.739.730-96', 155, 'nfNmMlaJuVKgKfDxzasAbXoqkjbVTZphecuRou', '81dc9bdb52d04dc20036dbd8313ed055', 'docente'),
('740.136.612-23', 124, 'iTJftzxSkLkrccDIOJsQWGxxFFiHjqcrjLwClUv', '81dc9bdb52d04dc20036dbd8313ed055', 'docente'),
('741.175.826-23', 101, 'fYRpMjBcwJwWKJZGELHPRCu', '81dc9bdb52d04dc20036dbd8313ed055', 'tecnico'),
('742.230.659-13', 167, 'ZmlOdoDwMSMQAyyNOlRDpeUXkIIsoKioXtcaIGxuyjlYIJMwUEakJUhT', '81dc9bdb52d04dc20036dbd8313ed055', 'tecnico'),
('744.262.126-83', 69, 'XdPkolBIGNbvNHqAeDyFPylShbEqduFayu', '81dc9bdb52d04dc20036dbd8313ed055', 'tecnico'),
('744.920.908-45', 276, 'XHMUHZOcavZoTvYRAuDuMhxqQbbL', '81dc9bdb52d04dc20036dbd8313ed055', 'tecnico'),
('744.930.694-42', 203, 'FgpbMVhsdHNPPhWUxUhkxtHLjrxfZPtFW', '81dc9bdb52d04dc20036dbd8313ed055', 'docente'),
('745.896.553-35', 297, 'DmbRycFuVdggBUkoNnYduNbaGNMAnatQnvILynftqmzShKgUXeXsSYtyMfZ', '81dc9bdb52d04dc20036dbd8313ed055', 'aluno'),
('745.997.792-70', 160, 'OnavMtQqiBOAHLMGGcISyzGsrCerqN', '81dc9bdb52d04dc20036dbd8313ed055', 'tecnico'),
('746.054.931-23', 42, 'Ecivaldo Matos ', '81dc9bdb52d04dc20036dbd8313ed055', 'docente'),
('747.250.373-16', 299, 'NydrwKmdMjBKdDNEaIUFGjLfeEQmUUOHtRYQClTpuvZy', '81dc9bdb52d04dc20036dbd8313ed055', 'tecnico'),
('748.874.662-77', 18, 'MARILUCE KARLA BOMFIM DE SOUZA', '81dc9bdb52d04dc20036dbd8313ed055', 'tecnico'),
('751.452.174-69', 64, 'mzBVBNJPOAWYLkSkXkgkcwQgrjSLnAhAZIvBwfq', '81dc9bdb52d04dc20036dbd8313ed055', 'docente'),
('757.500.908-86', 11, 'HaStMyKjehZvOpnLicNazEs', '81dc9bdb52d04dc20036dbd8313ed055', 'aluno'),
('757.855.119-46', 285, 'omSJfOkYaeuHSSkyquGtvSaACnmtoHoDTgmYVxWVCrDukOSBiyUErUeTiqnx', '81dc9bdb52d04dc20036dbd8313ed055', 'aluno'),
('760.532.943-87', 259, 'jCjHEFXgCNhkojJkmCEArRLDyIpXFiNOKXwpCtvehDpvMZGYBkyTbkxA', '81dc9bdb52d04dc20036dbd8313ed055', 'aluno'),
('761.378.295-92', 292, 'dyPAcKudiVodKewuFPPuRCcYYVKohFQkeFLhqfkybyCMD', '81dc9bdb52d04dc20036dbd8313ed055', 'aluno'),
('761.476.209-80', 285, 'uFjGyWkBLookOjRXpIgFSlDtGqfcwUDRzNxXJIzvWNFK', '81dc9bdb52d04dc20036dbd8313ed055', 'tecnico'),
('762.142.437-77', 224, 'SzPvZtGhGwLbMHTEpHNvMmBXkBJnUwy', '81dc9bdb52d04dc20036dbd8313ed055', 'docente'),
('762.417.827-17', 166, 'cRVBNyHxtFoZNFbRIozOkpphkOU', '81dc9bdb52d04dc20036dbd8313ed055', 'tecnico'),
('762.798.567-85', 10, 'fhUvVodGxdOZlJfEWqVkUjnZOkMCLDaQKVlGjpmHs', '81dc9bdb52d04dc20036dbd8313ed055', 'docente'),
('763.873.136-00', 42, 'FLÁVIO MORAIS DE ASSIS SILVA', '81dc9bdb52d04dc20036dbd8313ed055', 'docente'),
('764.933.233-16', 122, 'NOQNkYxrTYXdMVcSslwxNNXESIqOQuDDjuqtsNLmMIpyDsrWEOtrCqV', '81dc9bdb52d04dc20036dbd8313ed055', 'tecnico'),
('765.215.581-78', 132, 'ifukwpGuXhtnQmefDIMgUdpWQsJWT', '81dc9bdb52d04dc20036dbd8313ed055', 'tecnico'),
('765.470.614-40', 289, 'ueBOBHQLFKNhKwyuOLjbfAiVUWHqzZkUdMIFuyqZidgTAFooqxpvYyrSuYiU', '81dc9bdb52d04dc20036dbd8313ed055', 'tecnico'),
('767.350.652-68', 178, 'WJYaxuEvPpGPBYtKNeprkhWelxRAdzSaiRaGl', '81dc9bdb52d04dc20036dbd8313ed055', 'docente'),
('767.760.259-68', 100, 'qzqEgxTGTujDcjRkgDauvIwSyIEkRmCiMTNS', '81dc9bdb52d04dc20036dbd8313ed055', 'docente'),
('768.907.766-45', 75, 'PGnCfFsAVwispsgRlFpfwGmKjXxeKRBzyOcDtveoS', '81dc9bdb52d04dc20036dbd8313ed055', 'docente'),
('768.984.353-58', 119, 'hhRdYcjfqQGpenDoCexVWQJcxbOwqrsyykBxmKCDBjSGwwUZBsUxjDzGFodWFv', '81dc9bdb52d04dc20036dbd8313ed055', 'tecnico'),
('770.150.112-47', 52, 'GbhshlWYyQSnylewcHIVXcrWBrJEsfCYhJroVnmteeGCqLZstHoqKGnmYWQqbtp', '81dc9bdb52d04dc20036dbd8313ed055', 'tecnico'),
('770.967.853-61', 135, 'XJXtLPOIxNbddldBaAtZvqknoOamGESDoQXZGLHdyIhCUkdVL', '81dc9bdb52d04dc20036dbd8313ed055', 'aluno'),
('772.397.720-20', 80, 'EgCGQmWGFCAiQtzXzDHVxAoyPAlhkrMOxovoBsUgVvpMOPJ', '81dc9bdb52d04dc20036dbd8313ed055', 'aluno'),
('773.504.457-46', 166, 'XmNWnmYTSdMPRgyhmaEKhJccipPFKkoHwcEKoCDhGpWywvGIvkt', '81dc9bdb52d04dc20036dbd8313ed055', 'docente'),
('773.516.521-91', 257, 'mFjJVLcrQkUgGGfmFHweAyoXZhKxFFI', '81dc9bdb52d04dc20036dbd8313ed055', 'aluno'),
('773.658.773-46', 70, 'AwIneZNiClNrJZkRbOhejMfHhruNePaE', '81dc9bdb52d04dc20036dbd8313ed055', 'tecnico'),
('773.915.786-17', 84, 'QWrBbsmUHuVWVCfrQmViqQSdtPQ', '81dc9bdb52d04dc20036dbd8313ed055', 'tecnico'),
('778.456.175-87', 252, 'QzaLYNCVpmevIiRYYvuKOtXhfIUAMNTDmUpkH', '81dc9bdb52d04dc20036dbd8313ed055', 'docente'),
('778.632.702-59', 84, 'ZtEYKJXsVxMIiygEFXnOAPJKLUxqDaUDtzCeizxeXkMgITK', '81dc9bdb52d04dc20036dbd8313ed055', 'aluno'),
('781.318.985-04', 42, 'Eduardo Santana de Almeida ', '81dc9bdb52d04dc20036dbd8313ed055', 'docente'),
('781.337.936-21', 25, 'IjTrTKvDIbDADBmAyQTZKIraCANQwTEfdxwWhRAQSeqwFCWdtQdeyu', '81dc9bdb52d04dc20036dbd8313ed055', 'aluno'),
('781.362.702-95', 47, 'RbDkqDrWJWaeuiMcLmGBKycCuEpJnmbeoEpF', '81dc9bdb52d04dc20036dbd8313ed055', 'docente'),
('781.822.421-30', 98, 'bFVKqHVXABzPrbyYObGlHNVviNjYfvohakR', '81dc9bdb52d04dc20036dbd8313ed055', 'aluno'),
('784.854.280-54', 4, 'ttfeEEstplWZJhzrAANGpjAPdeDVodTIwYMbCfuRqrRayrrYRfFhogXskAnzDgh', '81dc9bdb52d04dc20036dbd8313ed055', 'aluno'),
('786.239.950-15', 42, 'Marcos Ennes Barreto ', '81dc9bdb52d04dc20036dbd8313ed055', 'docente'),
('787.908.595-17', 213, 'jkVjVhkhnYNpHGlETdOTawjcKFQFhUYrfTAab', '81dc9bdb52d04dc20036dbd8313ed055', 'aluno'),
('789.479.991-97', 183, 'YQdLqtNjgQMgPHTiyWdUBSXZIsNesMBrCEcTXPce', '81dc9bdb52d04dc20036dbd8313ed055', 'docente'),
('791.303.652-67', 248, 'DTfDqWsPhpQAwLrMQfFkpkpvzHjLnQX', '81dc9bdb52d04dc20036dbd8313ed055', 'docente'),
('791.449.748-38', 142, 'uEBEEFbsBTPKeuobnTaqhUTCayqujGpEkQjPvkiXeYIisXjFRjWZdQBeoRzy', '81dc9bdb52d04dc20036dbd8313ed055', 'aluno'),
('792.238.999-77', 300, 'fDwnOFSwUOFJLtaDEQMGfiurOHgWHSlMwH', '81dc9bdb52d04dc20036dbd8313ed055', 'aluno'),
('792.343.484-46', 239, 'BHPcIqaBUUwhgsiflrYrDsnEXtslPNarvPtdfuEaobhvtqAFIzXlRkQ', '81dc9bdb52d04dc20036dbd8313ed055', 'tecnico'),
('792.593.321-83', 172, 'vAIMNPVSimeBhmrJmcmEXamTubHXoxwJYewLUrEcDI', '81dc9bdb52d04dc20036dbd8313ed055', 'tecnico'),
('793.174.207-85', 220, 'cDNWTNIYUXgxNmxMoFPHWDXCQmqUthtvLhsFUbDPYJm', '81dc9bdb52d04dc20036dbd8313ed055', 'tecnico'),
('793.854.452-29', 260, 'sPgUzkMqlAfwZaTmndUCpTwxZZlRtwCLlJGLTsbfTgCShvevzZXP', '81dc9bdb52d04dc20036dbd8313ed055', 'docente'),
('794.772.974-85', 300, 'RIoYuuHeivkxzMnRLWyjKEiBKJpxIhLAQ', '81dc9bdb52d04dc20036dbd8313ed055', 'aluno'),
('797.760.335-80', 84, 'ERvpBcEiNVNgXHLpVhmBTkUBTwpFKeQ', '81dc9bdb52d04dc20036dbd8313ed055', 'docente'),
('798.109.709-31', 135, 'lakKIIotxCHGKGewGuSqWCfjFXXGGkoRkyCShRmEtUldAqAhKs', '81dc9bdb52d04dc20036dbd8313ed055', 'tecnico'),
('798.156.712-63', 26, 'zaxHYBFHJYETEvcAugqWkFOKdmyhWdtv', '81dc9bdb52d04dc20036dbd8313ed055', 'aluno'),
('798.194.706-66', 259, 'fKYYOtzMmCHvvxBpOVVSSHeFsGtxpZtuKrtyLSlYvStQqVgfQbXIJbnbHHzXH', '81dc9bdb52d04dc20036dbd8313ed055', 'aluno'),
('801.206.345-79', 74, 'SSRtjNlfanvWMOxKzhazXnRiKVWQjKncDfwMSIRTV', '81dc9bdb52d04dc20036dbd8313ed055', 'tecnico'),
('801.422.678-34', 128, 'DAKCtGisqBaYoKZtLxQrajPRwzGPhUiKuSnOy', '81dc9bdb52d04dc20036dbd8313ed055', 'aluno'),
('803.557.182-85', 141, 'qanXWYnARSFXJVMQTZQTeeXGXavxfnrvnEtjDHKuzpsikfZdePWiTUPRUlpZ', '81dc9bdb52d04dc20036dbd8313ed055', 'tecnico'),
('803.729.911-89', 10, 'hmtmSRQVFnjkreRlbSWQXUgWCzKmuEhBRAOJrEEXSNikSZwTSsJPnQLPpwcK', '81dc9bdb52d04dc20036dbd8313ed055', 'tecnico'),
('804.545.664-48', 91, 'ToCaqwOIHHIylCfmHAKbrLuirHXRotpiIRjYnYHVF', '81dc9bdb52d04dc20036dbd8313ed055', 'docente'),
('804.644.576-66', 95, 'EpcysDZNvuBPEztmVKbTlHWTQNIwooOTERrWv', '81dc9bdb52d04dc20036dbd8313ed055', 'docente'),
('807.259.698-23', 48, 'uAAyfUIVZHoOTcTxOcvdueUlfFaooiWIIxgOsOJrwYfpbZNQc', '81dc9bdb52d04dc20036dbd8313ed055', 'docente'),
('807.312.487-24', 17, 'kfutAqfjVdUWSFocAQuRMVgybFnnbvVlBqEbGJlCMfyFLNIlEd', '81dc9bdb52d04dc20036dbd8313ed055', 'docente'),
('809.249.485-71', 109, 'cJkGVsHlcmIqmuKPoTcqEEGStPHBlrwobHUWZBicOQsaldQzWTQBxxtQnbsz', '81dc9bdb52d04dc20036dbd8313ed055', 'aluno'),
('809.700.417-71', 199, 'HLNCQNixquRbpZiWsMWuEZxIZnx', '81dc9bdb52d04dc20036dbd8313ed055', 'aluno'),
('810.368.860-52', 35, 'TrBrWniMUCGHALXKXKtuzJoRSLGiDfcwxDOtRWfMyLtZxrKvbdPBNetGPaPs', '81dc9bdb52d04dc20036dbd8313ed055', 'tecnico'),
('810.544.475-61', 150, 'kchJmRhqdILHZvjnfXxrbfKhpfWOAAELDMuPECfHkRpkmyxswVJxauFp', '81dc9bdb52d04dc20036dbd8313ed055', 'aluno'),
('810.815.520-86', 223, 'qeMBAwqQVIznxkGLvaazlrficWXSvPDLTpntMDkHmJVJUBupCuON', '81dc9bdb52d04dc20036dbd8313ed055', 'tecnico'),
('815.839.306-92', 261, 'JUUdNVzAITtQbkZlKcpqrIjwIflzrhabbUfOQEoyyIpA', '81dc9bdb52d04dc20036dbd8313ed055', 'tecnico'),
('816.752.329-20', 42, 'NAILTON VIEIRA DE ANDRADE JUNIOR', '81dc9bdb52d04dc20036dbd8313ed055', 'aluno'),
('817.992.393-84', 64, 'ZqfYImztMLLyvgQJiCCVkV', '81dc9bdb52d04dc20036dbd8313ed055', 'aluno'),
('818.779.443-49', 98, 'qwjzyXpRYBUObRISsfpMWCNpcgePABwRYGqwEGoChjrjaZbsf', '81dc9bdb52d04dc20036dbd8313ed055', 'aluno'),
('818.968.281-40', 42, 'ADRIANO FIALHO CUNHA', '81dc9bdb52d04dc20036dbd8313ed055', 'aluno'),
('819.123.856-69', 299, 'QQbxEKhvrYWciYVatNlhNRqle', '81dc9bdb52d04dc20036dbd8313ed055', 'tecnico'),
('819.289.457-49', 71, 'CVaGPCyNBhfpmybNPDsRwqGzu', '81dc9bdb52d04dc20036dbd8313ed055', 'docente'),
('819.962.197-29', 23, 'AdJIaXxTSdEUcMaxixaMpDgutAjqFvigySOzPlsIpWCsIDPRbQDqtKLMkV', '81dc9bdb52d04dc20036dbd8313ed055', 'aluno'),
('825.684.118-33', 293, 'AusasGSAqNxgXiuaLzwxseplaCbIDpZdKsed', '81dc9bdb52d04dc20036dbd8313ed055', 'tecnico'),
('827.588.848-46', 294, 'hMYXLJDUSVSWxgWtlsNdsrOGZewCVRpcDnZoWDjPycLWjIquadysvm', '81dc9bdb52d04dc20036dbd8313ed055', 'aluno'),
('827.995.926-67', 230, 'cyokKJSjTFtlCynPVmCpjbvcmjSlfzzhX', '81dc9bdb52d04dc20036dbd8313ed055', 'aluno'),
('828.303.846-56', 35, 'fxNhyvOVQmfblNLXkFBkQlfXeINqzoKEMxMkTA', '81dc9bdb52d04dc20036dbd8313ed055', 'tecnico'),
('828.360.951-87', 103, 'ZpMsTdYcTaugLSVynuCKssvaCqQRnJznYmGRpEUjEpqqhlPvF', '81dc9bdb52d04dc20036dbd8313ed055', 'tecnico'),
('829.377.317-93', 31, 'eKnUWFCmCfElJtcKkFbDpMqAHuqXHmMMXaGUGigioKuXewIocKSrxjS', '81dc9bdb52d04dc20036dbd8313ed055', 'aluno'),
('830.627.738-10', 229, 'msRWuacdkDvGdwAJUcmPjBSqBfggQgYcyQYTQbWbFsHIPirJkEytfrJHwQ', '81dc9bdb52d04dc20036dbd8313ed055', 'tecnico'),
('831.343.332-66', 181, 'HcVMfvmHVYzeyHqWdMMeLVvDIzuXMasudnhiJtQ', '81dc9bdb52d04dc20036dbd8313ed055', 'aluno'),
('832.869.337-32', 264, 'qoDBbFBxmHskYmZZdhOPwLomhUcZiqJzEmbFSDdfkvpjIpiLxXB', '81dc9bdb52d04dc20036dbd8313ed055', 'tecnico'),
('833.967.148-38', 89, 'MbzHyQkzLOTkqXtQuxNEkTndDCUBEkqrlPYKGjjrXdCoaVevtRaELnI', '81dc9bdb52d04dc20036dbd8313ed055', 'aluno'),
('836.506.421-26', 179, 'hGEAtHquuNTTLtlXacPzMWrwlEmIXwredVFwDVRXIKRuecsffh', '81dc9bdb52d04dc20036dbd8313ed055', 'tecnico'),
('837.336.208-87', 42, 'DANIEL PEIXOTO BOTELHO', '81dc9bdb52d04dc20036dbd8313ed055', 'aluno'),
('841.107.132-84', 295, 'DbXxvmKTZCwkdCocTKVkDiMOYDF', '81dc9bdb52d04dc20036dbd8313ed055', 'aluno'),
('844.118.126-94', 45, 'ZdLUkkFWboZFykKPkyhHgXfOOeFPgBufFfZPqFMrUMWsWHi', '81dc9bdb52d04dc20036dbd8313ed055', 'tecnico'),
('844.120.458-37', 219, 'ZusmBgkKPEKmuqsXduDjLByrVYiWsyLsTdFukPeZtPlNfDLiXpsJQQa', '81dc9bdb52d04dc20036dbd8313ed055', 'docente'),
('844.149.151-41', 40, 'KbGpVkKXLfebcpGQZKdySZBluFcxIvftwMIrXtpIzuKBJrrIbu', '81dc9bdb52d04dc20036dbd8313ed055', 'aluno'),
('845.596.407-63', 1, 'sloBccUGWiVLWgTtUJLfZNkTYNKBepaxBpYDsSjobe', '81dc9bdb52d04dc20036dbd8313ed055', 'docente'),
('845.927.864-91', 234, 'wKomXVdJWJUwaGEgPeTrPVDgITXELS', '81dc9bdb52d04dc20036dbd8313ed055', 'tecnico'),
('846.422.466-50', 112, 'PJgzjeYFXdyCgQpoDFtiaMIuOslhNJtD', '81dc9bdb52d04dc20036dbd8313ed055', 'docente'),
('846.661.768-94', 9, 'ZhCrsgajwaUzYZzCnGoQDmIumCmSpiHoqkGIrHRNIMnGMMjZsxQWJyrW', '81dc9bdb52d04dc20036dbd8313ed055', 'tecnico'),
('846.943.482-32', 189, 'iqbqRsHvOcBuyNaiIzjgzZiJfvAcRNGZeHpVaXrOZSjxGj', '81dc9bdb52d04dc20036dbd8313ed055', 'aluno'),
('847.160.797-49', 133, 'UBlgGNfWBLKQyWUXeRkvzAXexjVBXsVSTgYATe', '81dc9bdb52d04dc20036dbd8313ed055', 'tecnico'),
('847.168.804-62', 25, 'lhgantRWAGqbQpndhJKBJMxqanhecLSnTYogsfdTMuVCKiGRSrtBeQR', '81dc9bdb52d04dc20036dbd8313ed055', 'docente'),
('847.770.314-29', 6, 'IAWEVsmeKngCCRLDBOtwXuDQYaHLmTCVtyzpRMtCZzeBrQfSEyoCTSsST', '81dc9bdb52d04dc20036dbd8313ed055', 'tecnico'),
('847.863.489-45', 42, 'ROSIMEIRE SOUSA DOS SANTOS', '81dc9bdb52d04dc20036dbd8313ed055', 'tecnico'),
('848.766.729-76', 278, 'cTlbPNvZQvOBOhdfzdGvKMBDZbuMLgHOaSQPGmPxHEYvLcBlgiHQUiuUkPGV', '81dc9bdb52d04dc20036dbd8313ed055', 'docente'),
('849.268.946-63', 252, 'hWCZihSVRFEnbQcwLmmZGVBDrruBoZxvVaveioZaTEoVvqrhCEgjAHMSZhtoh', '81dc9bdb52d04dc20036dbd8313ed055', 'tecnico'),
('850.167.243-26', 42, 'ARLINDO ELIAS PEREIRA JUNIOR', '81dc9bdb52d04dc20036dbd8313ed055', 'aluno'),
('850.301.178-27', 255, 'aGlwgJzftDVNCKrIpLTeTiBdGMURQewQKInQrMWLqSySCPA', '81dc9bdb52d04dc20036dbd8313ed055', 'tecnico'),
('850.631.918-79', 163, 'edjSTlzFPtpmNaRJwsOhTIKOdHGHCuDHxMzrYZWOtmbhnSQKkERdnCSqjyYMT', '81dc9bdb52d04dc20036dbd8313ed055', 'docente'),
('851.247.945-73', 119, 'yagISXSzQZPpuHhpLULntvPK', '81dc9bdb52d04dc20036dbd8313ed055', 'aluno'),
('851.379.440-39', 179, 'BtdlHOOEEzNNVbPMyvgOozGDKgvazMFbfInMwbrbAeOwgDj', '81dc9bdb52d04dc20036dbd8313ed055', 'tecnico'),
('852.584.398-22', 204, 'ktvdpVSHpbCUmvxMNSVdmvpgJQXlifRsznwOiovxqXsCtQph', '81dc9bdb52d04dc20036dbd8313ed055', 'aluno'),
('852.950.316-83', 193, 'ezdkUKUDIahczFtvylUKtmZiUiZSuQDzpHKjrEMaETceyvzXGuIaG', '81dc9bdb52d04dc20036dbd8313ed055', 'docente'),
('853.946.596-88', 99, 'NZsnsvvPPOwZgUVoaCDtAxlTIjLFMEpzEIMWdhMSWiSccNqcpUwQ', '81dc9bdb52d04dc20036dbd8313ed055', 'tecnico'),
('854.809.605-46', 129, 'WmAcZYOtYmKIILMynACGgrGVKMNzpicmvCpvBdOApyiYkV', '81dc9bdb52d04dc20036dbd8313ed055', 'tecnico'),
('855.552.415-16', 147, 'LTuiqMTGHXRINcMVSSjtPlAHxi', '81dc9bdb52d04dc20036dbd8313ed055', 'tecnico'),
('856.161.931-34', 201, 'ABXxXoCakhxNcoLLZCfeExjKEOBIKPXlqU', '81dc9bdb52d04dc20036dbd8313ed055', 'tecnico'),
('856.790.625-24', 70, 'pVXVFhRYoGhoAvBDKHZoiWLQoSHbwQ', '81dc9bdb52d04dc20036dbd8313ed055', 'docente'),
('859.863.870-25', 209, 'zDKzohmElCNKCmaXQBiyiKEvBrntkwF', '81dc9bdb52d04dc20036dbd8313ed055', 'docente'),
('862.696.730-35', 145, 'EjKRAvIzETHBEufdYFHrpSeNFRFoCU', '81dc9bdb52d04dc20036dbd8313ed055', 'aluno'),
('862.773.341-41', 136, 'NhGOGFDHlOpYKLhxUfDquKqECHwpVOEIWk', '81dc9bdb52d04dc20036dbd8313ed055', 'aluno'),
('863.650.787-33', 162, 'FvagTjWgZGjIcDLlmbgznfS', '81dc9bdb52d04dc20036dbd8313ed055', 'docente'),
('864.500.166-57', 51, 'hEupfDhOJjConCnSAtnUMFapElibpJFxoZMtDTincLBpoP', '81dc9bdb52d04dc20036dbd8313ed055', 'aluno'),
('865.307.442-98', 159, 'eXhcTmfCNNPziYioGzgCXxivOunaNmWSjeVdqbGdOvDXuLlalrDjOLEDfRETe', '81dc9bdb52d04dc20036dbd8313ed055', 'docente'),
('871.943.212-91', 246, 'zrtfcSCVCrvSaFLzLGMAkQQTYlMVsHKRYeWaXyWzQssQXdpJKbjURaO', '81dc9bdb52d04dc20036dbd8313ed055', 'docente'),
('872.391.296-39', 7, 'PWTWiBsntElPzuVmUOWcOHHaIjTZukRkgLgpmzCFdOvCjrPdfLfTsNUbWN', '81dc9bdb52d04dc20036dbd8313ed055', 'aluno'),
('879.385.277-77', 101, 'wLziDsFhLzvcOatjBgTDffKoUXhkhUFDGeMjxr', '81dc9bdb52d04dc20036dbd8313ed055', 'aluno'),
('881.246.543-95', 42, 'Ricardo Araujo Rios ', '81dc9bdb52d04dc20036dbd8313ed055', 'docente'),
('882.344.094-76', 42, 'DIEGO SILVA CUNHA', '81dc9bdb52d04dc20036dbd8313ed055', 'aluno'),
('883.539.236-66', 29, 'jStlPPqvOPhKQoOzqPhAtRJUpENOMuoWnIhcxyyloFW', '81dc9bdb52d04dc20036dbd8313ed055', 'docente'),
('883.766.103-82', 101, 'hHgmXCnFWbFiuSsMjsAGNsYbEFV', '81dc9bdb52d04dc20036dbd8313ed055', 'docente'),
('884.222.443-71', 39, 'wxqwLNMFJkWtgOiaTomdofwDBXxIr', '81dc9bdb52d04dc20036dbd8313ed055', 'docente'),
('886.460.221-98', 253, 'WoAZMKMIQGQqzTExicYjezfEJvyeCwNyLoyyZlgPSWfrQKPYMNi', '81dc9bdb52d04dc20036dbd8313ed055', 'docente'),
('888.335.897-06', 42, 'JOSINEI AZEVEDO DOS SANTOS', '81dc9bdb52d04dc20036dbd8313ed055', 'aluno'),
('891.665.254-62', 281, 'JEpwpOtIKiZiChVftmlqnDocfF', '81dc9bdb52d04dc20036dbd8313ed055', 'docente'),
('891.921.144-19', 197, 'pMLfFUWotkAMRxzaZZKNfBxsoHlkKrXadIfIDcXXnxKeUkfTkQGpre', '81dc9bdb52d04dc20036dbd8313ed055', 'docente'),
('893.897.941-21', 22, 'ejZBsHjPzrRSgKzYYOYHuHKFTXzNUGJYQJAiqKXPcPHizhhyWffrMQXGOwtId', '81dc9bdb52d04dc20036dbd8313ed055', 'tecnico'),
('894.198.350-93', 41, 'YvsCmDHgZnnqlXiAmzZwdXmOCrIIFEXEaq', '81dc9bdb52d04dc20036dbd8313ed055', 'aluno'),
('894.655.482-28', 126, 'fJDkSIeVlnHsPSgEQXUCEKciBLchhnGnXjyPSCLdQs', '81dc9bdb52d04dc20036dbd8313ed055', 'docente'),
('895.447.695-19', 23, 'oilXDrqadYsbsIJRctsLKKuMfBGzjLoyUzvyRMyVLRWdzFUCYnnJYIv', '81dc9bdb52d04dc20036dbd8313ed055', 'aluno'),
('896.346.366-55', 254, 'BnWdfHVCSAoFYglGQqrQJTtcBbWPqwiSJeVOM', '81dc9bdb52d04dc20036dbd8313ed055', 'docente'),
('896.474.637-13', 163, 'uHwEWebYILnlpvRFrpbNVKigdLazqckKKGpGKqFtcTErowWGLYtHI', '81dc9bdb52d04dc20036dbd8313ed055', 'docente'),
('899.927.812-84', 55, 'HmIkXCAlWnOgUaPQJKseZUyOIlJDaAxHMfSKItVEGKLBKArulJylDXZmiIP', '81dc9bdb52d04dc20036dbd8313ed055', 'tecnico'),
('899.945.945-83', 279, 'AkhqqzLAolFHBLyEZLNlsv', '81dc9bdb52d04dc20036dbd8313ed055', 'aluno'),
('899.988.850-51', 21, 'GowzUGnuvzneNtAuDDxwtP', '81dc9bdb52d04dc20036dbd8313ed055', 'tecnico'),
('900.496.324-79', 82, 'suJHIRDrAayosnYJKWPZYOMOQVInixWARFhAwLSWMqlfEjPogE', '81dc9bdb52d04dc20036dbd8313ed055', 'docente'),
('900.818.831-17', 223, 'dSwfxOVqbxKYmVnXDyCoGrhXjYRYOVVSOsXmhTDjqniCivAMTdazuiwDgoCUky', '81dc9bdb52d04dc20036dbd8313ed055', 'aluno'),
('901.359.585-66', 212, 'ggAdYlDDRgoazdCqNwxEOdKjccerE', '81dc9bdb52d04dc20036dbd8313ed055', 'aluno'),
('903.198.218-31', 59, 'rmRyAftGgANpksfMBaGnygjV', '81dc9bdb52d04dc20036dbd8313ed055', 'aluno'),
('903.859.309-26', 156, 'nleyaBwsoQLRZoLBjgShvVxXYvRQHbEUmItmkQFzGrrGFciPiaWDWu', '81dc9bdb52d04dc20036dbd8313ed055', 'aluno'),
('905.543.354-24', 145, 'yJoLCWQLjiwnbQxGtpStSpk', '81dc9bdb52d04dc20036dbd8313ed055', 'tecnico'),
('905.734.631-29', 274, 'LMUCvORaBGNWUJjDRmapLmEqiJlTnwtZinCEbuFDatA', '81dc9bdb52d04dc20036dbd8313ed055', 'docente'),
('906.126.964-72', 206, 'jPYuhepFpggibqHETKuyIvsKdgEfepInfHHmLWSadYjfpR', '81dc9bdb52d04dc20036dbd8313ed055', 'aluno'),
('907.224.782-18', 285, 'bTvnzagdoXanDLVHkEONyZQtKooSbtndnIqNIxQ', '81dc9bdb52d04dc20036dbd8313ed055', 'aluno'),
('907.791.137-15', 18, 'MjgZvMsJIgnAnmlJqGxRcSoeyFYlHbctlitHVLqESEegRqPhXmZaeoeCT', '81dc9bdb52d04dc20036dbd8313ed055', 'tecnico'),
('908.872.700-95', 42, 'IkkcMSiOeWufQvvTqTeorzUZJkUCTSABcKDPCMDGIXMzthsJbxYsXSsGdmiXeIz', '81dc9bdb52d04dc20036dbd8313ed055', 'docente'),
('909.733.982-43', 277, 'VqxnXpRbWTfpHxzrMpbGBDOnNOixNBWJStWPJOQGHV', '81dc9bdb52d04dc20036dbd8313ed055', 'aluno'),
('911.453.929-13', 176, 'byrQBfGPhOaUkKfikkRmKTCYNlTigVOiufYVlELtsMoCwtLH', '81dc9bdb52d04dc20036dbd8313ed055', 'docente'),
('911.529.582-40', 170, 'FhQwklJIrDKaradCEqvoUbbDFlyeNQdsXTPifyQxcAyuBBWfSruMtwqZHPeuFhN', '81dc9bdb52d04dc20036dbd8313ed055', 'docente'),
('912.745.348-45', 59, 'SomEMuFjOYjSaRvdMskOVEQDdVyOjTlchxGUSldG', '81dc9bdb52d04dc20036dbd8313ed055', 'tecnico'),
('913.113.418-10', 245, 'SYdDUHVYbAeTWMJCsZIuvskSnCNoUNgNMkrGSmFTMJMJwvmOvUjQnuIBWw', '81dc9bdb52d04dc20036dbd8313ed055', 'tecnico'),
('913.304.151-72', 87, 'TMeTQHSuOkatdtTrsqJYDyXeuzZGCJVvva', '81dc9bdb52d04dc20036dbd8313ed055', 'aluno'),
('915.531.375-21', 277, 'UUlRejWmtYANWVreYpxePGNUrQPPgWgbRsS', '81dc9bdb52d04dc20036dbd8313ed055', 'aluno'),
('918.122.827-39', 277, 'XAAFOVbNzcvIwhkzjmNXiwxFHcAISRBPrbvgWxTwzpeWwowFBjDJGaondPV', '81dc9bdb52d04dc20036dbd8313ed055', 'docente'),
('920.461.707-31', 222, 'lctQZEJyEkzZaSUQkmgAlNPLKtHfcTsoV', '81dc9bdb52d04dc20036dbd8313ed055', 'aluno'),
('920.596.415-55', 227, 'kXMxMsCdgspXMGGESuJpRwfkPfgrxGoHEbfrtHuzaKxMqdqjyZypvDAkIHCfnQ', '81dc9bdb52d04dc20036dbd8313ed055', 'docente'),
('921.812.422-76', 2, 'tqrGZKSjAyIhPaOucWklXgPUAqPqIBMcSdIROBbo', '81dc9bdb52d04dc20036dbd8313ed055', 'aluno'),
('922.126.967-19', 277, 'qFgfCWXopGZdWVKRdtqpyFDXnXSpVYYlDfrgbpurWtuSoeKrxaH', '81dc9bdb52d04dc20036dbd8313ed055', 'tecnico'),
('930.518.898-23', 172, 'YAUqgUvugYzVvBoDUQrohvldOwZnqhMoHHFOBaiHYH', '81dc9bdb52d04dc20036dbd8313ed055', 'docente'),
('932.320.610-51', 169, 'iGcdujbbUqWcDxWOsxHPMnzReONrrlGzSJ', '81dc9bdb52d04dc20036dbd8313ed055', 'docente'),
('932.331.185-85', 119, 'MqpUefhmKIKHXHczSJzyYQvqvzmIEdWr', '81dc9bdb52d04dc20036dbd8313ed055', 'tecnico'),
('933.568.516-74', 119, 'aRnRAjCTUCqdjRQkGThpzuSRUdNvByKCqY', '81dc9bdb52d04dc20036dbd8313ed055', 'aluno'),
('933.618.363-71', 281, 'wHkQHVqetJiJVjlWROmQSWj', '81dc9bdb52d04dc20036dbd8313ed055', 'tecnico'),
('933.632.329-46', 241, 'QtynHcDTDSQWqJNTDMRgNqtKaEGESc', '81dc9bdb52d04dc20036dbd8313ed055', 'docente'),
('935.339.235-93', 292, 'OdokPqWwjAMRoiEBJCMlmZfIxSFLaBtOFHZuXVRhwDZKMDmwg', '81dc9bdb52d04dc20036dbd8313ed055', 'docente'),
('935.703.522-54', 245, 'hPKwZTWflnuImQEHYUHZKSXeDYamxzdEpOaoIXuTkPCxFheDbLDLDBQhA', '81dc9bdb52d04dc20036dbd8313ed055', 'aluno'),
('936.617.192-66', 257, 'SPhbYBCFMmoxstxuBEYHUHbXyXTbcAxVqEXogzU', '81dc9bdb52d04dc20036dbd8313ed055', 'tecnico'),
('936.910.847-62', 225, 'CRqPMgRFhltRSqLQIXAjEmDpbtmVkQh', '81dc9bdb52d04dc20036dbd8313ed055', 'tecnico'),
('937.314.573-12', 44, 'vzrFQKbZJAvBakywjkXXEHNhtXeGyfmUEDzvoAvXaQybbXyl', '81dc9bdb52d04dc20036dbd8313ed055', 'docente'),
('939.441.232-85', 192, 'epvaIuOZlsnksrZNwvSrom', '81dc9bdb52d04dc20036dbd8313ed055', 'docente'),
('940.383.680-74', 25, 'JQBVZfwNePrZNikpuBQLgQsTeLPutAPcrqXrwu', '81dc9bdb52d04dc20036dbd8313ed055', 'docente'),
('940.702.717-10', 196, 'BMSLwRsXwPGtlPfkhqbAEAqqdQmLAmDcZwNwngtKVadgPirXzsxeTNuWEH', '81dc9bdb52d04dc20036dbd8313ed055', 'aluno'),
('942.690.264-92', 24, 'drIlYHlfobwGnvtocIJOiIFxtgtbqpSuGAFEiRJxSgdgBwuDfernMXKg', '81dc9bdb52d04dc20036dbd8313ed055', 'aluno'),
('943.624.572-57', 80, 'KtLPjGZfEfdaRIUmvSXDllbSBgOfHqNsKyhTegZJmcJdKEpgw', '81dc9bdb52d04dc20036dbd8313ed055', 'tecnico'),
('944.515.331-51', 122, 'LVsQrnEZQmwKSZzUqdCOgQVsaDpyRNYCIrsaEXZvjvgc', '81dc9bdb52d04dc20036dbd8313ed055', 'tecnico'),
('944.730.525-29', 204, 'oTmRQPHdfCwnWSYdkDYlhNkRaWOLvZbJSoA', '81dc9bdb52d04dc20036dbd8313ed055', 'tecnico'),
('945.485.314-85', 105, 'aTPjWmJoaKdbEqnEIrYdVKdjIVffiXXiRMrOYbcZLgbqwpUeGThCDlLmhR', '81dc9bdb52d04dc20036dbd8313ed055', 'aluno'),
('945.761.416-00', 42, 'JOÃO VITOR DOS SANTOS HONORATO', '81dc9bdb52d04dc20036dbd8313ed055', 'aluno'),
('945.848.443-84', 247, 'sqUsCPkkxxMhCjPfiENfvKRNcJKTcBBvRvNtkYEHvrPXAFdIj', '81dc9bdb52d04dc20036dbd8313ed055', 'docente'),
('950.408.325-74', 95, 'vSlNSXQBvaAwhOaMerkBAFcptamLnXtIQEvJBmkWmLsuAtgFK', '81dc9bdb52d04dc20036dbd8313ed055', 'docente'),
('951.293.884-38', 154, 'CbkCOvvNigpmvqKWFJzYCJmDNm', '81dc9bdb52d04dc20036dbd8313ed055', 'docente'),
('953.462.249-68', 171, 'YhYGAqVabIWoarYFkzgpukGDcVBxejgdqfKQwFRxoNLofKUpjaE', '81dc9bdb52d04dc20036dbd8313ed055', 'tecnico'),
('955.262.912-86', 1, 'EDVALDO DE SOUZA', '81dc9bdb52d04dc20036dbd8313ed055', 'tecnico'),
('955.854.556-45', 26, 'rrHDczoNfvPoorNzynolyvHqqdohEIaVZIzchNPniFBxWoXvClHaGoqWrF', '81dc9bdb52d04dc20036dbd8313ed055', 'tecnico'),
('956.332.121-14', 218, 'hHyoaoPbnGNghMtfBpxAOsHzTuwgvzeDgCSgRHieoVkvIDBjTYKIqshkMDqidu', '81dc9bdb52d04dc20036dbd8313ed055', 'aluno'),
('956.851.638-54', 290, 'PGbFjHmGdlKBVNgdfrIKAyPFArCrWcfLJgrSODyROjtKWANcSwMtUB', '81dc9bdb52d04dc20036dbd8313ed055', 'docente'),
('957.692.364-18', 146, 'VITcrWDXHpUDGdBUiActsazurvrZKwSFfMIxIlupApThsubAUeUnftHwOYv', '81dc9bdb52d04dc20036dbd8313ed055', 'aluno'),
('959.835.286-35', 47, 'YHbAjolezDXEkomzFGBdrNTBWXyMiNEhvFHEUSJtvGXGVkgAQHEiuxJrv', '81dc9bdb52d04dc20036dbd8313ed055', 'tecnico'),
('961.721.179-86', 159, 'VpJCEgcyMpShPglCzMXdquzJkDHUHzDDOngttiRfyKnnRzQqlNu', '81dc9bdb52d04dc20036dbd8313ed055', 'tecnico'),
('961.785.200-43', 19, 'kOVqesLXjYOBKVRFdQqBghBAiPxWVRLfFGwJZhHjgwLRsCwwsNXzUzZ', '81dc9bdb52d04dc20036dbd8313ed055', 'tecnico'),
('963.247.822-44', 131, 'woeVvwIiracSoKibKdPUibhTE', '81dc9bdb52d04dc20036dbd8313ed055', 'tecnico'),
('964.748.017-27', 42, 'Sérgio Gorender ', '81dc9bdb52d04dc20036dbd8313ed055', 'docente'),
('965.566.605-15', 74, 'xxvNkptSmlAanmVgfeAVpaCNjcLKFPXc', '81dc9bdb52d04dc20036dbd8313ed055', 'tecnico'),
('967.128.642-62', 3, 'rNXNOJVSBLwJSKywHprKNcvXSpWTUANloLZduVVVGsEzcdVKsmugoQegfaa', '81dc9bdb52d04dc20036dbd8313ed055', 'docente');
INSERT INTO `pessoa` (`cpf`, `orgao_codigo`, `nome`, `senha`, `role`) VALUES
('969.509.507-71', 107, 'mmZzmOtSHjJArXYZBZWoNwGtUEr', '81dc9bdb52d04dc20036dbd8313ed055', 'docente'),
('969.897.744-89', 187, 'rLNXltrMWeDMkrCSCAloDXTEBsCvdw', '81dc9bdb52d04dc20036dbd8313ed055', 'tecnico'),
('970.611.688-18', 272, 'QnczikMbdEXWADITeUrwdnJmVflzNqYEDbeMlQNpuLm', '81dc9bdb52d04dc20036dbd8313ed055', 'tecnico'),
('971.934.176-50', 119, 'xiqKsHayaYbHxZkfJccoVUgYKFXGKuaiCqTVXT', '81dc9bdb52d04dc20036dbd8313ed055', 'aluno'),
('973.250.148-88', 264, 'BQSPWCEppcJwhCFviiDhvWvZnAXvDRPeHITDky', '81dc9bdb52d04dc20036dbd8313ed055', 'aluno'),
('973.873.487-64', 53, 'vPvfRytNsALdfJJQdJYGaRCXLWWEtBUPrpU', '81dc9bdb52d04dc20036dbd8313ed055', 'aluno'),
('974.256.541-30', 123, 'QmzvfxgTanVBiijynGzTdIwOuSNErZlilLEqiLkiZgKhoTGBAf', '81dc9bdb52d04dc20036dbd8313ed055', 'tecnico'),
('974.847.730-29', 275, 'DOiUbqxkLXWFaXfvfBYlQAgaZSYQDjPhYXbZozkaxgFxeLSknRvdsCdrvciYmXfk', '81dc9bdb52d04dc20036dbd8313ed055', 'aluno'),
('975.016.952-29', 42, 'LUIZ FELIPE ROSARIO', '81dc9bdb52d04dc20036dbd8313ed055', 'aluno'),
('975.827.966-16', 12, 'ANA THEREZA CAVALCANTI ROCHA', '81dc9bdb52d04dc20036dbd8313ed055', 'tecnico'),
('977.694.425-15', 66, 'NuHktKexsKiWkeybmuCXgOvmXMlFfoySJgddQhAjSJfcNEdaZFXgutssgDY', '81dc9bdb52d04dc20036dbd8313ed055', 'aluno'),
('978.174.815-14', 60, 'NYSGInyKGTtKpcxNYFnpAZZgSufXjiHXgADPNcAuVUfkXCXVhllH', '81dc9bdb52d04dc20036dbd8313ed055', 'docente'),
('978.647.927-86', 222, 'XDsjwpyCFjpTMKAFXRwkBURkNJjsFbbCFtMcJkEouTihEIMBAj', '81dc9bdb52d04dc20036dbd8313ed055', 'docente'),
('981.530.665-98', 66, 'EahVuGiJltPjpkpKxzvztKjHWBGviFRMGYIbFRKQ', '81dc9bdb52d04dc20036dbd8313ed055', 'tecnico'),
('984.105.304-62', 100, 'lgrZUnGErkoEGBpFuSObgPuvLSuLeYZpf', '81dc9bdb52d04dc20036dbd8313ed055', 'tecnico'),
('984.205.843-18', 132, 'SplHKHuSNKfiaQfGzFEcoRFcdgbkXfSPvewgLRYyBeHBVNhusM', '81dc9bdb52d04dc20036dbd8313ed055', 'docente'),
('984.321.267-81', 149, 'MsQhJkAxVMkEcJhuaeYPxqrOmMNyWCgJVXQFiqcddmIfWQAWU', '81dc9bdb52d04dc20036dbd8313ed055', 'tecnico'),
('984.540.777-35', 112, 'pPwysdNCQZvGkTFmbDdwQcttfwsEjHszxOXPSLsJLNpVHViIymfooyI', '81dc9bdb52d04dc20036dbd8313ed055', 'tecnico'),
('985.900.130-29', 53, 'YfwvNHywQgzhTjgoGUuWqkKt', '81dc9bdb52d04dc20036dbd8313ed055', 'aluno'),
('986.282.471-43', 170, 'scGtRSvHfYmEqqpAnhzZMFhEVLDghWGzYmTQfoylnKQ', '81dc9bdb52d04dc20036dbd8313ed055', 'docente'),
('987.463.582-56', 115, 'cNQujJjfKeDSUWrjjZAxJgZnUbnpDNDFB', '81dc9bdb52d04dc20036dbd8313ed055', 'docente'),
('987.706.177-64', 283, 'SbBOdLMgBXzOWMrLOHuACTtCecBNhh', '81dc9bdb52d04dc20036dbd8313ed055', 'aluno'),
('988.951.142-36', 112, 'sekovAgimYlkyuQvWchUqCEXXLWUOlygqJuMkAVwzgHYBx', '81dc9bdb52d04dc20036dbd8313ed055', 'aluno'),
('989.240.876-60', 137, 'CFTjPKRLaVeKeOFnZBeOOVGKeDJmwnKZSDjHnasoW', '81dc9bdb52d04dc20036dbd8313ed055', 'tecnico'),
('990.373.433-33', 181, 'aRzgmzGZeHeNURjWikwnZStDbYCrrQhsHGyUgeUlLYYGQiCZtZmtSGWU', '81dc9bdb52d04dc20036dbd8313ed055', 'tecnico'),
('991.929.938-50', 31, 'gRwItgvBVXPifujqCqKwvZwyopxkmUCsMZbg', '81dc9bdb52d04dc20036dbd8313ed055', 'aluno'),
('996.420.622-97', 106, 'bVZucbcKioFgMYAyhxtOXxsDMwDfaBtcx', '81dc9bdb52d04dc20036dbd8313ed055', 'tecnico'),
('997.589.331-86', 82, 'JxRQQqrKqMYUmpayNmHmHpz', '81dc9bdb52d04dc20036dbd8313ed055', 'aluno'),
('998.959.384-58', 122, 'WbiyGvqkIuJyXZsWUFVAwDhxlmxiCZNzaWXHroSaJBzGARD', '81dc9bdb52d04dc20036dbd8313ed055', 'aluno'),
('999.418.741-71', 216, 'JkFlUVrRSajUUuzsLyjIzontFQtYBdWlnCwhxNYpNikICKaoijWHxkbdaubCyYN', '81dc9bdb52d04dc20036dbd8313ed055', 'aluno'),
('999.552.473-67', 274, 'RujQnuNtdrnbnbKPGEdICuJDBKDbgksXFBOS', '81dc9bdb52d04dc20036dbd8313ed055', 'docente');

-- --------------------------------------------------------

--
-- Table structure for table `processo`
--

CREATE TABLE IF NOT EXISTS `processo` (
`codigo` bigint(20) NOT NULL,
  `situacao` varchar(45) NOT NULL DEFAULT 'ativo',
  `descricao` tinytext NOT NULL,
  `data_criacao` date NOT NULL,
  `codigo_requerimento` bigint(20) NOT NULL,
  `pessoa_cpf` varchar(15) NOT NULL
) ENGINE=InnoDB AUTO_INCREMENT=230669910256552 DEFAULT CHARSET=utf8;

--
-- Dumping data for table `processo`
--

INSERT INTO `processo` (`codigo`, `situacao`, `descricao`, `data_criacao`, `codigo_requerimento`, `pessoa_cpf`) VALUES
(2306685028723, 'ativo', 'leo euismod ut nulla, ligula. ', '0000-00-00', 1026, '274.129.611-44'),
(23066137575557, 'desativo', 'sapien amet suscipit iaculis ante, integer fames eu. ', '0000-00-00', 1277, '108.377.274-35'),
(23066173838957, 'ativo', 'donec ligula sem augue duis, vitae faucibus eros. ', '0000-00-00', 1033, '112.859.463-85'),
(23066196141737, 'desativo', 'ante vehicula pulvinar eu justo, curae ut ipsum. ', '0000-00-00', 1006, '199.268.147-93'),
(23066212103429, 'desativo', 'aenean urna taciti lectus, enim himenaeos. ', '0000-00-00', 1184, '340.420.619-32'),
(23066222889820, 'desativo', 'odio accumsan placerat malesuada nunc, faucibus gravida. ', '0000-00-00', 1075, '285.473.847-07'),
(23066260147794, 'desativo', 'risus orci etiam consectetur dictum, tellus lobortis. ', '0000-00-00', 1164, '285.953.387-31'),
(23066264959639, 'desativo', 'pulvinar nulla gravida semper, fames eros. ', '0000-00-00', 1213, '136.924.973-30'),
(23066278222893, 'ativo', 'vulputate donec semper venenatis, quam. ', '0000-00-00', 1136, '353.421.607-46'),
(23066289958986, 'desativo', 'diam pharetra lorem non suspendisse velit, cras aptent curabitur. ', '0000-00-00', 1295, '232.829.862-77'),
(23066302516411, 'desativo', 'morbi velit mollis augue urna fringilla, lacus viverra dolor. ', '0000-00-00', 1245, '215.289.933-26'),
(23066327415528, 'ativo', 'vulputate class magna diam pellentesque, tortor aliquam diam. ', '0000-00-00', 1267, '030.713.072-09'),
(23066341601863, 'desativo', 'iaculis suspendisse porttitor luctus, fringilla proin. ', '0000-00-00', 1070, '121.908.685-54'),
(23066360756130, 'desativo', 'placerat in platea eu morbi, amet scelerisque felis. ', '0000-00-00', 1029, '380.503.528-18'),
(23066388952464, 'ativo', 'in ultricies felis nam nostra egestas, inceptos erat taciti faucibus. ', '0000-00-00', 1278, '159.207.635-15'),
(23066389438761, 'desativo', 'sagittis enim felis magna, odio malesuada. ', '0000-00-00', 1186, '353.257.629-97'),
(23066415675938, 'ativo', 'convallis hac tempor aenean varius nibh, vehicula lacus maecenas. ', '0000-00-00', 1258, '186.278.994-77'),
(23066421188430, 'desativo', 'erat egestas viverra praesent risus orci, fusce habitasse pellentesque. ', '0000-00-00', 1022, '346.727.936-22'),
(23066434915541, 'desativo', 'sodales inceptos euismod aliquam, dolor fermentum. ', '0000-00-00', 1060, '167.952.508-30'),
(23066454236903, 'desativo', 'fames nec elit nostra inceptos, vulputate ultrices. ', '0000-00-00', 1119, '319.117.435-33'),
(23066454400149, 'ativo', 'senectus consectetur enim tristique, lorem eget. ', '0000-00-00', 1247, '199.819.600-68'),
(23066485515851, 'ativo', 'porta molestie vivamus eros at, class tincidunt. ', '0000-00-00', 1068, '394.258.837-53'),
(23066487903813, 'ativo', 'eros ornare vulputate ultrices, maecenas tristique. ', '0000-00-00', 1047, '341.423.982-25'),
(23066575177278, 'ativo', 'justo lectus tempor consequat, ante. ', '0000-00-00', 1237, '164.983.244-20'),
(23066575756426, 'ativo', 'tellus leo interdum primis, vehicula primis. ', '0000-00-00', 1026, '241.603.154-46'),
(23066577476865, 'desativo', 'ligula tempus primis habitant litora, id gravida. ', '0000-00-00', 1214, '329.377.439-26'),
(23066603661814, 'desativo', 'iaculis augue viverra dapibus, lorem nisi, curabitur eros. ', '0000-00-00', 1220, '383.126.539-75'),
(23066609710221, 'ativo', 'viverra inceptos dolor consequat, donec eleifend hendrerit quam, placerat scelerisque. ', '0000-00-00', 1130, '228.441.375-41'),
(23066617670802, 'ativo', 'ultricies varius congue pellentesque hac, class sem sociosqu. ', '0000-00-00', 1013, '155.768.432-16'),
(23066682538205, 'ativo', 'sagittis aenean mattis laoreet feugiat, phasellus nunc. ', '0000-00-00', 1219, '227.946.163-26'),
(23066697041159, 'ativo', 'dui rutrum netus fames tellus cras, nam hendrerit urna sollicitudin. ', '0000-00-00', 1028, '142.488.457-36'),
(23066711659948, 'ativo', 'lorem auctor interdum donec urna, luctus nulla turpis. ', '0000-00-00', 1128, '397.259.952-97'),
(23066719973438, 'ativo', 'dolor aliquam fringilla class nam, id hac. ', '0000-00-00', 1231, '122.919.856-85'),
(23066776145842, 'desativo', 'imperdiet dapibus in suspendisse, venenatis. ', '0000-00-00', 1211, '366.442.466-67'),
(23066820828966, 'ativo', 'sodales aptent lectus neque urna, aenean euismod nisi. ', '0000-00-00', 1043, '213.382.818-32'),
(23066823597959, 'desativo', 'iaculis himenaeos pulvinar ad vitae congue, dolor arcu netus. ', '0000-00-00', 1111, '111.200.172-34'),
(23066830127902, 'ativo', 'iaculis venenatis himenaeos hac purus, suspendisse potenti. ', '0000-00-00', 1110, '118.994.760-86'),
(23066841534992, 'desativo', 'mi arcu volutpat porta, proin. ', '0000-00-00', 1066, '128.157.176-76'),
(23066872697979, 'desativo', 'nisl velit viverra molestie, nibh fermentum. ', '0000-00-00', 1271, '114.498.741-12'),
(23066894773243, 'desativo', 'malesuada commodo erat purus elit, sociosqu diam cursus. ', '0000-00-00', 1010, '302.664.110-92'),
(23066919261202, 'ativo', 'curabitur justo pulvinar erat donec, risus euismod. ', '0000-00-00', 1241, '360.703.828-48'),
(23066942540433, 'ativo', 'inceptos sodales dui imperdiet habitasse, condimentum augue. ', '0000-00-00', 1024, '255.665.100-82'),
(23066951514873, 'ativo', 'diam elit integer amet convallis sed, adipiscing nec aliquam. ', '0000-00-00', 1174, '244.490.568-78'),
(23066960680874, 'ativo', 'porta accumsan lorem maecenas, magna etiam. ', '0000-00-00', 1045, '248.859.488-19'),
(23066968887434, 'ativo', 'adipiscing ornare viverra faucibus litora, vitae vulputate augue. ', '0000-00-00', 1280, '361.989.628-92'),
(23066994613288, 'desativo', 'duis per suscipit imperdiet id, torquent ornare eu. ', '0000-00-00', 1010, '380.560.209-24'),
(230661062779249, 'ativo', 'ultricies pretium aliquam amet fames magna, mauris condimentum mollis. ', '0000-00-00', 1020, '263.175.647-31'),
(230661063275799, 'ativo', 'tempus vehicula in ut curabitur nostra, quam curae platea. ', '0000-00-00', 1096, '202.423.825-42'),
(230661068754251, 'desativo', 'luctus litora rutrum habitant ullamcorper quisque, porta cursus nec. ', '0000-00-00', 1058, '148.715.525-89'),
(230661112381674, 'ativo', 'dictum quisque nisi ultrices orci curae, iaculis pharetra sed. ', '0000-00-00', 1210, '348.035.645-15'),
(230661142439517, 'desativo', 'sapien pharetra urna odio, tincidunt dui. ', '0000-00-00', 1247, '352.759.607-39'),
(230661164281382, 'desativo', 'venenatis placerat nibh iaculis ultrices, tempus potenti conubia. ', '0000-00-00', 1141, '304.928.285-23'),
(230661171725237, 'ativo', 'fames tincidunt tortor class ipsum lectus, sapien nullam est nullam. ', '0000-00-00', 1043, '342.355.218-29'),
(230661258662194, 'ativo', 'laoreet pharetra tempus dictum, nulla et. ', '0000-00-00', 1043, '163.448.434-53'),
(230661302191051, 'desativo', 'integer nulla sociosqu sagittis vestibulum malesuada, mi bibendum ac. ', '0000-00-00', 1242, '181.172.163-28'),
(230661372017474, 'desativo', 'faucibus rutrum metus ultricies, ornare ut. ', '0000-00-00', 1210, '128.123.493-33'),
(230661400209737, 'ativo', 'laoreet tellus class velit, a hac senectus curabitur, arcu ultrices. ', '0000-00-00', 1165, '367.255.616-42'),
(230661415425620, 'desativo', 'iaculis tellus conubia taciti, placerat ligula. ', '0000-00-00', 1003, '173.655.934-57'),
(230661447246586, 'ativo', 'imperdiet curae integer etiam, habitant habitasse. ', '0000-00-00', 1271, '160.258.863-76'),
(230661474123231, 'desativo', 'rutrum litora volutpat libero interdum, arcu nullam sollicitudin. ', '0000-00-00', 1086, '124.698.160-59'),
(230661502443896, 'desativo', 'duis porttitor torquent semper commodo mauris, velit mollis inceptos. ', '0000-00-00', 1189, '186.177.406-63'),
(230661542456389, 'ativo', 'velit nibh ullamcorper egestas cubilia nullam, imperdiet nisi arcu. ', '0000-00-00', 1258, '117.538.245-08'),
(230661575365167, 'desativo', 'nisi phasellus velit ut amet curabitur, bibendum ornare interdum. ', '0000-00-00', 1184, '284.289.930-66'),
(230661626044268, 'ativo', 'neque sociosqu nulla volutpat, congue. ', '0000-00-00', 1049, '235.878.591-85'),
(230661652462647, 'ativo', 'quisque inceptos diam eget, vehicula elit. ', '0000-00-00', 1042, '177.181.612-26'),
(230661728054084, 'desativo', 'laoreet viverra diam tortor aliquam quisque, posuere suscipit pulvinar. ', '0000-00-00', 1132, '312.639.482-19'),
(230661794506432, 'ativo', 'cubilia rhoncus vel quisque sociosqu, dapibus etiam enim. ', '0000-00-00', 1021, '375.137.366-77'),
(230661796535284, 'ativo', 'conubia scelerisque suspendisse ullamcorper, vestibulum porta. ', '0000-00-00', 1178, '390.972.254-81'),
(230661822455226, 'desativo', 'nam hendrerit placerat metus, scelerisque. ', '0000-00-00', 1241, '139.843.772-59'),
(230661847917289, 'ativo', 'eget id volutpat metus, elit. ', '0000-00-00', 1215, '336.339.485-94'),
(230661893539276, 'desativo', 'eu taciti potenti arcu sodales, phasellus lobortis. ', '0000-00-00', 1062, '178.608.287-07'),
(230661940818228, 'ativo', 'porttitor ipsum tristique fusce eros, vitae inceptos. ', '0000-00-00', 1213, '234.350.718-91'),
(230661995982044, 'desativo', 'dictum amet egestas varius metus, dictumst sit. ', '0000-00-00', 1052, '250.119.790-71'),
(230661997087984, 'ativo', 'neque nisl velit enim, justo. ', '0000-00-00', 1236, '203.929.711-62'),
(230662054885989, 'desativo', 'eget rhoncus mattis vulputate lobortis, ultricies donec. ', '0000-00-00', 1119, '245.253.998-16'),
(230662099141068, 'desativo', 'inceptos orci aptent viverra commodo, mollis scelerisque. ', '0000-00-00', 1170, '372.578.238-46'),
(230662104887930, 'ativo', 'conubia ornare turpis blandit, pretium. ', '0000-00-00', 1269, '387.956.214-91'),
(230662110238078, 'desativo', 'nullam nunc class donec ultrices, odio class fames. ', '0000-00-00', 1255, '124.714.801-11'),
(230662168681280, 'ativo', 'duis et sagittis tristique tempor, a torquent. ', '0000-00-00', 1241, '128.101.559-97'),
(230662181397285, 'desativo', 'hendrerit lacus malesuada eu porttitor tempus, aliquam rhoncus ipsum enim. ', '0000-00-00', 1155, '272.516.151-93'),
(230662197557291, 'desativo', 'pellentesque integer ipsum etiam nisi, id sed hac. ', '0000-00-00', 1136, '206.136.675-90'),
(230662198357459, 'desativo', 'erat porttitor class amet senectus, nostra phasellus. ', '0000-00-00', 1071, '154.827.141-57'),
(230662257818299, 'desativo', 'porttitor massa faucibus amet erat taciti, himenaeos cras ut sapien. ', '0000-00-00', 1257, '299.166.967-37'),
(230662292173621, 'desativo', 'iaculis quisque maecenas pulvinar porttitor, volutpat elementum faucibus. ', '0000-00-00', 1298, '180.886.132-67'),
(230662299053576, 'ativo', 'et suscipit risus a neque molestie, feugiat inceptos accumsan leo. ', '0000-00-00', 1149, '376.806.542-80'),
(230662335698813, 'ativo', 'pulvinar mi rutrum massa lobortis, tortor pharetra nam. ', '0000-00-00', 1035, '031.111.123-81'),
(230662388333924, 'ativo', 'consectetur iaculis pretium fringilla nisi, nibh urna nec. ', '0000-00-00', 1159, '126.806.605-98'),
(230662507631337, 'desativo', 'suscipit duis euismod dictumst aptent, nulla condimentum conubia. ', '0000-00-00', 1211, '154.982.600-10'),
(230662539425870, 'ativo', 'venenatis pellentesque cursus venenatis senectus purus, rhoncus senectus urna vestibulum. ', '0000-00-00', 1139, '153.864.932-91'),
(230662572937248, 'desativo', 'quisque ut sem himenaeos gravida, accumsan donec. ', '0000-00-00', 1093, '119.553.704-92'),
(230662590083962, 'desativo', 'eu nisl ipsum ultrices tincidunt, quis mi. ', '0000-00-00', 1228, '263.300.874-72'),
(230662591225073, 'desativo', 'ante interdum torquent ultrices ligula eros, diam hac nunc. ', '0000-00-00', 1150, '139.326.344-71'),
(230662631499735, 'ativo', 'elit ipsum senectus ac, est pharetra. ', '0000-00-00', 1259, '249.714.884-66'),
(230662681486771, 'desativo', 'litora primis odio aliquet ad, adipiscing et. ', '0000-00-00', 1178, '351.238.564-65'),
(230662808423470, 'desativo', 'vestibulum mollis semper inceptos, donec convallis. ', '0000-00-00', 1070, '130.740.802-71'),
(230662824892899, 'ativo', 'lorem ornare molestie scelerisque cursus, cubilia torquent molestie. ', '0000-00-00', 1123, '330.664.561-89'),
(230662855347344, 'desativo', 'varius consequat scelerisque nunc nullam, aenean duis. ', '0000-00-00', 1170, '317.880.628-34'),
(230662999605570, 'ativo', 'sociosqu urna taciti lacinia, amet. ', '0000-00-00', 1286, '346.309.416-32'),
(230663075935711, 'ativo', 'congue ornare himenaeos proin dictum, molestie maecenas ipsum. ', '0000-00-00', 1169, '202.217.628-68'),
(230663086172489, 'ativo', 'dictumst porttitor cras imperdiet fusce felis, malesuada rutrum nec. ', '0000-00-00', 1116, '341.471.660-30'),
(230663093411061, 'desativo', 'cubilia faucibus curabitur nulla, ac. ', '0000-00-00', 1022, '157.241.766-25'),
(230663172707214, 'ativo', 'varius laoreet molestie aenean etiam cubilia, himenaeos ultricies quis. ', '0000-00-00', 1081, '318.682.233-67'),
(230663210779274, 'ativo', 'posuere vel eget feugiat rhoncus ultricies, sagittis condimentum vehicula molestie. ', '0000-00-00', 1239, '183.923.399-80'),
(230663237227980, 'ativo', 'in aenean etiam suscipit turpis, lectus donec curae. ', '0000-00-00', 1185, '245.974.829-64'),
(230663280048759, 'desativo', 'vestibulum aptent in laoreet, venenatis. ', '0000-00-00', 1043, '273.284.786-38'),
(230663283568670, 'ativo', 'est morbi malesuada habitant, rhoncus senectus. ', '0000-00-00', 1036, '242.831.861-63'),
(230663291376628, 'desativo', 'facilisis consectetur vel nibh, fringilla. ', '0000-00-00', 1118, '233.471.996-84'),
(230663318212051, 'ativo', 'duis primis netus donec maecenas elit, fusce imperdiet condimentum posuere. ', '0000-00-00', 1250, '178.238.454-44'),
(230663361634750, 'desativo', 'class tempor libero cursus class etiam, sodales suscipit euismod. ', '0000-00-00', 1156, '150.976.355-27'),
(230663371931334, 'desativo', 'eget vulputate pretium nisi morbi, dui molestie. ', '0000-00-00', 1080, '169.610.916-69'),
(230663374553283, 'desativo', 'et posuere varius dictum, class etiam bibendum, purus risus. ', '0000-00-00', 1210, '217.342.342-70'),
(230663378625719, 'desativo', 'interdum velit sociosqu litora sollicitudin, eleifend suscipit. ', '0000-00-00', 1282, '305.861.575-22'),
(230663414563761, 'desativo', 'himenaeos magna quisque ad id, inceptos condimentum vel. ', '0000-00-00', 1044, '369.875.971-22'),
(230663428908211, 'desativo', 'sem etiam odio morbi conubia nunc, curabitur leo class. ', '0000-00-00', 1125, '193.436.963-32'),
(230663438386463, 'ativo', 'pellentesque nostra etiam fringilla sit auctor, imperdiet accumsan porttitor. ', '0000-00-00', 1059, '174.505.738-22'),
(230663453058762, 'ativo', 'donec tempor dictumst aptent sodales faucibus, mattis vitae accumsan. ', '0000-00-00', 1204, '124.453.726-68'),
(230663465833067, 'desativo', 'eros aptent etiam placerat, curabitur. ', '0000-00-00', 1299, '113.781.719-11'),
(230663479997615, 'desativo', 'laoreet consectetur ultricies sollicitudin auctor morbi, eu elementum consectetur. ', '0000-00-00', 1283, '288.695.433-37'),
(230663486301493, 'ativo', 'ut tortor facilisis convallis inceptos, nulla curabitur vel. ', '0000-00-00', 1136, '213.560.636-75'),
(230663513889036, 'ativo', 'leo dictum class est, ultrices fusce. ', '0000-00-00', 1252, '213.313.486-84'),
(230663517627638, 'desativo', 'aenean commodo condimentum tempus placerat, quisque habitasse. ', '0000-00-00', 1239, '202.942.162-28'),
(230663644707860, 'ativo', 'eros sed auctor integer viverra, euismod mi molestie. ', '0000-00-00', 1133, '256.325.847-92'),
(230663661402783, 'desativo', 'a quam metus egestas faucibus, dapibus cras laoreet. ', '0000-00-00', 1180, '257.905.672-41'),
(230663678116923, 'ativo', 'mi libero eget aliquet morbi, duis dictumst sit. ', '0000-00-00', 1014, '115.620.386-63'),
(230663696971613, 'desativo', 'enim litora sem orci, pulvinar. ', '0000-00-00', 1081, '219.166.270-96'),
(230663838063218, 'ativo', 'dui suscipit per nullam, porttitor. ', '0000-00-00', 1011, '242.431.186-66'),
(230663850721267, 'ativo', 'mattis interdum mollis nulla, laoreet vehicula. ', '0000-00-00', 1205, '167.658.201-63'),
(230663859709072, 'desativo', 'etiam morbi accumsan torquent eu, pharetra torquent. ', '0000-00-00', 1046, '334.559.460-99'),
(230663885925296, 'desativo', 'platea sem tortor at euismod, lobortis diam. ', '0000-00-00', 1012, '150.980.619-22'),
(230663887906810, 'desativo', 'rhoncus luctus suscipit tincidunt, arcu facilisis. ', '0000-00-00', 1008, '190.761.823-17'),
(230663936535975, 'desativo', 'consequat dapibus ipsum maecenas convallis, class nostra. ', '0000-00-00', 1169, '200.482.793-45'),
(230663992131650, 'ativo', 'conubia auctor ultricies fames rhoncus nulla, lobortis primis eu. ', '0000-00-00', 1138, '227.692.434-97'),
(230664013192515, 'desativo', 'ad donec eleifend nibh velit, sem pellentesque. ', '0000-00-00', 1065, '141.790.483-57'),
(230664072312910, 'ativo', 'orci quam quisque lacus consectetur nullam, ac morbi nam dapibus. ', '0000-00-00', 1201, '260.612.659-40'),
(230664092597817, 'ativo', 'nisl cursus aenean arcu, habitasse condimentum tellus libero, curae enim. ', '0000-00-00', 1254, '200.976.729-57'),
(230664095197655, 'desativo', 'eros magna nullam luctus dui, varius nec. ', '0000-00-00', 1106, '106.240.518-80'),
(230664117292347, 'desativo', 'quis varius erat praesent, suspendisse. ', '0000-00-00', 1112, '326.710.479-38'),
(230664176056275, 'desativo', 'hendrerit ligula risus donec magna vulputate, cubilia lobortis interdum iaculis. ', '0000-00-00', 1063, '213.386.830-40'),
(230664222047274, 'desativo', 'ligula aliquam porttitor quisque aptent, dictumst semper augue. ', '0000-00-00', 1035, '146.764.005-00'),
(230664286757823, 'ativo', 'ut platea ante posuere aliquam, vulputate vestibulum. ', '0000-00-00', 1180, '280.576.603-22'),
(230664291111928, 'desativo', 'dui nunc semper donec suscipit, ut ultrices quam. ', '0000-00-00', 1201, '156.273.393-82'),
(230664361788018, 'desativo', 'arcu integer in luctus, blandit neque est phasellus, felis curae. ', '0000-00-00', 1202, '139.751.990-21'),
(230664434885059, 'desativo', 'eget velit adipiscing inceptos, sollicitudin tristique. ', '0000-00-00', 1228, '327.551.166-85'),
(230664441022571, 'ativo', 'vivamus nam ante tortor quisque vehicula, augue nisi felis. ', '0000-00-00', 1159, '327.939.753-37'),
(230664466962355, 'ativo', 'varius habitant lacinia ornare, donec dictum. ', '0000-00-00', 1291, '157.510.651-31'),
(230664522966413, 'desativo', 'felis nostra turpis scelerisque curabitur malesuada, ut odio ipsum semper. ', '0000-00-00', 1045, '126.158.622-30'),
(230664602112240, 'ativo', 'facilisis congue vestibulum urna arcu, vehicula habitant. ', '0000-00-00', 1144, '358.651.670-75'),
(230664713402135, 'ativo', 'etiam quisque orci odio dictum, eros viverra consequat. ', '0000-00-00', 1142, '236.124.929-33'),
(230664728142763, 'desativo', 'vel tincidunt at congue dolor, fringilla vestibulum. ', '0000-00-00', 1071, '351.363.927-12'),
(230664731466654, 'desativo', 'eleifend et aenean habitant dapibus, aliquam faucibus. ', '0000-00-00', 1260, '112.707.334-51'),
(230664781297313, 'desativo', 'vitae inceptos pretium faucibus ad eget, ut gravida duis. ', '0000-00-00', 1246, '382.397.444-47'),
(230664799536444, 'ativo', 'dapibus curabitur praesent feugiat imperdiet, ligula nisi. ', '0000-00-00', 1276, '150.688.934-78'),
(230664834386923, 'desativo', 'diam dapibus morbi vulputate, himenaeos molestie. ', '0000-00-00', 1251, '235.223.368-77'),
(230664851089575, 'desativo', 'etiam praesent suscipit semper aenean interdum, molestie habitant malesuada. ', '0000-00-00', 1227, '365.338.899-66'),
(230664961234373, 'ativo', 'placerat dui elementum aenean lobortis, dictum donec habitasse. ', '0000-00-00', 1208, '247.881.750-44'),
(230665078362325, 'desativo', 'pharetra vulputate in etiam, vivamus semper. ', '0000-00-00', 1090, '268.795.863-55'),
(230665082788972, 'ativo', 'quisque nec quisque porta vivamus aliquam, justo erat posuere. ', '0000-00-00', 1260, '392.310.739-72'),
(230665136987378, 'ativo', 'vitae donec leo lacinia, id lacus. ', '0000-00-00', 1087, '312.182.334-51'),
(230665193059168, 'desativo', 'risus at auctor enim amet, enim tincidunt. ', '0000-00-00', 1037, '184.367.188-29'),
(230665235506258, 'ativo', 'dui sem sit lacus hac at, eu egestas pellentesque mi. ', '0000-00-00', 1066, '195.901.303-23'),
(230665254122623, 'ativo', 'proin nostra scelerisque tempus, fames. ', '0000-00-00', 1287, '187.131.891-87'),
(230665293018599, 'desativo', 'curae pretium odio pharetra, ultrices proin. ', '0000-00-00', 1124, '344.910.810-41'),
(230665394697546, 'desativo', 'placerat dui ullamcorper volutpat primis vitae, fames congue dolor. ', '0000-00-00', 1150, '330.896.610-30'),
(230665401668776, 'ativo', 'nisl habitasse blandit donec egestas, sapien tellus odio. ', '0000-00-00', 1278, '310.181.561-35'),
(230665428389646, 'ativo', 'sodales at placerat quisque varius, aliquet fringilla. ', '0000-00-00', 1219, '396.773.142-65'),
(230665444611618, 'desativo', 'suspendisse integer at velit feugiat vestibulum, integer odio consequat. ', '0000-00-00', 1065, '123.763.664-67'),
(230665479727453, 'ativo', 'sit lectus arcu metus tempor pretium, tellus erat sociosqu pretium. ', '0000-00-00', 1108, '198.135.157-56'),
(230665497789663, 'ativo', 'nulla potenti nunc dolor accumsan euismod, varius auctor dictumst duis. ', '0000-00-00', 1067, '355.682.582-74'),
(230665509251520, 'desativo', 'primis nostra est sollicitudin in, adipiscing pulvinar. ', '0000-00-00', 1060, '383.117.168-11'),
(230665545892892, 'desativo', 'eu orci consequat nisl, nam. ', '0000-00-00', 1227, '173.512.650-67'),
(230665579243063, 'ativo', 'justo tempus purus odio, proin aliquam. ', '0000-00-00', 1136, '375.927.667-79'),
(230665589496334, 'ativo', 'quam interdum elementum phasellus etiam, praesent vivamus sollicitudin. ', '0000-00-00', 1181, '371.817.361-51'),
(230665598799588, 'desativo', 'est lectus nibh ut elit, est sed. ', '0000-00-00', 1133, '388.412.362-13'),
(230665665715986, 'desativo', 'himenaeos tellus integer libero rhoncus arcu, habitasse erat diam. ', '0000-00-00', 1169, '275.928.214-96'),
(230665696712397, 'desativo', 'aliquam cras pretium erat, elementum consequat. ', '0000-00-00', 1027, '262.125.884-73'),
(230665734769447, 'desativo', 'platea etiam purus massa sociosqu, etiam lectus. ', '0000-00-00', 1066, '307.443.889-76'),
(230665749287716, 'desativo', 'curabitur proin luctus massa, eu. ', '0000-00-00', 1106, '387.914.602-44'),
(230665753735654, 'ativo', 'curabitur at sed metus, eros donec. ', '0000-00-00', 1006, '353.504.995-26'),
(230665812301360, 'desativo', 'fermentum habitasse vel convallis non elementum, integer ut facilisis faucibus. ', '0000-00-00', 1019, '323.156.931-28'),
(230665906761196, 'ativo', 'fusce ut quam quisque convallis mi, nec ornare nam. ', '0000-00-00', 1066, '304.725.736-53'),
(230665942368570, 'ativo', 'mollis in habitasse adipiscing nam cras, congue ipsum ligula fringilla. ', '0000-00-00', 1251, '302.510.207-81'),
(230665980939631, 'ativo', 'platea volutpat netus phasellus dui, tellus vel sagittis. ', '0000-00-00', 1065, '252.856.781-28'),
(230665995202631, 'ativo', 'nullam et platea feugiat curabitur vehicula, curabitur interdum hac. ', '0000-00-00', 1061, '221.248.566-38'),
(230666023075184, 'desativo', 'aliquam venenatis vivamus nunc magna, fermentum posuere. ', '0000-00-00', 1138, '348.986.624-23'),
(230666038242021, 'ativo', 'pellentesque praesent iaculis curabitur, posuere consectetur. ', '0000-00-00', 1168, '188.613.556-62'),
(230666052313654, 'ativo', 'scelerisque donec purus iaculis sapien, quis interdum aenean. ', '0000-00-00', 1192, '369.928.143-52'),
(230666080226295, 'ativo', 'suscipit phasellus elementum turpis vitae, imperdiet ligula. ', '0000-00-00', 1054, '269.350.480-24'),
(230666102688974, 'desativo', 'eleifend fames dapibus orci ut in, ultrices dolor feugiat blandit. ', '0000-00-00', 1230, '234.274.274-67'),
(230666138205594, 'ativo', 'suscipit ornare elementum viverra, mattis suspendisse. ', '0000-00-00', 1215, '295.799.151-65'),
(230666139524661, 'ativo', 'aenean nostra ante a, in ut. ', '0000-00-00', 1065, '180.221.151-63'),
(230666195707398, 'ativo', 'augue donec proin nibh malesuada, feugiat nulla vehicula. ', '0000-00-00', 1250, '219.269.826-53'),
(230666210234357, 'desativo', 'gravida consequat placerat porta nec imperdiet, fames risus erat at. ', '0000-00-00', 1236, '293.401.203-11'),
(230666215134022, 'desativo', 'cubilia augue consectetur vitae condimentum, fermentum vulputate pulvinar. ', '0000-00-00', 1166, '386.512.562-48'),
(230666327814712, 'desativo', 'tristique cursus pretium ac aptent, et nisi. ', '0000-00-00', 1100, '166.512.633-53'),
(230666328581733, 'desativo', 'donec tristique fames felis, cras. ', '0000-00-00', 1128, '142.115.753-97'),
(230666396777791, 'desativo', 'gravida velit vehicula auctor, litora egestas hac habitant, etiam dolor. ', '0000-00-00', 1242, '236.521.453-74'),
(230666397555936, 'desativo', 'tincidunt ultricies suspendisse habitant, netus felis. ', '0000-00-00', 1017, '132.706.148-50'),
(230666430344133, 'desativo', 'libero purus nibh non sit augue, class eu fringilla cras. ', '0000-00-00', 1158, '294.341.642-12'),
(230666449058414, 'ativo', 'dolor porttitor donec aliquet, quisque aliquam. ', '0000-00-00', 1287, '323.181.992-26'),
(230666466643255, 'ativo', 'arcu sem sodales vehicula, curabitur. ', '0000-00-00', 1120, '115.104.823-67'),
(230666550022033, 'ativo', 'porttitor pellentesque imperdiet ante ut, nullam elementum nisl. ', '0000-00-00', 1124, '357.271.348-80'),
(230666609967830, 'desativo', 'quis consectetur lacinia turpis aliquet, faucibus at. ', '0000-00-00', 1278, '124.836.356-49'),
(230666619495590, 'ativo', 'nisi turpis convallis nibh sem tincidunt, congue varius sagittis. ', '0000-00-00', 1148, '122.703.175-53'),
(230666646129559, 'desativo', 'vehicula egestas vestibulum volutpat ornare, blandit condimentum felis. ', '0000-00-00', 1140, '291.971.637-91'),
(230666713311914, 'desativo', 'aptent convallis pretium metus, massa aliquet. ', '0000-00-00', 1247, '221.688.160-12'),
(230666737455787, 'desativo', 'placerat erat nam posuere, luctus. ', '0000-00-00', 1032, '110.602.941-41'),
(230666752067729, 'ativo', 'fames mattis ullamcorper proin, tellus enim. ', '0000-00-00', 1233, '335.447.907-85'),
(230666770501889, 'ativo', 'posuere pretium ultricies quam viverra, vivamus nunc. ', '0000-00-00', 1008, '264.721.276-83'),
(230666770672540, 'ativo', 'diam amet quisque nostra, vitae justo etiam molestie, fringilla est. ', '0000-00-00', 1126, '170.830.644-54'),
(230666784497510, 'ativo', 'dictumst non etiam porttitor, nisl. ', '0000-00-00', 1178, '150.683.288-97'),
(230666788434867, 'desativo', 'dapibus ut ullamcorper auctor per, tempus convallis dui. ', '0000-00-00', 1255, '338.537.284-18'),
(230666799305672, 'desativo', 'lobortis eget pulvinar neque, felis aliquam. ', '0000-00-00', 1098, '196.770.372-29'),
(230666834617673, 'ativo', 'maecenas lacus at mattis, ligula. ', '0000-00-00', 1269, '323.428.670-62'),
(230666842283412, 'ativo', 'curae posuere nisl libero bibendum, taciti feugiat. ', '0000-00-00', 1123, '306.569.758-62'),
(230666843281147, 'ativo', 'nullam pretium sagittis sodales ligula, nam sodales class. ', '0000-00-00', 1151, '392.636.305-34'),
(230666859399413, 'desativo', 'vel taciti nisl fames, justo. ', '0000-00-00', 1133, '204.142.591-56'),
(230666876648930, 'desativo', 'etiam pulvinar varius odio magna lorem, rutrum mollis auctor mauris. ', '0000-00-00', 1006, '331.177.672-99'),
(230666902559931, 'ativo', 'erat suspendisse vehicula leo, diam. ', '0000-00-00', 1206, '391.631.409-63'),
(230666909031525, 'ativo', 'mollis nostra morbi lobortis tempor, morbi platea cubilia. ', '0000-00-00', 1273, '267.954.616-38'),
(230666916363495, 'ativo', 'dictumst primis dapibus suspendisse, facilisis. ', '0000-00-00', 1121, '205.965.307-38'),
(230666926352964, 'desativo', 'volutpat fermentum lectus tristique congue, litora condimentum risus. ', '0000-00-00', 1295, '204.219.841-95'),
(230666961699898, 'desativo', 'nulla torquent nostra quis curae, suscipit cubilia. ', '0000-00-00', 1259, '350.271.284-36'),
(230666962359225, 'ativo', 'aliquet donec enim augue donec tellus, orci est quis. ', '0000-00-00', 1054, '286.391.705-68'),
(230667010648292, 'ativo', 'pharetra erat nisi at curabitur, neque amet torquent. ', '0000-00-00', 1279, '384.477.367-58'),
(230667026596912, 'ativo', 'lobortis id elementum in fringilla suspendisse, mi velit taciti hendrerit. ', '0000-00-00', 1043, '356.938.350-88'),
(230667038225156, 'ativo', 'consequat suscipit neque suspendisse, platea. ', '0000-00-00', 1111, '103.457.184-26'),
(230667071429564, 'desativo', 'erat rutrum enim aenean ut, vehicula amet. ', '0000-00-00', 1009, '174.432.117-87'),
(230667087975461, 'desativo', 'sit convallis sollicitudin aenean, sed mauris. ', '0000-00-00', 1235, '301.296.226-34'),
(230667148069651, 'ativo', 'scelerisque platea aptent curae, pharetra. ', '0000-00-00', 1170, '281.622.575-65'),
(230667217689646, 'ativo', 'curabitur class leo cubilia vulputate diam, non ac feugiat amet. ', '0000-00-00', 1071, '128.412.245-75'),
(230667235965968, 'ativo', 'urna lacus sagittis egestas, aliquet maecenas litora, volutpat fermentum. ', '0000-00-00', 1176, '197.349.295-65'),
(230667310972387, 'desativo', 'praesent odio sollicitudin rutrum, tempor luctus. ', '0000-00-00', 1182, '170.131.927-42'),
(230667340246337, 'ativo', 'sapien nec ad class feugiat rhoncus, habitasse odio rhoncus. ', '0000-00-00', 1246, '292.322.866-67'),
(230667368634075, 'ativo', 'himenaeos eleifend sollicitudin nostra suscipit, eget urna gravida. ', '0000-00-00', 1275, '271.397.687-61'),
(230667408744247, 'ativo', 'sit himenaeos habitant vitae mauris nostra, facilisis aptent hendrerit lacus. ', '0000-00-00', 1208, '242.663.832-96'),
(230667422551574, 'ativo', 'vehicula euismod malesuada congue, eget adipiscing. ', '0000-00-00', 1130, '358.107.946-96'),
(230667427105880, 'desativo', 'imperdiet aliquam litora pellentesque viverra magna, ullamcorper dictumst porta vestibulum. ', '0000-00-00', 1012, '245.900.289-42'),
(230667438055182, 'ativo', 'fermentum pharetra in volutpat integer, feugiat id. ', '0000-00-00', 1008, '356.565.365-85'),
(230667464955655, 'ativo', 'non ipsum erat elit, purus aenean. ', '0000-00-00', 1205, '256.472.825-82'),
(230667474766546, 'desativo', 'feugiat scelerisque habitasse odio consectetur conubia, justo elit condimentum. ', '0000-00-00', 1263, '209.591.276-33'),
(230667497225790, 'ativo', 'sociosqu fermentum porta aenean integer, venenatis ac. ', '0000-00-00', 1021, '232.290.649-60'),
(230667562091059, 'ativo', 'laoreet iaculis accumsan eu, orci turpis urna libero, amet nisl. ', '0000-00-00', 1086, '114.942.559-12'),
(230667649609833, 'ativo', 'justo et interdum tempus enim, nibh cubilia. ', '0000-00-00', 1042, '298.999.134-32'),
(230667704879649, 'desativo', 'porttitor inceptos facilisis convallis, sed nisl. ', '0000-00-00', 1183, '374.309.451-53'),
(230667748124551, 'ativo', 'auctor est lectus nec class. ', '0000-00-00', 1193, '121.370.718-48'),
(230667780765990, 'desativo', 'habitasse euismod donec vulputate nunc, suscipit odio donec. ', '0000-00-00', 1049, '214.819.960-22'),
(230667825751769, 'ativo', 'cursus justo a per, maecenas pharetra sagittis donec, nisl donec. ', '0000-00-00', 1144, '227.912.784-11'),
(230667862493120, 'ativo', 'massa sit pellentesque cubilia, condimentum. ', '0000-00-00', 1046, '037.794.629-07'),
(230667884303417, 'ativo', 'ut dolor arcu hac hendrerit, convallis tristique vulputate. ', '0000-00-00', 1001, '377.792.519-92'),
(230667934698896, 'desativo', 'nisi mauris dictum sapien sem enim, pulvinar lacus consequat. ', '0000-00-00', 1185, '318.633.726-82'),
(230667966787522, 'ativo', 'curabitur mauris nullam euismod, cursus. ', '0000-00-00', 1140, '203.784.385-31'),
(230668033058761, 'desativo', 'tincidunt accumsan mi malesuada leo, ligula condimentum nibh. ', '0000-00-00', 1171, '323.896.804-44'),
(230668194224898, 'desativo', 'luctus etiam pellentesque aptent felis, eros cras. ', '0000-00-00', 1221, '119.592.752-21'),
(230668279333846, 'desativo', 'suspendisse mollis donec non ultricies, etiam augue. ', '0000-00-00', 1065, '124.117.908-69'),
(230668346917671, 'desativo', 'viverra consequat consectetur curae, dapibus. ', '0000-00-00', 1142, '107.740.148-26'),
(230668354259541, 'desativo', 'litora potenti primis habitasse enim proin, lorem eleifend lorem. ', '0000-00-00', 1042, '325.799.554-61'),
(230668359651864, 'ativo', 'aenean dui nam lacus, commodo venenatis. ', '0000-00-00', 1083, '353.271.026-96'),
(230668399901449, 'desativo', 'habitant potenti venenatis lectus, risus donec. ', '0000-00-00', 1232, '338.585.132-62'),
(230668541191334, 'desativo', 'hendrerit curae sollicitudin tortor congue, dictum ante integer. ', '0000-00-00', 1055, '352.233.679-48'),
(230668555829365, 'desativo', 'sodales risus rhoncus sollicitudin, sem est. ', '0000-00-00', 1169, '354.445.735-04'),
(230668648215084, 'desativo', 'nulla lobortis ut aliquet porta, venenatis vel. ', '0000-00-00', 1283, '303.308.524-39'),
(230668657216164, 'desativo', 'mollis sem cursus dictumst, congue porttitor donec sociosqu, scelerisque platea. ', '0000-00-00', 1161, '258.580.821-25'),
(230668682527292, 'desativo', 'aliquet mauris tellus risus vestibulum pulvinar, placerat vel est praesent. ', '0000-00-00', 1010, '317.118.461-29'),
(230668682821469, 'ativo', 'netus lobortis metus id quisque himenaeos, orci eleifend luctus vestibulum. ', '0000-00-00', 1186, '214.698.457-39'),
(230668694892366, 'ativo', 'lacus fringilla nisi consequat, scelerisque senectus. ', '0000-00-00', 1016, '213.454.378-51'),
(230668718374653, 'ativo', 'condimentum nibh class odio aliquam laoreet, porta blandit aenean. ', '0000-00-00', 1140, '204.608.780-11'),
(230668719102721, 'desativo', 'morbi suscipit in massa, nullam sed. ', '0000-00-00', 1241, '117.193.851-71'),
(230668760151068, 'desativo', 'urna consectetur mollis lorem scelerisque feugiat, vulputate purus fermentum. ', '0000-00-00', 1265, '389.349.065-53'),
(230668778797735, 'ativo', 'volutpat tincidunt phasellus fringilla est at, adipiscing dictum etiam eget. ', '0000-00-00', 1009, '250.493.407-41'),
(230668791908891, 'desativo', 'donec facilisis pellentesque condimentum aliquam accumsan, nulla blandit habitasse. ', '0000-00-00', 1196, '301.440.904-10'),
(230668815089836, 'ativo', 'placerat mauris taciti odio, sodales donec. ', '0000-00-00', 1163, '113.163.141-18'),
(230668851304520, 'desativo', 'condimentum quam aenean vitae at, quam sit. ', '0000-00-00', 1260, '167.203.231-85'),
(230668862339447, 'desativo', 'venenatis sed proin tellus placerat ante, ornare vitae facilisis viverra. ', '0000-00-00', 1026, '261.141.988-13'),
(230668907631569, 'desativo', 'felis blandit quis phasellus molestie ligula, consequat dictum dolor imperdiet. ', '0000-00-00', 1150, '166.740.639-23'),
(230669015818238, 'desativo', 'fermentum tristique viverra tortor, litora purus. ', '0000-00-00', 1248, '215.920.128-44'),
(230669123401618, 'desativo', 'ac lacinia sagittis auctor ipsum, cras cubilia id. ', '0000-00-00', 1119, '205.253.796-92'),
(230669136791935, 'ativo', 'ligula euismod aenean tempus non faucibus, nam malesuada neque. ', '0000-00-00', 1224, '319.308.978-94'),
(230669142464198, 'ativo', 'erat potenti magna praesent leo purus, interdum curae curabitur. ', '0000-00-00', 1149, '193.262.888-29'),
(230669162434470, 'ativo', 'phasellus per eleifend aenean curae nec, netus hac donec. ', '0000-00-00', 1192, '321.616.667-89'),
(230669172539022, 'desativo', 'litora ut gravida integer, pretium tempus. ', '0000-00-00', 1088, '296.540.949-52'),
(230669178552727, 'desativo', 'diam id interdum nisi egestas, magna potenti. ', '0000-00-00', 1057, '244.573.167-66'),
(230669189063695, 'ativo', 'vivamus posuere consequat bibendum, varius commodo eget, non fermentum. ', '0000-00-00', 1176, '136.289.756-21'),
(230669225446022, 'ativo', 'aenean vehicula nisi sed, suscipit. ', '0000-00-00', 1065, '241.406.912-37'),
(230669250599085, 'desativo', 'nullam nam dictum ornare, eu. ', '0000-00-00', 1125, '368.343.448-91'),
(230669252271241, 'ativo', 'aptent egestas hendrerit etiam placerat, senectus eleifend pellentesque. ', '0000-00-00', 1266, '174.348.494-50'),
(230669291707076, 'desativo', 'tellus vestibulum vulputate augue rhoncus netus, id aenean et. ', '0000-00-00', 1263, '125.704.702-62'),
(230669306575599, 'desativo', 'facilisis mattis habitant duis magna, inceptos cubilia. ', '0000-00-00', 1182, '102.820.485-12'),
(230669332053266, 'desativo', 'conubia litora elit erat aenean, nostra nisi sagittis. ', '0000-00-00', 1156, '176.105.585-54'),
(230669334791222, 'desativo', 'id vel varius scelerisque habitasse congue, iaculis aptent pharetra. ', '0000-00-00', 1274, '222.564.526-91'),
(230669375195223, 'desativo', 'sapien aliquam porttitor placerat senectus, diam auctor etiam. ', '0000-00-00', 1013, '214.465.812-92'),
(230669414625378, 'ativo', 'arcu mattis dui condimentum, pharetra. ', '0000-00-00', 1159, '206.620.377-82'),
(230669517409560, 'desativo', 'turpis integer cursus lacinia fames, condimentum id habitasse. ', '0000-00-00', 1238, '126.999.899-36'),
(230669526093248, 'desativo', 'neque eu fames risus, sollicitudin etiam. ', '0000-00-00', 1251, '328.756.163-89'),
(230669564034472, 'ativo', 'urna eget felis quisque, nibh nullam. ', '0000-00-00', 1180, '131.153.983-10'),
(230669600548031, 'ativo', 'ut condimentum elementum primis hac sociosqu, vulputate dictum nibh quisque. ', '0000-00-00', 1121, '383.974.308-34'),
(230669623908294, 'desativo', 'phasellus malesuada class eros quam, cras tortor. ', '0000-00-00', 1056, '128.120.533-34'),
(230669752841156, 'ativo', 'nostra dui mauris ut, ante. ', '0000-00-00', 1073, '152.670.500-97'),
(230669760036766, 'desativo', 'hendrerit eleifend sem purus, hendrerit scelerisque. ', '0000-00-00', 1267, '219.131.258-69'),
(230669780761070, 'ativo', 'lobortis vitae justo nec tempus, mauris volutpat. ', '0000-00-00', 1210, '371.932.804-51'),
(230669910256550, 'ativo', 'inceptos proin dictum duis vivamus, vel venenatis. ', '0000-00-00', 1247, '217.588.927-81'),
(230669910256551, 'ativo', 'teste trigger', '2014-12-10', 1001, '030.713.072-09');

--
-- Triggers `processo`
--
DELIMITER //
CREATE TRIGGER `Auditoria_AddProcesso` AFTER INSERT ON `processo`
 FOR EACH ROW begin

INSERT INTO `auditoria_processo`(`codigo`, `situacao`, `descricao`, `pessoa_cpf`, `codigo_requerimento`, `data`) VALUES (NEW.`codigo`,NEW.`situacao`,NEW.`descricao`,NEW.`descricao`,NEW.`codigo_requerimento`,NOW());

END
//
DELIMITER ;

-- --------------------------------------------------------

--
-- Table structure for table `professor`
--

CREATE TABLE IF NOT EXISTS `professor` (
  `num_siad` bigint(20) NOT NULL,
  `cpf_pessoa` varchar(15) NOT NULL
) ENGINE=InnoDB DEFAULT CHARSET=utf8;

--
-- Dumping data for table `professor`
--

INSERT INTO `professor` (`num_siad`, `cpf_pessoa`) VALUES
(88889011, '107.740.148-26'),
(88889113, '108.377.274-35'),
(88888958, '110.602.941-41'),
(88888915, '111.200.172-34'),
(219069, '117.538.245-08'),
(88889004, '118.994.760-86'),
(88888896, '119.553.704-92'),
(88888925, '119.592.752-21'),
(88889014, '121.370.718-48'),
(88888988, '123.763.664-67'),
(88888946, '124.117.908-69'),
(88888960, '124.836.356-49'),
(88889025, '126.158.622-30'),
(88889037, '128.120.533-34'),
(88889098, '128.123.493-33'),
(88888893, '128.157.176-76'),
(88889094, '131.153.983-10'),
(88889114, '136.289.756-21'),
(88889115, '139.326.344-71'),
(88888941, '139.751.990-21'),
(88888928, '139.843.772-59'),
(88888917, '142.115.753-97'),
(6282257, '146.764.005-00'),
(88889066, '148.715.525-89'),
(88889081, '155.768.432-16'),
(88889137, '157.510.651-31'),
(287247, '159.207.635-15'),
(88888986, '164.983.244-20'),
(88889107, '166.512.633-53'),
(88889031, '166.740.639-23'),
(88889073, '167.203.231-85'),
(88889058, '167.658.201-63'),
(88889151, '170.131.927-42'),
(88888980, '174.348.494-50'),
(88889159, '174.432.117-87'),
(2554528, '174.505.738-22'),
(88888957, '177.181.612-26'),
(282304, '178.608.287-07'),
(88889040, '181.172.163-28'),
(88889077, '184.367.188-29'),
(88888908, '186.177.406-63'),
(88889148, '186.278.994-77'),
(88888954, '190.761.823-17'),
(88889018, '198.135.157-56'),
(88889020, '200.482.793-45'),
(919292, '202.217.628-68'),
(88888999, '202.942.162-28'),
(88889132, '205.965.307-38'),
(1049039, '206.136.675-90'),
(88888952, '209.591.276-33'),
(88888967, '215.289.933-26'),
(88889155, '215.920.128-44'),
(88889099, '221.248.566-38'),
(88888983, '222.564.526-91'),
(88889054, '227.946.163-26'),
(88888991, '242.663.832-96'),
(88889021, '245.253.998-16'),
(88889050, '245.974.829-64'),
(88889017, '249.714.884-66'),
(88889144, '255.665.100-82'),
(88889082, '256.472.825-82'),
(88888987, '257.905.672-41'),
(88889102, '258.580.821-25'),
(88888979, '260.612.659-40'),
(88889009, '261.141.988-13'),
(88888993, '263.175.647-31'),
(88889149, '271.397.687-61'),
(88888975, '272.516.151-93'),
(88889116, '273.284.786-38'),
(88888981, '275.928.214-96'),
(287345, '286.391.705-68'),
(88889008, '291.971.637-91'),
(88889123, '295.799.151-65'),
(88889106, '306.569.758-62'),
(1655772, '312.182.334-51'),
(88889030, '317.880.628-34'),
(88888992, '319.308.978-94'),
(859303, '321.616.667-89'),
(88889075, '328.756.163-89'),
(88888990, '330.896.610-30'),
(88889063, '334.559.460-99'),
(88888951, '336.339.485-94'),
(88889002, '340.420.619-32'),
(88889131, '346.727.936-22'),
(1674550, '348.035.645-15'),
(88889019, '353.257.629-97'),
(924483, '353.271.026-96'),
(88889053, '353.421.607-46'),
(88889015, '355.682.582-74'),
(88889093, '356.565.365-85'),
(88888935, '358.651.670-75'),
(283097, '365.338.899-66'),
(88889071, '368.343.448-91'),
(88889092, '371.932.804-51'),
(88889003, '372.578.238-46'),
(88889069, '380.560.209-24'),
(88889078, '382.397.444-47'),
(88889096, '384.477.367-58'),
(88888894, '386.512.562-48'),
(287623, '389.349.065-53'),
(88889052, '390.972.254-81'),
(88888920, '391.631.409-63'),
(219103, '392.636.305-34'),
(88889097, '394.258.837-53'),
(88889121, '397.259.952-97'),
(88889091, '403.408.882-89'),
(88888926, '404.370.548-42'),
(88888921, '404.944.731-34'),
(88889060, '413.132.689-59'),
(88889120, '419.154.788-29'),
(88888948, '425.154.940-92'),
(88888903, '429.397.359-87'),
(88889033, '436.315.872-42'),
(88889056, '442.761.146-15'),
(88889128, '443.655.289-63'),
(88889039, '447.203.304-34'),
(88888965, '447.419.598-31'),
(88888964, '448.837.864-54'),
(88889146, '449.267.866-95'),
(88888943, '456.884.566-76'),
(88889124, '459.200.261-54'),
(88888949, '459.440.296-84'),
(88888907, '463.981.547-56'),
(88889095, '465.234.746-29'),
(88889059, '468.273.363-25'),
(88889072, '468.385.221-71'),
(88889150, '472.633.110-36'),
(88889100, '473.433.901-95'),
(88888927, '476.427.428-34'),
(88888905, '485.264.756-17'),
(88889041, '487.974.768-40'),
(88889006, '488.647.305-82'),
(88889068, '494.863.468-45'),
(88888989, '495.611.821-16'),
(88888978, '497.580.387-25'),
(854261, '505.537.555-87'),
(88889035, '509.492.939-67'),
(88889074, '512.519.264-79'),
(88888982, '518.840.351-75'),
(88888977, '520.409.460-19'),
(88889090, '528.291.742-59'),
(88889001, '530.313.638-34'),
(88888997, '533.648.264-23'),
(88889038, '536.302.105-44'),
(88888956, '544.367.531-48'),
(88889012, '549.167.183-51'),
(924243, '551.153.244-40'),
(88889046, '552.150.607-62'),
(88889034, '554.587.392-53'),
(88889117, '559.546.462-42'),
(285677, '566.360.354-98'),
(88888913, '566.794.311-81'),
(88889055, '566.846.459-73'),
(88889057, '567.518.772-85'),
(88889125, '567.786.963-99'),
(88888974, '567.982.750-83'),
(88888970, '570.271.472-55'),
(88889047, '576.706.496-62'),
(88888901, '578.315.980-88'),
(88889076, '579.939.742-95'),
(919294, '581.089.641-30'),
(88888918, '581.660.671-65'),
(88889104, '583.202.181-18'),
(88889049, '585.260.875-80'),
(88889110, '585.481.274-37'),
(88888923, '587.892.354-46'),
(88889042, '593.491.415-27'),
(88889005, '595.532.603-66'),
(88889160, '604.410.729-68'),
(88888984, '606.455.556-68'),
(88889007, '611.321.380-35'),
(88889103, '612.891.396-56'),
(88889129, '614.652.644-27'),
(88889079, '614.733.454-96'),
(88889108, '617.920.208-83'),
(88888909, '631.880.619-57'),
(88889147, '633.502.748-58'),
(88888968, '634.326.394-63'),
(88889109, '635.625.681-25'),
(88888916, '636.633.996-25'),
(88888930, '637.361.734-55'),
(88888937, '641.499.117-77'),
(88889085, '644.738.508-78'),
(88889154, '644.792.230-39'),
(872437, '645.948.745-68'),
(88888910, '650.733.342-47'),
(88889023, '651.429.999-47'),
(88888962, '651.761.892-82'),
(88889086, '652.444.705-36'),
(88888899, '655.907.430-58'),
(88888911, '656.996.605-30'),
(88889127, '657.292.582-29'),
(88889016, '657.637.444-97'),
(88889119, '658.323.262-40'),
(88889089, '658.623.749-74'),
(88888892, '659.606.139-69'),
(88889044, '662.502.750-96'),
(88888932, '663.658.772-71'),
(88889136, '664.533.284-12'),
(88888994, '664.634.734-75'),
(88889143, '665.693.630-80'),
(88888895, '667.392.261-95'),
(88889153, '669.582.862-60'),
(88889048, '670.889.330-73'),
(88889062, '671.232.640-79'),
(854168, '673.235.295-49'),
(2215121, '676.057.510-52'),
(88889022, '677.770.161-19'),
(88889141, '681.413.956-78'),
(88888929, '683.166.280-40'),
(88888976, '684.625.620-57'),
(88889013, '686.237.562-23'),
(88888959, '686.258.881-10'),
(88888936, '689.971.197-26'),
(88888973, '694.416.866-69'),
(88889138, '694.631.477-23'),
(88888898, '695.477.348-92'),
(88888996, '702.378.292-80'),
(88888955, '709.885.787-11'),
(88889067, '711.214.333-91'),
(88889080, '711.991.364-23'),
(88889000, '712.932.219-69'),
(88888906, '713.792.200-55'),
(88888953, '719.326.380-81'),
(88888972, '722.148.447-11'),
(88888940, '735.847.736-31'),
(88888995, '738.739.730-96'),
(88888931, '740.136.612-23'),
(88889142, '744.930.694-42'),
(1583256, '746.054.931-23'),
(88889118, '751.452.174-69'),
(88889139, '762.142.437-77'),
(88889088, '762.798.567-85'),
(13481934, '763.873.136-00'),
(88888945, '767.350.652-68'),
(88889135, '767.760.259-68'),
(88889061, '768.907.766-45'),
(88889026, '773.504.457-46'),
(88888998, '778.456.175-87'),
(219070, '781.318.985-04'),
(88889152, '781.362.702-95'),
(1810986, '786.239.950-15'),
(88888933, '789.479.991-97'),
(88888971, '791.303.652-67'),
(88889032, '793.854.452-29'),
(88889028, '797.760.335-80'),
(88888963, '804.545.664-48'),
(88888939, '804.644.576-66'),
(88889157, '807.259.698-23'),
(88889051, '807.312.487-24'),
(88888934, '819.289.457-49'),
(88889156, '844.120.458-37'),
(88888889, '845.596.407-63'),
(88889045, '846.422.466-50'),
(88888985, '847.168.804-62'),
(88889130, '848.766.729-76'),
(88888902, '850.631.918-79'),
(88889101, '852.950.316-83'),
(88889134, '856.790.625-24'),
(88889112, '859.863.870-25'),
(88889070, '863.650.787-33'),
(88888944, '865.307.442-98'),
(88889105, '871.943.212-91'),
(924482, '881.246.543-95'),
(88889064, '883.539.236-66'),
(88889084, '883.766.103-82'),
(88889133, '884.222.443-71'),
(88888950, '886.460.221-98'),
(88889087, '891.665.254-62'),
(88888961, '891.921.144-19'),
(88889126, '894.655.482-28'),
(88888919, '896.346.366-55'),
(88889027, '896.474.637-13'),
(88889158, '900.496.324-79'),
(88889065, '905.734.631-29'),
(88888947, '908.872.700-95'),
(88888922, '911.453.929-13'),
(88888924, '911.529.582-40'),
(88889043, '918.122.827-39'),
(88889111, '920.596.415-55'),
(88889145, '930.518.898-23'),
(88889029, '932.320.610-51'),
(88888897, '933.632.329-46'),
(88889140, '935.339.235-93'),
(88888904, '937.314.573-12'),
(88889083, '939.441.232-85'),
(88888969, '940.383.680-74'),
(88888938, '945.848.443-84'),
(88888966, '950.408.325-74'),
(88888890, '951.293.884-38'),
(88888942, '956.851.638-54'),
(1214108, '964.748.017-27'),
(88888912, '967.128.642-62'),
(88889036, '969.509.507-71'),
(88889122, '978.174.815-14'),
(88889024, '978.647.927-86'),
(88888891, '984.205.843-18'),
(88888914, '986.282.471-43'),
(88889010, '987.463.582-56'),
(88888900, '999.552.473-67');

-- --------------------------------------------------------

--
-- Table structure for table `requerimento`
--

CREATE TABLE IF NOT EXISTS `requerimento` (
`codigo` bigint(20) NOT NULL,
  `descricao` varchar(45) NOT NULL,
  `codigo_tipo_requerimento_processo` bigint(20) NOT NULL
) ENGINE=InnoDB AUTO_INCREMENT=1301 DEFAULT CHARSET=utf8;

--
-- Dumping data for table `requerimento`
--

INSERT INTO `requerimento` (`codigo`, `descricao`, `codigo_tipo_requerimento_processo`) VALUES
(1001, 'vivamus nam lacinia dictumst hendrerit suscip', 1062),
(1002, 'interdum curabitur libero torquent aptent por', 1057),
(1003, 'per aenean a vestibulum, fermentum. ', 1044),
(1004, 'euismod leo duis cubilia enim ligula neque in', 1264),
(1005, 'vulputate imperdiet aptent vulputate pharetra', 1266),
(1006, 'diam lacus potenti tempus nunc nullam himenae', 1060),
(1007, 'semper quis taciti massa tempor ac etiam conv', 1030),
(1008, 'vitae hendrerit enim quam convallis leo conse', 1100),
(1009, 'non sit sociosqu vestibulum et etiam dapibus ', 1166),
(1010, 'lacus mauris varius morbi id ut lacus, placer', 1293),
(1011, 'viverra pulvinar at libero elementum potenti ', 1101),
(1012, 'malesuada nullam quam hendrerit felis fusce f', 1297),
(1013, 'nostra suscipit urna pulvinar, potenti. ', 1132),
(1014, 'arcu metus elementum viverra maecenas nam pul', 1039),
(1015, 'sollicitudin rhoncus aliquam pellentesque mal', 1245),
(1016, 'varius quis mauris imperdiet placerat sit cub', 1129),
(1017, 'aptent eu duis dapibus vel suspendisse, non f', 1087),
(1018, 'feugiat class tempus ante, ultrices ante. ', 1296),
(1019, 'sagittis arcu mollis nulla mollis metus quam,', 1184),
(1020, 'massa nisl eu felis placerat molestie class, ', 1208),
(1021, 'vitae aliquam commodo sollicitudin senectus q', 1244),
(1022, 'nec sapien feugiat ipsum augue venenatis adip', 1022),
(1023, 'augue eleifend mattis volutpat arcu est eros ', 1029),
(1024, 'dictum vehicula facilisis habitant rutrum con', 1171),
(1025, 'dictumst cras nulla scelerisque sodales morbi', 1051),
(1026, 'quisque orci placerat ornare volutpat sceleri', 1003),
(1027, 'ullamcorper morbi class amet senectus neque v', 1057),
(1028, 'molestie tempor aenean quis dapibus habitasse', 1217),
(1029, 'enim fusce luctus duis imperdiet gravida risu', 1233),
(1030, 'aenean lacus sapien a turpis donec, pellentes', 1241),
(1031, 'arcu mi inceptos etiam massa pulvinar senectu', 1053),
(1032, 'adipiscing lacinia justo suspendisse platea c', 1052),
(1033, 'cras vitae id ligula tortor praesent, gravida', 1198),
(1034, 'nam sollicitudin bibendum aenean ut ante quis', 1224),
(1035, 'erat platea tristique hendrerit sociosqu posu', 1265),
(1036, 'platea quisque curae lacinia potenti massa, v', 1291),
(1037, 'dictum iaculis purus per luctus egestas, phas', 1197),
(1038, 'ullamcorper tempus cras porttitor integer sit', 1080),
(1039, 'nulla habitasse consequat per mauris malesuad', 1259),
(1040, 'suscipit curabitur amet blandit suscipit luct', 1300),
(1041, 'rutrum ultricies maecenas eget scelerisque ne', 1230),
(1042, 'amet condimentum accumsan nisl conubia gravid', 1197),
(1043, 'ligula volutpat eget sociosqu lectus tellus f', 1087),
(1044, 'consectetur eros proin metus nibh accumsan cu', 1019),
(1045, 'quisque molestie ipsum fusce tempus euismod a', 1202),
(1046, 'nam turpis quam morbi varius aenean laoreet a', 1167),
(1047, 'praesent fermentum quisque elementum vehicula', 1107),
(1048, 'porta gravida malesuada primis at dictumst, s', 1232),
(1049, 'inceptos torquent curabitur scelerisque habit', 1268),
(1050, 'lectus dui cras massa varius sed mollis netus', 1238),
(1051, 'duis eu facilisis auctor consectetur tincidun', 1146),
(1052, 'luctus hac per lorem conubia himenaeos euismo', 1248),
(1053, 'fames turpis sapien ante ultrices, laoreet te', 1185),
(1054, 'adipiscing id mollis ultricies aliquam ligula', 1191),
(1055, 'neque vitae varius quam fringilla cras, quam ', 1245),
(1056, 'vehicula diam cras odio maecenas netus nisi a', 1234),
(1057, 'taciti torquent scelerisque consequat posuere', 1266),
(1058, 'dictum fusce nulla commodo cubilia auctor tem', 1166),
(1059, 'dapibus aptent est semper aenean, habitasse n', 1085),
(1060, 'erat mollis ullamcorper praesent, et fames. ', 1044),
(1061, 'sollicitudin lacinia morbi sagittis euismod p', 1128),
(1062, 'dictum eros consectetur aenean euismod, venen', 1072),
(1063, 'iaculis tellus lobortis hac ullamcorper nunc ', 1199),
(1064, 'mauris auctor gravida sed augue placerat aene', 1120),
(1065, 'rhoncus fames integer nunc tempus ante molest', 1241),
(1066, 'scelerisque dolor sed malesuada etiam velit p', 1019),
(1067, 'sit curabitur ligula fusce sem consectetur, d', 1135),
(1068, 'sem a varius et hac, aliquam auctor quam. ', 1043),
(1069, 'sed quisque maecenas eleifend sodales massa d', 1208),
(1070, 'pretium curae nam aliquam pulvinar potenti cl', 1047),
(1071, 'vulputate libero nec lacinia lectus platea tu', 1300),
(1072, 'a aptent inceptos feugiat euismod, proin lito', 1205),
(1073, 'elit et auctor urna taciti aliquam erat place', 1116),
(1074, 'feugiat malesuada sodales rutrum, convallis n', 1073),
(1075, 'proin feugiat elementum nam taciti semper fri', 1248),
(1076, 'consectetur phasellus eros donec proin ante t', 1042),
(1077, 'mattis metus diam scelerisque proin curabitur', 1161),
(1078, 'mauris eleifend potenti arcu lobortis ante ia', 1085),
(1079, 'diam cursus interdum platea orci vivamus tell', 1224),
(1080, 'at nostra tortor a cubilia senectus pulvinar ', 1102),
(1081, 'lacinia ullamcorper diam aenean fringilla, se', 1128),
(1082, 'felis rutrum aenean mollis libero quis arcu d', 1208),
(1083, 'rhoncus aliquet nibh aptent quisque sit fauci', 1216),
(1084, 'urna consequat fermentum netus pharetra cursu', 1172),
(1085, 'tempus tristique egestas taciti sed curabitur', 1133),
(1086, 'platea etiam pellentesque blandit dapibus lob', 1074),
(1087, 'pellentesque ac etiam elementum ad ornare, po', 1037),
(1088, 'curabitur eleifend nisl mattis elit duis, odi', 1155),
(1089, 'lacinia metus diam nullam torquent habitant u', 1222),
(1090, 'integer potenti sagittis ante donec elit, dic', 1046),
(1091, 'fusce primis consequat consectetur potenti su', 1299),
(1092, 'nibh nullam et lobortis, eget mauris ipsum, a', 1157),
(1093, 'netus iaculis mattis vulputate erat, etiam ve', 1145),
(1094, 'porta luctus sagittis dui semper tempus justo', 1231),
(1095, 'vulputate luctus aptent erat lorem, euismod l', 1184),
(1096, 'fames torquent volutpat taciti orci egestas, ', 1239),
(1097, 'fames risus suspendisse facilisis, consequat ', 1172),
(1098, 'dui aliquam sem dictumst nullam consequat con', 1166),
(1099, 'fringilla consequat tincidunt nostra blandit ', 1137),
(1100, 'fringilla porta nunc etiam accumsan sagittis ', 1160),
(1101, 'suspendisse sapien justo euismod class, nec e', 1236),
(1102, 'tincidunt eget lacinia sapien himenaeos sodal', 1006),
(1103, 'maecenas ullamcorper nulla duis vehicula cura', 1020),
(1104, 'aenean at suscipit elit, litora non. ', 1223),
(1105, 'proin vel augue volutpat, id vivamus malesuad', 1078),
(1106, 'curae enim sociosqu magna orci semper porta n', 1036),
(1107, 'curabitur eros neque scelerisque porta, habit', 1219),
(1108, 'nunc aliquam risus posuere porttitor placerat', 1214),
(1109, 'nisl lorem mi malesuada ac fringilla taciti, ', 1075),
(1110, 'enim nisi neque ultricies donec aenean tellus', 1173),
(1111, 'sollicitudin viverra volutpat euismod placera', 1122),
(1112, 'nostra class consectetur sollicitudin est, ar', 1289),
(1113, 'habitasse nunc lorem fames, gravida varius. ', 1092),
(1114, 'taciti accumsan porttitor sem cras nostra hen', 1291),
(1115, 'accumsan porta enim mollis, vitae interdum. ', 1213),
(1116, 'nisi platea quisque libero aenean bibendum cu', 1282),
(1117, 'pellentesque tempus nunc fermentum feugiat ut', 1268),
(1118, 'aliquet tempor duis senectus at tempor aptent', 1057),
(1119, 'curae tempor leo vitae lorem, quisque curabit', 1076),
(1120, 'faucibus imperdiet dolor risus nibh torquent ', 1274),
(1121, 'ullamcorper tincidunt urna lobortis diam torq', 1148),
(1122, 'ante varius sociosqu gravida platea mollis, i', 1235),
(1123, 'tristique class phasellus tempus faucibus in ', 1031),
(1124, 'donec suspendisse adipiscing bibendum donec n', 1160),
(1125, 'ad nibh mi sapien ut etiam risus, elit nostra', 1042),
(1126, 'erat sem scelerisque tempus lacinia sociosqu,', 1041),
(1127, 'hendrerit volutpat tortor fringilla sociosqu ', 1237),
(1128, 'congue proin ante dolor eros etiam consequat ', 1041),
(1129, 'senectus pulvinar sem praesent mi in vel port', 1049),
(1130, 'consectetur fames hac torquent nullam aliquam', 1175),
(1131, 'congue gravida leo ligula eleifend ultrices t', 1194),
(1132, 'torquent non maecenas vel proin primis condim', 1195),
(1133, 'habitasse felis vitae lacus iaculis rhoncus c', 1006),
(1134, 'ad nisi adipiscing nullam ligula fames facili', 1170),
(1135, 'litora turpis semper quis convallis quisque t', 1191),
(1136, 'proin commodo proin suscipit amet ipsum fusce', 1280),
(1137, 'mattis magna odio ornare tristique, sociosqu ', 1026),
(1138, 'nec praesent malesuada eget commodo tincidunt', 1041),
(1139, 'commodo dapibus etiam justo nam turpis lacus ', 1095),
(1140, 'conubia elit rutrum vel id litora laoreet, in', 1092),
(1141, 'dictum scelerisque tincidunt tellus neque con', 1282),
(1142, 'sed varius platea litora ipsum mattis quisque', 1044),
(1143, 'bibendum tortor id elit sapien etiam ante, no', 1015),
(1144, 'scelerisque sollicitudin eros turpis consecte', 1109),
(1145, 'tempus vitae sapien pellentesque placerat met', 1151),
(1146, 'habitasse cursus proin sollicitudin suscipit ', 1126),
(1147, 'massa litora donec integer feugiat, nulla era', 1159),
(1148, 'ante quam curabitur ligula risus leo aliquam ', 1128),
(1149, 'metus pulvinar commodo at magna porta pulvina', 1036),
(1150, 'nostra ligula integer condimentum gravida fer', 1126),
(1151, 'vestibulum curabitur integer purus iaculis po', 1144),
(1152, 'iaculis enim pellentesque eu scelerisque, con', 1227),
(1153, 'fusce tortor accumsan convallis in neque quam', 1137),
(1154, 'tempus auctor pellentesque quisque blandit es', 1107),
(1155, 'lectus ipsum cursus donec ac faucibus adipisc', 1225),
(1156, 'suspendisse sit mollis venenatis tristique se', 1245),
(1157, 'in laoreet cursus sit eget, auctor donec aliq', 1054),
(1158, 'purus massa turpis tellus suscipit eu fames i', 1118),
(1159, 'lacinia aliquet cursus imperdiet massa bibend', 1212),
(1160, 'sit mollis fusce in, velit fusce. ', 1258),
(1161, 'nisi adipiscing aenean tempor leo tellus ultr', 1169),
(1162, 'sociosqu et nostra nam felis scelerisque soll', 1227),
(1163, 'elementum ut risus enim, nostra. ', 1280),
(1164, 'eros purus lacinia sem ligula convallis, conu', 1290),
(1165, 'mauris convallis imperdiet dictum lacus ipsum', 1141),
(1166, 'quisque purus est rhoncus nulla vitae sem, hi', 1215),
(1167, 'magna est consectetur cras sed arcu, aptent i', 1158),
(1168, 'feugiat felis morbi viverra curabitur massa i', 1057),
(1169, 'libero posuere feugiat aliquet nec ultricies ', 1158),
(1170, 'curabitur felis cursus senectus mollis, at se', 1028),
(1171, 'eu egestas at sagittis erat posuere turpis mo', 1091),
(1172, 'nibh arcu amet semper suscipit a, netus proin', 1197),
(1173, 'netus urna etiam sit litora torquent sodales ', 1267),
(1174, 'semper viverra dictumst blandit suspendisse s', 1154),
(1175, 'ligula leo etiam sociosqu interdum semper pla', 1071),
(1176, 'sollicitudin litora fringilla proin in potent', 1209),
(1177, 'convallis iaculis quam fames aliquam, class l', 1068),
(1178, 'tellus suspendisse tempor magna hac cras, ali', 1290),
(1179, 'morbi massa platea potenti enim commodo lobor', 1099),
(1180, 'aliquet donec nisi blandit justo dictumst, ne', 1289),
(1181, 'consectetur congue luctus purus aliquam cubil', 1253),
(1182, 'elementum adipiscing bibendum aenean placerat', 1170),
(1183, 'nec varius taciti hendrerit mauris tellus, in', 1289),
(1184, 'vivamus at fringilla vestibulum magna, auctor', 1191),
(1185, 'sollicitudin per facilisis dapibus rutrum pri', 1228),
(1186, 'fusce feugiat nisl consequat non risus pretiu', 1261),
(1187, 'egestas accumsan adipiscing praesent faucibus', 1112),
(1188, 'velit ad aliquam convallis massa velit tincid', 1018),
(1189, 'lacinia donec tincidunt arcu curabitur ultric', 1174),
(1190, 'quam donec nisi blandit, taciti vitae. ', 1091),
(1191, 'habitasse viverra phasellus et, etiam. ', 1247),
(1192, 'rutrum accumsan suspendisse curabitur phasell', 1182),
(1193, 'elit interdum velit adipiscing condimentum po', 1215),
(1194, 'malesuada diam per ut condimentum rhoncus nos', 1254),
(1195, 'justo placerat mattis consectetur volutpat am', 1112),
(1196, 'nam cubilia volutpat massa elementum arcu, fe', 1056),
(1197, 'lectus luctus et interdum donec luctus incept', 1234),
(1198, 'pellentesque sodales diam fringilla risus tem', 1215),
(1199, 'rhoncus aliquam egestas odio eros purus, ante', 1070),
(1200, 'senectus maecenas dictumst purus dictum males', 1249),
(1201, 'sit nullam est egestas rhoncus torquent, curs', 1177),
(1202, 'tristique morbi quisque a gravida ligula ante', 1287),
(1203, 'placerat aliquam ligula imperdiet tellus at s', 1292),
(1204, 'aptent viverra luctus mollis, euismod. ', 1144),
(1205, 'metus quisque vivamus nullam ac amet, viverra', 1122),
(1206, 'gravida vitae fames fusce dictum gravida sit ', 1008),
(1207, 'nibh sodales blandit velit dictumst feugiat t', 1101),
(1208, 'velit donec mauris sapien curabitur bibendum ', 1282),
(1209, 'curae duis fames blandit commodo dapibus euis', 1269),
(1210, 'taciti sapien conubia purus netus habitant la', 1298),
(1211, 'purus risus dapibus taciti consectetur ultric', 1178),
(1212, 'quisque pretium vulputate felis, congue tellu', 1138),
(1213, 'primis etiam nibh arcu aenean felis semper me', 1075),
(1214, 'torquent nulla et vitae lectus taciti ante fu', 1223),
(1215, 'quam suspendisse viverra ut justo nunc ornare', 1189),
(1216, 'libero aliquet imperdiet lacinia urna at id n', 1010),
(1217, 'facilisis aenean semper id quam interdum susc', 1272),
(1218, 'neque class lorem ut, libero tempor. ', 1160),
(1219, 'at suscipit ullamcorper congue dolor class, q', 1248),
(1220, 'varius tempus ante tempus habitant nam faucib', 1265),
(1221, 'urna habitasse aliquam eleifend, vitae. ', 1191),
(1222, 'eu erat venenatis aptent velit consectetur in', 1026),
(1223, 'fermentum a auctor suspendisse gravida portti', 1092),
(1224, 'netus aliquam ut auctor etiam eros taciti odi', 1092),
(1225, 'adipiscing commodo proin hendrerit dictum eu,', 1226),
(1226, 'risus netus quisque mi non posuere, tempor ne', 1269),
(1227, 'sit vestibulum ad elementum inceptos sceleris', 1247),
(1228, 'hac dapibus cursus lorem posuere sapien purus', 1090),
(1229, 'per cursus quam dapibus congue ultrices dictu', 1043),
(1230, 'ut ultrices fermentum faucibus vehicula aliqu', 1033),
(1231, 'potenti pellentesque rutrum non varius fringi', 1003),
(1232, 'rhoncus est quisque donec fames, felis vestib', 1053),
(1233, 'suscipit per lacinia bibendum, sed. ', 1256),
(1234, 'hendrerit pretium ultrices etiam elit id hend', 1149),
(1235, 'vel dapibus iaculis dolor consequat class lit', 1195),
(1236, 'gravida lacus facilisis aenean donec pretium ', 1067),
(1237, 'condimentum nec maecenas tempor neque, maecen', 1136),
(1238, 'feugiat est lacinia ut nibh odio tellus sed v', 1199),
(1239, 'vestibulum volutpat suspendisse imperdiet sag', 1276),
(1240, 'senectus tempor praesent vel etiam mauris per', 1063),
(1241, 'integer inceptos augue dictumst turpis facili', 1266),
(1242, 'scelerisque quis inceptos eleifend dictum luc', 1066),
(1243, 'orci lectus hac fringilla mi faucibus commodo', 1033),
(1244, 'in lobortis varius scelerisque eget, curabitu', 1259),
(1245, 'hendrerit enim tristique dolor fames praesent', 1231),
(1246, 'iaculis donec arcu et curabitur, tincidunt mo', 1156),
(1247, 'ultrices imperdiet morbi faucibus ut non null', 1103),
(1248, 'litora ut suspendisse dolor est primis velit ', 1182),
(1249, 'pretium dictumst porttitor rutrum nec mattis ', 1152),
(1250, 'sodales ornare iaculis vehicula turpis cursus', 1095),
(1251, 'senectus volutpat lacus gravida leo, neque ma', 1122),
(1252, 'sit tincidunt inceptos sit fringilla himenaeo', 1065),
(1253, 'cras fringilla fames ut donec et vitae rutrum', 1080),
(1254, 'potenti amet maecenas hac, fringilla vitae. ', 1067),
(1255, 'ad quisque fusce gravida elit eleifend enim, ', 1156),
(1256, 'tincidunt mauris dolor odio duis adipiscing d', 1052),
(1257, 'nibh netus curae ut gravida etiam adipiscing,', 1036),
(1258, 'dapibus tortor donec eget amet vulputate, pha', 1238),
(1259, 'tellus mollis class ut mi euismod conubia lit', 1216),
(1260, 'fermentum accumsan gravida urna aenean ornare', 1237),
(1261, 'inceptos tincidunt senectus class, at etiam. ', 1004),
(1262, 'tristique hac molestie volutpat curae faucibu', 1292),
(1263, 'enim tellus habitant tempus sit neque tempor ', 1224),
(1264, 'nulla duis curabitur lobortis, massa. ', 1158),
(1265, 'semper duis auctor molestie ornare condimentu', 1264),
(1266, 'auctor malesuada ut conubia justo hac platea,', 1216),
(1267, 'dictum a sodales eget nulla, eleifend est soc', 1188),
(1268, 'inceptos donec curabitur mollis, dapibus. ', 1189),
(1269, 'ullamcorper quam tellus taciti posuere vitae ', 1186),
(1270, 'pulvinar sed egestas convallis felis nibh aug', 1013),
(1271, 'blandit a metus iaculis, ultrices. ', 1008),
(1272, 'dictumst placerat non etiam, varius. ', 1090),
(1273, 'fames pretium lorem nam dui ultricies aptent,', 1253),
(1274, 'magna dictum pellentesque senectus porttitor ', 1007),
(1275, 'orci accumsan dictumst ligula torquent vehicu', 1258),
(1276, 'nisl taciti donec tristique ornare nostra con', 1124),
(1277, 'viverra netus at convallis posuere tempor lit', 1008),
(1278, 'quam tempor curae per leo vel varius odio cub', 1243),
(1279, 'pulvinar bibendum lobortis volutpat hac eleif', 1293),
(1280, 'sollicitudin mi interdum neque, lacinia. ', 1269),
(1281, 'donec erat id aenean pretium tellus sollicitu', 1219),
(1282, 'purus suspendisse ante aenean nec integer ut ', 1074),
(1283, 'orci duis maecenas pellentesque ornare justo ', 1234),
(1284, 'mi massa magna tempor rutrum etiam ipsum, sol', 1034),
(1285, 'a molestie fringilla ullamcorper metus bibend', 1240),
(1286, 'odio mi curabitur pellentesque turpis sed, ma', 1052),
(1287, 'curabitur interdum condimentum varius eget, s', 1290),
(1288, 'molestie porttitor aliquam dui facilisis arcu', 1050),
(1289, 'dictumst senectus lobortis torquent sapien mo', 1035),
(1290, 'nunc volutpat pellentesque pharetra leo gravi', 1159),
(1291, 'vivamus donec et tellus risus nisi auctor mi ', 1172),
(1292, 'porta orci tortor nibh elementum, facilisis m', 1184),
(1293, 'sed ipsum eget sem hac suspendisse ullamcorpe', 1246),
(1294, 'dictumst pharetra justo dui magna feugiat, ap', 1187),
(1295, 'tortor morbi primis sociosqu, etiam primis al', 1105),
(1296, 'aenean auctor ac lectus aliquam ullamcorper a', 1156),
(1297, 'donec ac risus sit tellus sollicitudin nostra', 1045),
(1298, 'suspendisse et diam imperdiet varius elit mol', 1210),
(1299, 'massa sodales consequat torquent rutrum congu', 1172),
(1300, 'et integer et augue aliquam posuere aenean pe', 1164);

-- --------------------------------------------------------

--
-- Table structure for table `tec_administrativo`
--

CREATE TABLE IF NOT EXISTS `tec_administrativo` (
`codigo` bigint(20) NOT NULL,
  `cpf_pessoa` varchar(15) NOT NULL
) ENGINE=InnoDB AUTO_INCREMENT=7588 DEFAULT CHARSET=utf8;

--
-- Dumping data for table `tec_administrativo`
--

INSERT INTO `tec_administrativo` (`codigo`, `cpf_pessoa`) VALUES
(7230, '030.713.072-09'),
(7468, '103.457.184-26'),
(7393, '112.707.334-51'),
(7562, '113.163.141-18'),
(7446, '115.620.386-63'),
(7323, '117.193.851-71'),
(7301, '124.453.726-68'),
(7432, '124.714.801-11'),
(7563, '126.999.899-36'),
(7311, '128.412.245-75'),
(7430, '136.924.973-30'),
(7440, '141.790.483-57'),
(7388, '142.488.457-36'),
(7386, '150.683.288-97'),
(7470, '150.688.934-78'),
(7451, '152.670.500-97'),
(7509, '153.864.932-91'),
(7355, '154.827.141-57'),
(7302, '154.982.600-10'),
(7427, '157.241.766-25'),
(7341, '167.952.508-30'),
(7406, '169.610.916-69'),
(7337, '173.655.934-57'),
(7526, '176.105.585-54'),
(7407, '180.221.151-63'),
(7384, '199.268.147-93'),
(7369, '200.976.729-57'),
(7495, '203.784.385-31'),
(7551, '203.929.711-62'),
(7413, '204.142.591-56'),
(7471, '204.219.841-95'),
(7342, '204.608.780-11'),
(7502, '206.620.377-82'),
(7461, '213.382.818-32'),
(7506, '213.386.830-40'),
(7231, '214.465.812-92'),
(7496, '214.698.457-39'),
(7567, '217.588.927-81'),
(7328, '219.131.258-69'),
(7321, '227.692.434-97'),
(7439, '232.829.862-77'),
(7580, '235.223.368-77'),
(7523, '235.878.591-85'),
(7456, '236.124.929-33'),
(7424, '241.603.154-46'),
(7401, '245.900.289-42'),
(7442, '250.119.790-71'),
(7511, '250.493.407-41'),
(7475, '256.325.847-92'),
(7357, '263.300.874-72'),
(7392, '264.721.276-83'),
(7570, '269.350.480-24'),
(7464, '298.999.134-32'),
(7420, '299.166.967-37'),
(7566, '301.296.226-34'),
(7543, '301.440.904-10'),
(7390, '302.664.110-92'),
(7435, '303.308.524-39'),
(7320, '304.928.285-23'),
(7510, '312.639.482-19'),
(7520, '323.428.670-62'),
(7387, '325.799.554-61'),
(7312, '327.551.166-85'),
(7429, '327.939.753-37'),
(7362, '330.664.561-89'),
(7505, '331.177.672-99'),
(7491, '338.537.284-18'),
(7308, '341.471.660-30'),
(7226, '342.355.218-29'),
(7318, '344.910.810-41'),
(7488, '348.986.624-23'),
(7481, '350.271.284-36'),
(7572, '351.238.564-65'),
(7504, '352.759.607-39'),
(7537, '353.504.995-26'),
(7419, '357.271.348-80'),
(7408, '358.107.946-96'),
(7534, '361.989.628-92'),
(7499, '367.255.616-42'),
(7340, '374.309.451-53'),
(7227, '375.137.366-77'),
(7310, '375.927.667-79'),
(7484, '376.806.542-80'),
(7366, '377.792.519-92'),
(7501, '383.117.168-11'),
(7367, '383.126.539-75'),
(7436, '383.974.308-34'),
(7524, '387.914.602-44'),
(7576, '387.956.214-91'),
(7512, '388.412.362-13'),
(7319, '400.596.443-46'),
(7541, '401.871.585-66'),
(7441, '404.861.368-63'),
(7224, '406.884.648-07'),
(7455, '408.911.985-44'),
(7382, '414.831.504-67'),
(7378, '418.234.591-16'),
(7538, '418.842.404-29'),
(7333, '420.356.296-22'),
(7575, '423.237.394-13'),
(7571, '426.284.497-67'),
(7339, '426.313.455-97'),
(7372, '432.200.752-31'),
(7585, '432.931.316-99'),
(7377, '437.804.130-20'),
(7476, '447.467.575-38'),
(7347, '452.328.464-49'),
(7500, '455.799.619-50'),
(7587, '456.237.434-40'),
(7374, '461.185.740-51'),
(7416, '462.199.558-87'),
(7411, '462.202.731-31'),
(7329, '463.956.965-26'),
(7389, '465.790.680-54'),
(7453, '466.540.429-60'),
(7579, '467.155.558-20'),
(7385, '472.677.323-70'),
(7417, '477.421.831-93'),
(7445, '477.828.225-31'),
(7431, '478.897.184-14'),
(7335, '480.118.289-40'),
(7394, '483.929.660-90'),
(7546, '485.701.816-95'),
(7351, '487.893.883-16'),
(7375, '491.327.321-49'),
(7553, '494.695.327-19'),
(7354, '498.777.545-75'),
(7332, '500.539.432-53'),
(7457, '503.133.869-52'),
(7438, '503.230.496-93'),
(7507, '505.239.213-83'),
(7521, '508.779.199-14'),
(7494, '510.476.976-17'),
(7316, '512.894.105-76'),
(7234, '514.649.252-24'),
(7415, '515.946.522-78'),
(7564, '517.468.589-63'),
(7383, '518.998.754-34'),
(7469, '519.671.167-68'),
(7545, '524.181.716-36'),
(7373, '526.304.723-23'),
(7236, '528.812.483-30'),
(7569, '533.647.568-84'),
(7558, '544.304.951-38'),
(7304, '544.819.822-30'),
(7309, '553.175.607-91'),
(7574, '556.329.909-86'),
(7410, '557.988.562-73'),
(7547, '558.353.477-97'),
(7353, '558.432.545-13'),
(7334, '558.807.877-99'),
(7573, '559.381.152-15'),
(7307, '560.553.601-53'),
(7458, '564.939.439-92'),
(7402, '567.468.998-97'),
(7346, '571.175.614-58'),
(7447, '574.958.246-19'),
(7459, '577.257.271-14'),
(7314, '581.458.946-47'),
(7437, '586.534.287-48'),
(7540, '597.914.461-43'),
(7358, '598.212.981-76'),
(7315, '598.850.919-73'),
(7560, '599.165.296-65'),
(7452, '603.697.571-16'),
(7463, '603.808.388-75'),
(7497, '604.756.282-54'),
(7535, '609.440.886-95'),
(7466, '611.804.860-41'),
(7544, '612.740.625-70'),
(7397, '613.208.897-20'),
(7559, '614.603.478-37'),
(7330, '618.243.931-18'),
(7554, '622.342.603-86'),
(7306, '623.250.120-44'),
(7233, '626.261.856-20'),
(7542, '630.378.399-57'),
(7527, '632.839.609-66'),
(7584, '633.970.718-67'),
(7403, '638.506.485-20'),
(7528, '640.542.408-24'),
(7515, '647.289.881-88'),
(7485, '647.492.548-15'),
(7418, '652.949.818-11'),
(7522, '653.130.537-76'),
(7443, '653.496.558-22'),
(7391, '659.222.709-31'),
(7232, '660.184.186-22'),
(7398, '663.463.693-77'),
(7578, '664.948.742-72'),
(7371, '665.880.772-22'),
(7404, '665.965.897-35'),
(7489, '667.527.100-34'),
(7348, '667.850.929-12'),
(7519, '667.965.222-79'),
(7518, '669.461.760-30'),
(7487, '669.921.606-82'),
(7421, '670.426.179-97'),
(7379, '675.898.165-48'),
(7414, '679.734.475-46'),
(7508, '680.652.103-38'),
(7359, '681.497.844-15'),
(7548, '683.760.220-33'),
(7568, '685.809.386-14'),
(7483, '688.505.584-45'),
(7550, '699.727.988-86'),
(7326, '699.859.380-68'),
(7361, '700.831.208-82'),
(7338, '702.296.381-48'),
(7498, '706.970.160-30'),
(7472, '707.618.900-79'),
(7352, '707.972.113-32'),
(7365, '714.781.295-74'),
(7345, '719.150.862-18'),
(7467, '722.244.189-75'),
(7454, '723.628.712-98'),
(7303, '723.754.962-46'),
(7478, '730.689.531-75'),
(7422, '735.582.706-80'),
(7327, '737.783.242-85'),
(7561, '741.175.826-23'),
(7363, '742.230.659-13'),
(7324, '744.262.126-83'),
(7350, '744.920.908-45'),
(7525, '745.997.792-70'),
(7449, '747.250.373-16'),
(7229, '748.874.662-77'),
(7552, '761.476.209-80'),
(7583, '762.417.827-17'),
(7581, '764.933.233-16'),
(7412, '765.215.581-78'),
(7376, '765.470.614-40'),
(7336, '768.984.353-58'),
(7450, '770.150.112-47'),
(7325, '773.658.773-46'),
(7539, '773.915.786-17'),
(7305, '792.343.484-46'),
(7349, '792.593.321-83'),
(7425, '793.174.207-85'),
(7486, '798.109.709-31'),
(7529, '801.206.345-79'),
(7517, '803.557.182-85'),
(7356, '803.729.911-89'),
(7492, '810.368.860-52'),
(7473, '810.815.520-86'),
(7503, '815.839.306-92'),
(7322, '819.123.856-69'),
(7530, '825.684.118-33'),
(7364, '828.303.846-56'),
(7368, '828.360.951-87'),
(7428, '830.627.738-10'),
(7360, '832.869.337-32'),
(7479, '836.506.421-26'),
(7460, '844.118.126-94'),
(7423, '845.927.864-91'),
(7462, '846.661.768-94'),
(7444, '847.160.797-49'),
(7396, '847.770.314-29'),
(7235, '847.863.489-45'),
(7344, '849.268.946-63'),
(7313, '850.301.178-27'),
(7556, '851.379.440-39'),
(7549, '853.946.596-88'),
(7493, '854.809.605-46'),
(7380, '855.552.415-16'),
(7480, '856.161.931-34'),
(7370, '893.897.941-21'),
(7474, '899.927.812-84'),
(7399, '899.988.850-51'),
(7555, '905.543.354-24'),
(7516, '907.791.137-15'),
(7490, '912.745.348-45'),
(7343, '913.113.418-10'),
(7514, '922.126.967-19'),
(7434, '932.331.185-85'),
(7531, '933.618.363-71'),
(7448, '936.617.192-66'),
(7482, '936.910.847-62'),
(7477, '943.624.572-57'),
(7577, '944.515.331-51'),
(7426, '944.730.525-29'),
(7565, '953.462.249-68'),
(7225, '955.262.912-86'),
(7433, '955.854.556-45'),
(7405, '959.835.286-35'),
(7400, '961.721.179-86'),
(7536, '961.785.200-43'),
(7395, '963.247.822-44'),
(7381, '965.566.605-15'),
(7586, '969.897.744-89'),
(7317, '970.611.688-18'),
(7465, '974.256.541-30'),
(7228, '975.827.966-16'),
(7409, '981.530.665-98'),
(7533, '984.105.304-62'),
(7582, '984.321.267-81'),
(7513, '984.540.777-35'),
(7532, '989.240.876-60'),
(7557, '990.373.433-33'),
(7331, '996.420.622-97');

-- --------------------------------------------------------

--
-- Table structure for table `tipo_movimentacao`
--

CREATE TABLE IF NOT EXISTS `tipo_movimentacao` (
`codigo` bigint(20) NOT NULL,
  `descricao` varchar(45) NOT NULL
) ENGINE=InnoDB AUTO_INCREMENT=1301 DEFAULT CHARSET=utf8;

--
-- Dumping data for table `tipo_movimentacao`
--

INSERT INTO `tipo_movimentacao` (`codigo`, `descricao`) VALUES
(1001, 'hERqOKTynTfUuhqpuIkxkuhb'),
(1002, 'LgQLKOSpGjdqcBEWH'),
(1003, 'rOPGjxQGIlNKMyQDk'),
(1004, 'rcQXlToovSlcrCRhi'),
(1005, 'EYGnkuXWTO'),
(1006, 'dpRgfOsYcGtVRwnun'),
(1007, 'CnZBUmLokHiYhmo'),
(1008, 'stMKsPrMLjiYDvsfJsGDErSP'),
(1009, 'aOhmcfFwSpOIGAtQJrteKzOc'),
(1010, 'rHxjxxklExn'),
(1011, 'cKCsykZZEPJWjOHICKNT'),
(1012, 'ldPJoanLoXOYAhx'),
(1013, 'gxpWgmfUTNwDBqVNuKwI'),
(1014, 'JuZHiYhqvTwSisZvyTol'),
(1015, 'SNHOAbzWKkGekn'),
(1016, 'ivDDoawxtvSRp'),
(1017, 'cGZQnNqpmnZx'),
(1018, 'eHhrPCVsRVPookhfAoigoYu'),
(1019, 'pJoCJLwNtE'),
(1020, 'ihaBYWqnkBu'),
(1021, 'bJziXyCZNloqVa'),
(1022, 'ItrNByOdwKuKVVemXOMfL'),
(1023, 'IKYUZoPZcxstl'),
(1024, 'RaYoLsYHndTlRFrCQZnOTnd'),
(1025, 'mfgFzszqtxEePDLdGFpx'),
(1026, 'GabGoQzBUiOap'),
(1027, 'zITPbquggXRkExA'),
(1028, 'IhdKNrAnTv'),
(1029, 'IvLbUuUJvleBsctD'),
(1030, 'QdIzkMjYeKlYfHGAtIu'),
(1031, 'DeiPjKhldLSUPBtanCYrn'),
(1032, 'psQVTjEoXhtf'),
(1033, 'CQdOUPGOEhiEvKCMYMcqDYk'),
(1034, 'CyKJRQFtGJhByOpdVxIri'),
(1035, 'ehXgxBeIoHgZq'),
(1036, 'PWrwFzXennijLQAUcEbZLzBQ'),
(1037, 'PxoOOmEKDaqc'),
(1038, 'vqmEzXuaSxFUwqtYhBNEPCsb'),
(1039, 'dEhtHgPYstyq'),
(1040, 'yjledIvwGCYuhNXAOeDtm'),
(1041, 'bsMZLgxcVWlgbpPwMvZKQgxN'),
(1042, 'mRjGdhHvUHhafkVcwcd'),
(1043, 'RAxmzhcFFPlRHvxKCfgw'),
(1044, 'nxSysVUuYFmydyXlBDQrO'),
(1045, 'YjgIMlPiZdFRBYNwtLb'),
(1046, 'kfeiqFLgXAPWKVEwgu'),
(1047, 'gxkXYiLuBwwgHCkQSQ'),
(1048, 'ZNcOJMJoiQINWgXUfg'),
(1049, 'zHcWNKyYArOcrCeflRP'),
(1050, 'ZGjNCpLxuRcUyfRmP'),
(1051, 'kpHYsYAweMnTmn'),
(1052, 'wbcLMzfDCabIRoxhy'),
(1053, 'OxfNYCRLQLYelufnfRNlv'),
(1054, 'lxYcLwkjjZHpMG'),
(1055, 'ErIppMAJSOPKBafSmCQpnm'),
(1056, 'xwyeMlLEPcmfrZGbS'),
(1057, 'QCXRHPdjFtxSSUor'),
(1058, 'aDKFtNSyeSfgKAWmyOUnReTk'),
(1059, 'MdwavvbYgHrTzQYrW'),
(1060, 'bxboVPijGmc'),
(1061, 'OOVkPrFRqMzHFYyEpvIrSJ'),
(1062, 'OyOXfbaXPPTZFkFxArW'),
(1063, 'XUHBkckCVTiJ'),
(1064, 'WGyYHvNwoMczszZ'),
(1065, 'viHqPjBRudMolwGidfgK'),
(1066, 'ThPGjpYJpIfxqwmAX'),
(1067, 'UaRimnPuqUB'),
(1068, 'vvilbsBacQ'),
(1069, 'hnZDzABEuCvDPItkYoLZ'),
(1070, 'giViAwiCmRKARoZrPDMs'),
(1071, 'phHIrFWdFGjNCroYARlsCLjQ'),
(1072, 'BGpnZoCgVlyBiBhOLVrc'),
(1073, 'qDbBVEnfvYGc'),
(1074, 'TbCwiyHGaPihET'),
(1075, 'WWnmzpOuTb'),
(1076, 'oafqoZsRvAqcgqSoy'),
(1077, 'hBtdPGDeuYXvymvE'),
(1078, 'KDVCYvSbCiURHsZiLd'),
(1079, 'sGcMEaicmEGQokLQihJkJSeA'),
(1080, 'wAIiDGAjInOIvRVZx'),
(1081, 'oIxeRFNboFgPfDpNMStmc'),
(1082, 'AQLVHHVftj'),
(1083, 'RoFwcGLINANqQAcJUpLXP'),
(1084, 'ILkpGpJQdAeJWgpHOd'),
(1085, 'BtYcwIXMtUCW'),
(1086, 'ngSUwBKzbPiYVyGJCO'),
(1087, 'WNosvlfPfHLIV'),
(1088, 'AQocBNeqWcmvIVYxhUkvnF'),
(1089, 'suMZguVYVLmYmacDWfP'),
(1090, 'NLqkSlvoyaVQvHQ'),
(1091, 'cLAYxMWKMYnJddcROs'),
(1092, 'HExVcyQTUy'),
(1093, 'wAwWyTIvDutRexUgoJzr'),
(1094, 'dOlfncZhAJEbfA'),
(1095, 'ZjVDEpvIMpOaZnspr'),
(1096, 'BxuDwBegggm'),
(1097, 'GlQCPvRkeDATEzgWOxd'),
(1098, 'VxUrZYyfeKMLWD'),
(1099, 'MZeWdHxWmWdiL'),
(1100, 'lbwJVOIUmOZXAKTeY'),
(1101, 'dcChKZdXWhfHIrJfbFT'),
(1102, 'zgxzdYjXdiDgkfoVfsSb'),
(1103, 'YJhqtnrYgaymyXqwh'),
(1104, 'ApQGAVVwbnocM'),
(1105, 'MUDfhUdoVCBtA'),
(1106, 'QIeqYUXzQSVRfjUSxGMaLU'),
(1107, 'PiPsJjSAaAFryAoXqhTindd'),
(1108, 'AKSAvNvlVkD'),
(1109, 'uwgvWLMvlbtCinLvqPB'),
(1110, 'zuqUhLgdWKJrgPMdByzNzS'),
(1111, 'IfcewRGmqaDlip'),
(1112, 'lmbVDhKqlmPKaoC'),
(1113, 'XIsbfkHrAIVLQk'),
(1114, 'cxeXamIrxU'),
(1115, 'hVvKlstEtyP'),
(1116, 'QpJLbAVeCs'),
(1117, 'ztviLTdRbYmL'),
(1118, 'FfPZDEatUKeVk'),
(1119, 'ZNtinNEvyx'),
(1120, 'pyxCkHhpwgSbgmVRr'),
(1121, 'brQOLZcyDxWbWmAtOLaWax'),
(1122, 'TzjguaxlcP'),
(1123, 'RAbTZFrWHn'),
(1124, 'iHXTIUUfWOFg'),
(1125, 'ZhrlkhncHoVHUnDBBMJiKCQ'),
(1126, 'wWBkBIfAPwMaEZcmoY'),
(1127, 'ilwJMjsUTVKysGaChIIIyfu'),
(1128, 'JuAVIyOQKlAwuTroO'),
(1129, 'NgINJQwrzV'),
(1130, 'TtgoUbXtQNdboAwh'),
(1131, 'LWTzcBnMsJeREBLYHZTIWm'),
(1132, 'KpAZQXgHJcAifcvRu'),
(1133, 'VlKwXIeWCNT'),
(1134, 'mEeNDUKJCtMcCSfYJzdFL'),
(1135, 'cIwgFYTyNfcSSFMDpoXcr'),
(1136, 'UxyEWBjIpmrMtWLmv'),
(1137, 'syqlddPtsNwKnqhLU'),
(1138, 'neMCqepJaaW'),
(1139, 'zpUQBYUqrmdOXqee'),
(1140, 'ZipdVSuaie'),
(1141, 'iawIqrzRpt'),
(1142, 'GGmuEDzIFyRV'),
(1143, 'NNWNVbOeclNsCnkRGs'),
(1144, 'nETShsANRsItgwqTs'),
(1145, 'HwtTkMvxWmeoKsT'),
(1146, 'kaXKNOdvijSzdkQKGk'),
(1147, 'RWZoTmshXKaBVbyFPn'),
(1148, 'lvSdUVnLGUWkLTkZMwsU'),
(1149, 'dVUYWtELGoXbgaW'),
(1150, 'nIJhEUTyfS'),
(1151, 'BlfUpaPnXiSJO'),
(1152, 'GQnGNqTvaba'),
(1153, 'UyaNJBZOwoOmCLvuukBbaOH'),
(1154, 'fBjfCjaxIblrDkfayTmbF'),
(1155, 'waSXbSMJGRkQXNaYlIZ'),
(1156, 'ZCGeDfYPgExDFpAH'),
(1157, 'mqPeBGcpGaBo'),
(1158, 'XoDEsgKrVR'),
(1159, 'tuBJViSizImbooqUpSjpQxS'),
(1160, 'QYfiUXeorGXnOQvo'),
(1161, 'HpMWGHmyQBoouJfsP'),
(1162, 'nMsCeYArNqMbOu'),
(1163, 'BrXiDwZeKozutS'),
(1164, 'HfVaHZZhqNyd'),
(1165, 'mxgOOdWrAWwkkVFEOOmTJ'),
(1166, 'BJmJaZidOuAUi'),
(1167, 'YfGycdJmYoRMcd'),
(1168, 'MqiwDSwCazrvalEpkKV'),
(1169, 'MYsYXHQKKTrxkzTOsqqs'),
(1170, 'IOQUsfedbOPahOXOEHzyZW'),
(1171, 'yQxRgOkWwYNqrTvuUjkU'),
(1172, 'YSfDAFczBLYsiP'),
(1173, 'XZvuYjKpcgKWqVRHT'),
(1174, 'NxjszIUkGmtvLrvhLtrw'),
(1175, 'tCupTphAjQoGZGgIBqoO'),
(1176, 'KAbgIMAZijsLEIEUPfeF'),
(1177, 'KFaRoChCqSnQTtz'),
(1178, 'UyOeQAIyeDokHUEsAFj'),
(1179, 'hqryjEpcYOISmxWcXFBci'),
(1180, 'nPKRhlwrZDIqbRVqTTfCMr'),
(1181, 'JuYoWbxMon'),
(1182, 'gvICMHguYilTzfME'),
(1183, 'zVIiqHxmIVZXiwdDfGp'),
(1184, 'MKKVVEubrZJQUsZlZwxIr'),
(1185, 'FATJdYptLcdwYZat'),
(1186, 'rsJinchycE'),
(1187, 'KWsqwlazkpTVsWsrVsKWKcG'),
(1188, 'pIZNKDJvzcLWnLvybpuulM'),
(1189, 'heveOyKHNsGBdkkyKnkG'),
(1190, 'WcZYrtsDfeLkzPZXz'),
(1191, 'LSmmVxxuhKFNlBPlzgE'),
(1192, 'KJWvUwkTuJzfBMsxjQSqBx'),
(1193, 'NYTYyaCqKmm'),
(1194, 'gJpadZzjBlC'),
(1195, 'utRLUoOHmIGLIjbsvoyCXODb'),
(1196, 'ckpoNoIgftatiIGQoryxt'),
(1197, 'THpwEdZFRbQhpDvYKBsKVB'),
(1198, 'CrHUQenHYUXuzbt'),
(1199, 'TvVaLzwJjXc'),
(1200, 'SDnvUVpLaCtYxqtWsMcliYm'),
(1201, 'xIDHFFByiPTdKjOKLiJjycg'),
(1202, 'OicXgoQEXulDaNciDVmnfb'),
(1203, 'QjHaIJgzypCwvRnaOHmsHZuQ'),
(1204, 'qdQvePmoxmXhsxGIac'),
(1205, 'RpeGXqYEqsv'),
(1206, 'IyKeDAqSXCPeVnKDnMHecML'),
(1207, 'dKEtdZnMyYQcygUwIKAEXlhk'),
(1208, 'PpaCaaFLEZOEmAdlqfKwagfL'),
(1209, 'JISRTQHjRjkRPVwOJab'),
(1210, 'dmAjWXkdcVKM'),
(1211, 'CExtmHkvRclMyZvyaF'),
(1212, 'nfLkcWnfRXSvAwTTJA'),
(1213, 'fsgqeFpAdqf'),
(1214, 'ElsOooctfZlBAIvurWy'),
(1215, 'oFMskcTotYUXkmLy'),
(1216, 'ORGOdhoMDIdzhANNn'),
(1217, 'XqZmJXgGhts'),
(1218, 'UgxAUBIjnmRrLZRyMfE'),
(1219, 'vEWfBdLJxeqrkNSfpBoC'),
(1220, 'gUyfLXSRCCngzsICdsZiI'),
(1221, 'tvjyLLNnzThXZTV'),
(1222, 'LxtYDSqlvuDvClMVHWusIh'),
(1223, 'hbOeaHaSsxmrafImAcP'),
(1224, 'FbIBJFWbneIufwzgezZxWlO'),
(1225, 'qwjRzZNfbvGKbCMoHvIMRiTV'),
(1226, 'SsEehCuEMldMZiNuPyv'),
(1227, 'lKZGtMyBFujyNOC'),
(1228, 'qXzciCOhLCCAaYSmISTbErD'),
(1229, 'MMIzAkuRhTTq'),
(1230, 'IyhkbIlZBxItrKXJ'),
(1231, 'hvaPUBapshimyF'),
(1232, 'XMfYvqYWOGpfrnOFukGkfhk'),
(1233, 'AsDNQiHNVNMqdKn'),
(1234, 'rCYIQNokXUuccFxDXaqOjY'),
(1235, 'fLowPYJIqlGYctnmqi'),
(1236, 'tknQOkRfZbdBgPPCFOm'),
(1237, 'exTdAmqMDyuWJ'),
(1238, 'NySEDRFHsMwipcWBpaZ'),
(1239, 'dzvumZSHVCoJ'),
(1240, 'hnDZTksGHA'),
(1241, 'JxxZxwiBWEViDOQzrfirmwV'),
(1242, 'qgDWOeSxBpxZM'),
(1243, 'AJkwSNkInCNwUaSPliW'),
(1244, 'fKTXivnFualUKvrCjCkwe'),
(1245, 'SYYLOkTKZZvTWDpkjJluEVPV'),
(1246, 'ZxJvCHoAFZpQTZPT'),
(1247, 'JQYYahImBmhriFqG'),
(1248, 'MiWbJCbZsVYiOt'),
(1249, 'EsQFzyRbLZsUFJAUvJQxss'),
(1250, 'rLtqThKMLcCqCbiDN'),
(1251, 'WHMGhGcRxzkQ'),
(1252, 'CBqTvyDhkGKBjMJNzRJhDppk'),
(1253, 'gHRqxOTZfMuEpCO'),
(1254, 'mpgZZTzQDGuSWFkcmbtKQmJW'),
(1255, 'eAoGolTErSEkruNYPGUuRXHT'),
(1256, 'rKDaGCegRLvdEZ'),
(1257, 'wDFNYtLOZGiRDPK'),
(1258, 'huyiabnhSYCWCCqZfVNeoyS'),
(1259, 'ebfIRQCYlaglbu'),
(1260, 'UsVQVxhUDdHIsgB'),
(1261, 'lCMTtDvsOwzZyTttmok'),
(1262, 'MrcpvKYNQzuc'),
(1263, 'hVvKrOyNny'),
(1264, 'hRFtgPBShEiDo'),
(1265, 'qeFLhHScdCt'),
(1266, 'ahfzumqZGwPhoXLxAZDRej'),
(1267, 'lQuoTXIKYQPxkcNkIk'),
(1268, 'QzXBWyBApG'),
(1269, 'RSzmhsjPdhFTEQVsaDDa'),
(1270, 'cXVZwwzLdiCVIPc'),
(1271, 'YSffyYKoTd'),
(1272, 'xGpQJnMIJjiumr'),
(1273, 'iaMlbLdgQCeBQYEfvlumUHYD'),
(1274, 'hMLudJCdvOfgSm'),
(1275, 'uqzkpdqKpKXjsVNJdzvxDeZG'),
(1276, 'NMGFYEZpdkEhBpwlm'),
(1277, 'EitnlSJIvNIcnwOUbNy'),
(1278, 'cBmHINWfZj'),
(1279, 'DseRDXBmtoVwBrlwtYUv'),
(1280, 'wHIfvFkuOV'),
(1281, 'haQLYrXsFTOhkaDDYyYaUGIZ'),
(1282, 'nkwcgujhlU'),
(1283, 'CSyiLnqWnTA'),
(1284, 'szmmgVmhiwEkD'),
(1285, 'uKkpQMioVUClQQfrcxQpKWkW'),
(1286, 'ttIEXHYHRox'),
(1287, 'wMzqoKgfPyinoxXlIU'),
(1288, 'boYFlGESySqcpc'),
(1289, 'FrnMwdkFqzcnKLhaMv'),
(1290, 'sHEXzdQPffSIKkVxHZHmpgoD'),
(1291, 'aLRMhQfOvcnySdEYVmIfif'),
(1292, 'iNZxToaLoLCbSsgHNjUmc'),
(1293, 'QaTdJZmPMuCMRwaShoEKpxcw'),
(1294, 'QFYcIWTIQWs'),
(1295, 'ihCCKothomoDQYTnbqrSWq'),
(1296, 'EmNndKFTSNvuxKOEYbTCRSw'),
(1297, 'TMwMIMHmZvz'),
(1298, 'ffWXSrspbh'),
(1299, 'aiNDaFZfzLBltoSGongrtln'),
(1300, 'eFJtGRnHZbkZGk');

-- --------------------------------------------------------

--
-- Table structure for table `tipo_requerimento_processo`
--

CREATE TABLE IF NOT EXISTS `tipo_requerimento_processo` (
`codigo` bigint(20) NOT NULL,
  `descricao` varchar(45) NOT NULL
) ENGINE=InnoDB AUTO_INCREMENT=1301 DEFAULT CHARSET=utf8;

--
-- Dumping data for table `tipo_requerimento_processo`
--

INSERT INTO `tipo_requerimento_processo` (`codigo`, `descricao`) VALUES
(1001, 'SdJSTEGXHUhrilGexXw'),
(1002, 'WVgSmdqmLdTEgDwZicXP'),
(1003, 'ehfqNjNLGwHBCAOGQarUUWax'),
(1004, 'aFvYurcBwtpGham'),
(1005, 'INhiCNZCfTwbUTtVzO'),
(1006, 'TgVvDpKjxLwctkjCMXCocwL'),
(1007, 'qFyleneYtau'),
(1008, 'qehOQDQkOZMAWpPZLAdcfBok'),
(1009, 'tiiuDgKHnzyRpIFovglKV'),
(1010, 'wvoyBQNLEgUNA'),
(1011, 'TlfgKEYamDpIKAtF'),
(1012, 'PbaoCQbovijiIGbUMiFq'),
(1013, 'FDLUlvvFahub'),
(1014, 'JDZKSuTbDCIF'),
(1015, 'uOcLVIpGDBbYgbgA'),
(1016, 'pkHoVzIOBm'),
(1017, 'jRMEFPqAxFgagi'),
(1018, 'mkfNnuXUJSusGVEXfwKJbzZC'),
(1019, 'EJXLRWYccLpxJkgCFyjBdgGz'),
(1020, 'pBqpdmUNkFEgDGjpWGZhNB'),
(1021, 'mLnpRTPIjqYztltgvZLCD'),
(1022, 'LTpsSwfujrfwHXq'),
(1023, 'FzMEZgPsnlsZOVrz'),
(1024, 'HRHdXbmohJVeZrKzeoyke'),
(1025, 'xqjwefOEUvvCztEMHLvDPv'),
(1026, 'AUZPtkUlIkvfpAUTvppXPIB'),
(1027, 'qnXTdsPDnOtHZnSHy'),
(1028, 'NNPHGkXWiMFKoV'),
(1029, 'lPbEEERtXzskraIGNwvudFrZ'),
(1030, 'eFysAwDpxhUcZnZyGkQGT'),
(1031, 'tqROtxftljYKCyhf'),
(1032, 'FnIHnWHMCSCiMZCcRqvow'),
(1033, 'AGNlimsnaXBJFOFmAhfdq'),
(1034, 'dSTUipjFeKlRVteoHfmiOR'),
(1035, 'ueyBjBRbEJUzSjIxosIgockD'),
(1036, 'pPSeHQyMoZWQRXvBRUtb'),
(1037, 'RqWAwlCHOmWDealVyX'),
(1038, 'yUapRwQJrkLU'),
(1039, 'bRCycefQqc'),
(1040, 'vdGqBEAayBppXgZo'),
(1041, 'KitMaVlcaqTrtoM'),
(1042, 'VdYzEYXfoncvnqMY'),
(1043, 'gKAcWDcmwtGLgcGka'),
(1044, 'OYdUmrWIEnu'),
(1045, 'NAnnDjQFwnZcYgfFqf'),
(1046, 'eeOZrfVZKjunWVAkyKad'),
(1047, 'odjmjoSzuDEy'),
(1048, 'DQxzPiIjvFeWPCG'),
(1049, 'GNeJXrSmjrGMWfezWCYLKH'),
(1050, 'fmaccDISjwXTupLGzdnlZtq'),
(1051, 'pSybCfXIrXKuAtnKQ'),
(1052, 'DkAoRZseksyBR'),
(1053, 'tpPWvNENKohlIuVyFzJfN'),
(1054, 'egEpydQqRkFHgauLN'),
(1055, 'ZVqIpmhVLQa'),
(1056, 'qfFVvdYmuPwZwCaRo'),
(1057, 'WnKmWaydVjTWIjbofwsdI'),
(1058, 'TfMqINhWCekmqgmPkhZdd'),
(1059, 'nfWsCowlaqqNHZAPVcT'),
(1060, 'ojmBZwIYAMG'),
(1061, 'SChvQDGRUXEBWfqShjYwt'),
(1062, 'XsHGrhtXWlzdG'),
(1063, 'GniBkNchStZaDX'),
(1064, 'XivqPbHXvETHeWou'),
(1065, 'BDeMqhTjBTjeRHcZcs'),
(1066, 'eZNzEHgIDudhWGmIXuCgV'),
(1067, 'qanXcmauceuPEYwL'),
(1068, 'agLicruLpPovKKMKXJN'),
(1069, 'KinPCctBzfjzl'),
(1070, 'IomcZBSoXCZJnXtahdjuSLx'),
(1071, 'nWrwwCreQDhQe'),
(1072, 'fcBeLPbeQjhZEaLbmZYDwugN'),
(1073, 'XrFOwETygYjWZnNiv'),
(1074, 'MvyOIxMmUgsHFpYkeuPXT'),
(1075, 'WcTVqGeLtRhSFPqsbkzuSeKQ'),
(1076, 'OlfMecIhVDxBIj'),
(1077, 'zqNfgdyioXCgbmXrajwNnyv'),
(1078, 'tZTVHcRhtEnAILIW'),
(1079, 'kdKxabyjxlxVGSpGLln'),
(1080, 'cvhGIHptqmcBpMYpNwylI'),
(1081, 'gpOwVAHjpJFxqneGHvSJWiv'),
(1082, 'xjrWuaSBpHXliFvxpaUFoZl'),
(1083, 'ueFqmalKkDGFDzgThefpJAN'),
(1084, 'BIEPIQKcUpthqFRBiygMYmGf'),
(1085, 'LvbmjZNREDzuoC'),
(1086, 'DWxUCpwLNCxMPe'),
(1087, 'gPohcxhPpLsPgGswkoTfQi'),
(1088, 'CWeZIUeAaTOiVmqLBc'),
(1089, 'qiLJEVXybOG'),
(1090, 'qCIqkCuLDozMkLcWne'),
(1091, 'EnLnSHlqJZ'),
(1092, 'mqyUHJxcuaqUMBGOxTTxygj'),
(1093, 'YRWoAWlNnKIUtfXOgnIS'),
(1094, 'oHmiBJGHTsGKpVlmgYzQH'),
(1095, 'kNrYTFGMtVtGdUq'),
(1096, 'CjcjUsegEledbMylzPks'),
(1097, 'QeOMyuQtKAVUDeP'),
(1098, 'jVzuaDvMbHlQSElJJavhvlA'),
(1099, 'MwaqBPlKKLe'),
(1100, 'oAxpiIgansJWseeOqFUc'),
(1101, 'UsCKEmupqf'),
(1102, 'RCUZlbZytIvMNzBeev'),
(1103, 'fpzIaeVuumAZ'),
(1104, 'cTcoUbMoKh'),
(1105, 'yHCCLYJRnj'),
(1106, 'nnvIIHjHKmBNAwPnK'),
(1107, 'vMYcpANnkFBtfPHAy'),
(1108, 'iHXTUyGuUvHFVc'),
(1109, 'TeHuSVExxYDnFdM'),
(1110, 'mtSfoqLIlhqQcsiWxQrqMVO'),
(1111, 'TrxzvjuHDmNR'),
(1112, 'yzOFQEIjNEGDVXpRLz'),
(1113, 'dWkzfEhIQUzusZiYPMGY'),
(1114, 'lFdgCsYoRJsOTRTxY'),
(1115, 'oSbIlbQjRDPPdavghY'),
(1116, 'fmqOEfHwYfuAtnCby'),
(1117, 'SHvvxlyxGEFFdKSuzw'),
(1118, 'gTylnZFACHZgzGCVd'),
(1119, 'uBuZgZcRRxqoXxivJvuoW'),
(1120, 'VVdvCFrFtLhOKnONfFkvUhSc'),
(1121, 'ByXQvUMrYhTDzzXkHL'),
(1122, 'VzHafSvaaodDQCAGXvsptAj'),
(1123, 'ZIUkqGelfMllFHlFVoiLQJsO'),
(1124, 'LexlnvlVpvl'),
(1125, 'zxbmImRpxwlMFXDoqssbwQm'),
(1126, 'lxFBTRwtoyFXKxniUzVz'),
(1127, 'yNNRfOnWbXhzDIsu'),
(1128, 'LJDrGoPUwJt'),
(1129, 'iQQWDIcrWYtTfSw'),
(1130, 'kRTWAxnhLcbiMvAVlrRPZ'),
(1131, 'hVRAPXslLDdFAEdNLPQNXDj'),
(1132, 'yvQpkPisLaSAXlMJP'),
(1133, 'ppusdfiUTgxdEVyulIktaV'),
(1134, 'TwrfjbUYqjsJnyR'),
(1135, 'sXEvCAUXLDhf'),
(1136, 'dzxzRCISxHjGaTUzLb'),
(1137, 'IGnlghiSKqYotxMTpoBiMj'),
(1138, 'sjlnIWoAFUOQbWZ'),
(1139, 'GpSVIqHBGWdOJmgbwspfpDG'),
(1140, 'yuLArKvYaoTJEBllyoZhBgj'),
(1141, 'zydOcKJAfubwfwugKoPpQaAo'),
(1142, 'AwQHGOgfSVhDEI'),
(1143, 'YJeegzkRNagDaHSphog'),
(1144, 'VVVaOQhrvQZuzeyGDJxrJ'),
(1145, 'UKkMasbhhWcdWRUeip'),
(1146, 'iJuniaRSxiCbcnmPnFQuMNx'),
(1147, 'KoKOxaJGKdTSdKLBSoDVBP'),
(1148, 'PuBjhpHXZWIOuIxasAUl'),
(1149, 'EXgxlJtMyeBTFLbVtY'),
(1150, 'pGJKpgLIHFUmkRsHcbbPAfq'),
(1151, 'LcvGvuBLbkvqrgZ'),
(1152, 'MTkWKDENFFCfKTAvVVcrqDcr'),
(1153, 'yHfFHdrAookRSXwyACjtc'),
(1154, 'oYHGolIGZhoeNVifvwt'),
(1155, 'nmEKLemUxpzMohsDsbj'),
(1156, 'jywWtEbPavvoHZY'),
(1157, 'dlnBBNnQUGunIEF'),
(1158, 'cbOvGPkHlFVTFUmIgzjHmx'),
(1159, 'geSuMwZDybsUHheo'),
(1160, 'KkmqeyYlXiSjGrq'),
(1161, 'jKwFKaeLsYsAdGTORfeW'),
(1162, 'dhBlaLSrcCANZgxaki'),
(1163, 'iATlhMZYSeUwhbX'),
(1164, 'cJltLOTyNaVNkdg'),
(1165, 'EZELMDKEIFaPHYi'),
(1166, 'IuctiWSWWNKgRQzvPdhB'),
(1167, 'SgpxheegnNOIQiQMaNJ'),
(1168, 'xQGnpcdskFacLpzTuDZIr'),
(1169, 'qhWhUXUDMsttGIvJbFpbH'),
(1170, 'rhUMLUucIL'),
(1171, 'FSeDNIqgbJMKe'),
(1172, 'MKKOsLfAGSlAmojY'),
(1173, 'PREtEmJKosxYxSLhD'),
(1174, 'ApFaWxmxJAGIZwzDP'),
(1175, 'QzOeRlcpeNx'),
(1176, 'nXYSYUpkrZLYHKvgolke'),
(1177, 'ZiCllRqZoYnmXflRuvjt'),
(1178, 'ibRDhgOslzr'),
(1179, 'bCGSSGhRTuOYFGs'),
(1180, 'QMiYOZCVgr'),
(1181, 'rQFLRirKbXSSQm'),
(1182, 'PRniTeUbdIaFEhXSyNy'),
(1183, 'FGCpHAhAruhg'),
(1184, 'vofzjgCRhiwof'),
(1185, 'NSNXyuzNbZVBqp'),
(1186, 'xBeLGEUNgMUpjjuyWnlU'),
(1187, 'GuzHuvjLKSimXUTBOGIB'),
(1188, 'XKLsjIGvCsbXSIrnSc'),
(1189, 'LlkIfejUKSvmQgYjpGPKjhMg'),
(1190, 'vynnBlYMvGSzQMkJixzpvIFc'),
(1191, 'qlFcsFxRSLsdJfzq'),
(1192, 'YhKjQTGqjcYOfwfqchJIFABq'),
(1193, 'FaYeqWdxHmoBTEKWDzbZEsc'),
(1194, 'cKrClHwQHuVYrYwYlKAf'),
(1195, 'kcSKdRowUayEsb'),
(1196, 'ZxHHRDFjBchNMHTbSVTCYL'),
(1197, 'vFSTkkVbksJSkmytOABBmj'),
(1198, 'obphEoTwKyoDJzz'),
(1199, 'JRuBcGZwuAXWMgqaiGiN'),
(1200, 'cjFByjkXIVHApjCWjYqJWmw'),
(1201, 'DxmjFZfIjKj'),
(1202, 'TtFCpncExFBGERqAeME'),
(1203, 'jQSPQXxaHGIBaodpBgU'),
(1204, 'LvFpnVQsIvaSlSIcPfcxMKYN'),
(1205, 'cdAjXzVtelHabZJxZBISjLHp'),
(1206, 'ecydPwgSXqQwljBwQByQl'),
(1207, 'QMEIWppldunBycYFVVVLrgU'),
(1208, 'CLubBFWrsAZoQpzTJMuiPs'),
(1209, 'KoIvGPqysbTtDypVRQVfG'),
(1210, 'EzUrUdhnQSBzn'),
(1211, 'pEGHGzbjYqfP'),
(1212, 'bVNlzmgRgkZt'),
(1213, 'RVAfdQJJxp'),
(1214, 'yzhPEXWFSJRs'),
(1215, 'YkdijxjbsKgvAPfYeoxDwniu'),
(1216, 'OnTGGQEQTNaq'),
(1217, 'bJHhfiXlgbzDFWQOqaCEUjkK'),
(1218, 'bEBcVzeEglKojVvkvYQrP'),
(1219, 'IPhmKrxufyZHAUgFzn'),
(1220, 'jCafXkAVbSLGABONlfkGkJ'),
(1221, 'SkAYPZlGiOGoLROHSGs'),
(1222, 'hTnUfsfMDOrvYRtNQ'),
(1223, 'uZuaofRcMKJfjRYwMeP'),
(1224, 'QsGiOFZitQONQiNenFhapR'),
(1225, 'zIeWuiMmZeS'),
(1226, 'SxhbQYPEOXrT'),
(1227, 'XbknSqMBuJWCv'),
(1228, 'BzbJszQtqOiU'),
(1229, 'gmwqjyBwrRjSmSPPnY'),
(1230, 'NaZgAQzQEILhOY'),
(1231, 'ficHEtzOmLGbATZRHZ'),
(1232, 'NzHnqmVctKaYQjaxOuXCHI'),
(1233, 'IjcIbJISxiAK'),
(1234, 'MFBfqCegLfEzzBchk'),
(1235, 'PtnyuXhnupNfO'),
(1236, 'LqFbTJiFOMfonhvys'),
(1237, 'SFKnDRAYgodVO'),
(1238, 'mtPfdYKSKPgYXCwpOoVyC'),
(1239, 'pcxwqBsfpEyfJCduu'),
(1240, 'kBMhdjxSysqaSGcpctQuy'),
(1241, 'YXmIzpcUdmv'),
(1242, 'uzZRrxkIxcoAsrUjLtqKqC'),
(1243, 'QSvLVIhMdGLUYjf'),
(1244, 'HiVhAmbKYvaJLDdCvyn'),
(1245, 'hudkbPfaYkHFsD'),
(1246, 'TQPEPkFyWiByDaMVihYti'),
(1247, 'yjNJQtbtgVkVAZgfycnaB'),
(1248, 'boMjvLCEAbNnKEGMYMHiIh'),
(1249, 'PnFRBGttHHfQ'),
(1250, 'RtHruvEeZl'),
(1251, 'YXygGGovTUnuAHOhoUYsLr'),
(1252, 'dLvIQvTGtRfzxLOTFIhaiOOq'),
(1253, 'IpvtGvxsQf'),
(1254, 'lZQEQVeoGShl'),
(1255, 'olKdaagIqCcWXzpOF'),
(1256, 'ZEpEukJIRCQcdfoNi'),
(1257, 'OpXeRZbPyrDeQD'),
(1258, 'fidqRLhtCkwHykQNYfK'),
(1259, 'XKfNjwqnmU'),
(1260, 'scYITKPnmaJUyUKmSQXWOHb'),
(1261, 'QxReKMadOZMIJCVWC'),
(1262, 'QbzBnsrlogTqHKOzOyl'),
(1263, 'CZNoHxQDusiluIMIaeTpk'),
(1264, 'FRxtqlSBZuBNJjlzMFSUQ'),
(1265, 'DCUDHOSRByJYS'),
(1266, 'jKCjfdXOni'),
(1267, 'ZNgUDtxgobNcUF'),
(1268, 'spCkpLVRVaVSOibciO'),
(1269, 'dsCAyQBmTvRx'),
(1270, 'gZZwLUoGUkzJtBMBpVEIx'),
(1271, 'hoHthdlERsD'),
(1272, 'OoLcVGmvqFWchmXLUvRbJy'),
(1273, 'RBGvtYZkNoVPkCcF'),
(1274, 'ICUPOSBJnsLXRgOtNkMMjW'),
(1275, 'ySpIvsonaQhQEZron'),
(1276, 'ZkCgYVTjHGtEgRxwASOO'),
(1277, 'PEnFjnXxAIx'),
(1278, 'kDKfxTNemskePGEIvsOl'),
(1279, 'cRhpPEQxcBHFmNdfBhsTrwJY'),
(1280, 'ruugFriwyx'),
(1281, 'doJfQrLcfOiGW'),
(1282, 'znXjmYAGtGmKPJjmV'),
(1283, 'BEtrWetbTCIPc'),
(1284, 'darpZRWsyjdo'),
(1285, 'nAOActTtpYNrSpZHshLsyb'),
(1286, 'qYKPhOdZbEOBGhv'),
(1287, 'wuNNmcNUuUFNsHgIFQxMEBMF'),
(1288, 'AhLHDLeXySj'),
(1289, 'FeWzJJSqPAWGYIlAv'),
(1290, 'FVZrDCcHzBAIcfMYEwIwNy'),
(1291, 'JeWsqwNhcJgtmIwUhXuQZADY'),
(1292, 'aGBOezxjwQz'),
(1293, 'DHVnOoAwKvEHPvHqZFuZmW'),
(1294, 'rwlASbaLFIGTwUtTFOymE'),
(1295, 'UUTApSMmGeISFAUFlAoStKM'),
(1296, 'DrBbEfVyaOZpHLBnPjguK'),
(1297, 'aWAoOUYBGC'),
(1298, 'hExnzWnnVCUHeixopRYpSV'),
(1299, 'hJKgkrIdzmBMMxZZtCUaGd'),
(1300, 'VspTIhOzoykvIBdM');

--
-- Indexes for dumped tables
--

--
-- Indexes for table `aluno`
--
ALTER TABLE `aluno`
 ADD PRIMARY KEY (`matricula`), ADD UNIQUE KEY `matricula_UNIQUE` (`matricula`), ADD KEY `fk_aluno_pessoa1_idx` (`cpf_pessoa`);

--
-- Indexes for table `documento`
--
ALTER TABLE `documento`
 ADD PRIMARY KEY (`numero_documento`,`codigo_processo`), ADD KEY `fk_table1_processo1_idx` (`codigo_processo`);

--
-- Indexes for table `movimentacao`
--
ALTER TABLE `movimentacao`
 ADD PRIMARY KEY (`codigo`), ADD KEY `fk_movimentacao_tipo_movimentacao1_idx` (`codigo_tipo_movimentacao`);

--
-- Indexes for table `movimentacao_has_processo`
--
ALTER TABLE `movimentacao_has_processo`
 ADD PRIMARY KEY (`codigo_movimentacao`,`codigo_processo`), ADD KEY `fk_movimentacao_has_processo_processo1_idx` (`codigo_processo`), ADD KEY `fk_movimentacao_has_processo_movimentacao1_idx` (`codigo_movimentacao`);

--
-- Indexes for table `orgao`
--
ALTER TABLE `orgao`
 ADD PRIMARY KEY (`codigo`);

--
-- Indexes for table `parecer_professor`
--
ALTER TABLE `parecer_professor`
 ADD PRIMARY KEY (`id`), ADD KEY `fk_processo_has_professor_professor1_idx` (`num_siad_professor`), ADD KEY `fk_processo_has_professor_processo1_idx` (`codigo_processo`);

--
-- Indexes for table `parecer_tec_administrativo`
--
ALTER TABLE `parecer_tec_administrativo`
 ADD PRIMARY KEY (`id`), ADD KEY `fk_processo_has_tec_administrativo_tec_administrativo1_idx` (`tec_administrativo_codigo`), ADD KEY `fk_processo_has_tec_administrativo_processo1_idx` (`codigo_processo`);

--
-- Indexes for table `pessoa`
--
ALTER TABLE `pessoa`
 ADD PRIMARY KEY (`cpf`), ADD UNIQUE KEY `cpf_UNIQUE` (`cpf`), ADD KEY `fk_pessoa_orgao1_idx` (`orgao_codigo`);

--
-- Indexes for table `processo`
--
ALTER TABLE `processo`
 ADD PRIMARY KEY (`codigo`), ADD KEY `fk_processo_requerimento_idx` (`codigo_requerimento`), ADD KEY `fk_processo_pessoa1_idx` (`pessoa_cpf`);

--
-- Indexes for table `professor`
--
ALTER TABLE `professor`
 ADD PRIMARY KEY (`num_siad`), ADD UNIQUE KEY `num_siad_UNIQUE` (`num_siad`), ADD KEY `fk_professor_pessoa1_idx` (`cpf_pessoa`);

--
-- Indexes for table `requerimento`
--
ALTER TABLE `requerimento`
 ADD PRIMARY KEY (`codigo`), ADD KEY `fk_requerimento_tipo_requerimento_processo1_idx` (`codigo_tipo_requerimento_processo`);

--
-- Indexes for table `tec_administrativo`
--
ALTER TABLE `tec_administrativo`
 ADD PRIMARY KEY (`codigo`), ADD KEY `fk_tec_administrativo_pessoa1_idx` (`cpf_pessoa`);

--
-- Indexes for table `tipo_movimentacao`
--
ALTER TABLE `tipo_movimentacao`
 ADD PRIMARY KEY (`codigo`);

--
-- Indexes for table `tipo_requerimento_processo`
--
ALTER TABLE `tipo_requerimento_processo`
 ADD PRIMARY KEY (`codigo`);

--
-- AUTO_INCREMENT for dumped tables
--

--
-- AUTO_INCREMENT for table `documento`
--
ALTER TABLE `documento`
MODIFY `numero_documento` bigint(20) NOT NULL AUTO_INCREMENT;
--
-- AUTO_INCREMENT for table `movimentacao`
--
ALTER TABLE `movimentacao`
MODIFY `codigo` bigint(20) NOT NULL AUTO_INCREMENT,AUTO_INCREMENT=1301;
--
-- AUTO_INCREMENT for table `orgao`
--
ALTER TABLE `orgao`
MODIFY `codigo` bigint(20) NOT NULL AUTO_INCREMENT,AUTO_INCREMENT=301;
--
-- AUTO_INCREMENT for table `parecer_professor`
--
ALTER TABLE `parecer_professor`
MODIFY `id` int(11) NOT NULL AUTO_INCREMENT,AUTO_INCREMENT=101;
--
-- AUTO_INCREMENT for table `parecer_tec_administrativo`
--
ALTER TABLE `parecer_tec_administrativo`
MODIFY `id` int(11) NOT NULL AUTO_INCREMENT,AUTO_INCREMENT=101;
--
-- AUTO_INCREMENT for table `processo`
--
ALTER TABLE `processo`
MODIFY `codigo` bigint(20) NOT NULL AUTO_INCREMENT,AUTO_INCREMENT=230669910256552;
--
-- AUTO_INCREMENT for table `requerimento`
--
ALTER TABLE `requerimento`
MODIFY `codigo` bigint(20) NOT NULL AUTO_INCREMENT,AUTO_INCREMENT=1301;
--
-- AUTO_INCREMENT for table `tec_administrativo`
--
ALTER TABLE `tec_administrativo`
MODIFY `codigo` bigint(20) NOT NULL AUTO_INCREMENT,AUTO_INCREMENT=7588;
--
-- AUTO_INCREMENT for table `tipo_movimentacao`
--
ALTER TABLE `tipo_movimentacao`
MODIFY `codigo` bigint(20) NOT NULL AUTO_INCREMENT,AUTO_INCREMENT=1301;
--
-- AUTO_INCREMENT for table `tipo_requerimento_processo`
--
ALTER TABLE `tipo_requerimento_processo`
MODIFY `codigo` bigint(20) NOT NULL AUTO_INCREMENT,AUTO_INCREMENT=1301;
/*!40101 SET CHARACTER_SET_CLIENT=@OLD_CHARACTER_SET_CLIENT */;
/*!40101 SET CHARACTER_SET_RESULTS=@OLD_CHARACTER_SET_RESULTS */;
/*!40101 SET COLLATION_CONNECTION=@OLD_COLLATION_CONNECTION */;
